charge_cycles,avg_temp_c,max_temp_c,internal_resistance_ohm,voltage_drop_v,discharge_rate_c,capacity_throughput_kwh,soh
1126,16.324963131303004,35.8125578943336,0.2949117322445618,0.9078866506825742,3.7535408310914913,83175.8781217809,58.38339568078899
1459,32.64791270909793,38.621331501248,0.3947546140681052,1.1271807091692,1.1447696475372575,98014.66768104874,51.3231676063837
860,44.980604986975045,60.19314071358256,0.30459319292073633,0.81746887166027,2.029010127949943,29164.756190192424,69.50605937534235
1294,31.67419744311539,47.400932547610545,0.36848107940584063,1.080109888784735,1.8733373532645246,90877.95987640266,54.93534643466575
1130,29.196303542440003,47.92293670657013,0.33744322847453173,0.9528554116670267,1.9182529315474754,47497.675376428575,63.075314439999374
1095,24.385645695167625,26.935535922848466,0.3097616154213755,0.9226559063717666,0.9393346342975657,48021.88115326084,65.09905052413318
1044,18.61567736359393,36.31254745564007,0.29883527443832103,0.8824092548228768,3.3476550409325174,73413.63537930472,65.61000939700821
121,36.93071014374845,48.420781398864854,0.15168182174608744,0.31826338329198384,0.6251818505522734,6232.199168463658,87.95967126075968
466,20.77797083356891,34.163764812953815,0.18618938049309672,0.4886567428625737,2.3487931270450493,14859.876254985507,82.56614613058483
1238,18.458460637418533,32.05892562559714,0.32323069130471016,0.9647090597912391,2.8165743581564193,53794.576263257666,61.650574529117684
330,27.652879791915375,44.40924028164047,0.17598402683619035,0.4490386835865227,1.22614303320607,20164.607863420035,84.40235172387902
1482,38.86025513877292,46.86158693763691,0.44493320656521307,1.2255969452385516,3.6704756723457845,49957.04833584004,52.64270740032051
87,37.35193644360661,52.546857861086494,0.14456284115634227,0.3337772698252447,3.4349222245867757,4742.505708717661,85.79327559745462
1396,16.646478439394247,28.160884414393795,0.33296220587227576,1.0737720492908087,2.1487930531937387,83430.1344795203,57.58527278797796
1123,28.654310551084684,44.935402808580946,0.34431741682263844,0.9781565998497121,1.9390212631904855,47382.37826671583,63.33110274239614
871,30.67303728213507,50.50286587199747,0.2785185967972763,0.7878839321909761,1.32798773823885,51993.50399324743,67.52923506645035
130,34.33639951877466,39.948117832042364,0.16732992594250626,0.33355193214457424,3.054976286257373,8997.347786890572,86.08299341161218
1332,34.50502051329684,54.4086960613768,0.3865736755402533,1.1031951965678037,0.9611032987118745,64742.975165933836,59.078022319931335
769,25.940917483719176,29.55753626080911,0.23883482802758016,0.6954788569336606,2.8808321384532407,33947.86366851276,70.44206304236272
343,31.82031582010542,33.86203168239207,0.16159365674062334,0.40834476031763306,3.4485994514144473,12882.3665832946,82.48453351277708
1437,29.431856515322593,32.22677136652356,0.41166112065740396,1.1929923299600589,1.299650515709583,79337.1637281784,53.12052312490181
805,41.549950695698435,49.702033980960145,0.30515895125056963,0.8102365289992666,3.532495910145647,55539.04493355832,64.18194578140825
385,30.907953979047004,44.300267931258816,0.2110760968157609,0.48440833329057176,0.6166311980382796,15874.729393314985,86.9326951562225
1215,28.23096485244485,31.473496588426144,0.3495711745606253,0.99272951137042,3.694755848852839,54446.30811564119,60.15931721973484
955,27.134563490455523,29.236548151987733,0.2947038281471142,0.8246455893877276,0.914267797479543,43291.36846301173,67.15484871577002
276,32.17283278300397,51.04047129526228,0.1657184776444224,0.4214592040492992,2.7601571227831143,14639.210316529736,80.5274465818882
1184,39.11930938202693,55.91398882894566,0.3584557163514617,1.0136413632308339,1.3752886411987963,43121.81052479237,61.157948532930135
459,31.152044711423628,47.71734179192619,0.20017979387826912,0.52470389690965,3.4279333690936484,30344.74601431181,77.02913104058138
1337,34.84965525241625,52.76929221145184,0.3892739438280728,1.1074058782016698,2.293051263204133,53186.01225115719,58.09723981088562
21,37.13567300719575,51.73628991709363,0.12003233814527048,0.22668616184541393,0.9733441693627547,1265.630825441516,91.27554964220917
252,30.605043296361956,34.48431763182742,0.14491719312398407,0.38232785737594993,2.4984704996409244,12766.518346422356,85.02354676396723
747,27.804511699645932,36.988315084972946,0.25660778973943366,0.704711640176399,1.927589135689441,40558.275485225466,71.63472281049935
856,41.29996133587348,56.316652092236815,0.2951379666848127,0.7829846963706033,2.815067358145854,29087.25402180856,69.3572379558439
474,27.525182520836765,34.57120281508414,0.16745598779227283,0.459897059872121,3.586661496672108,29270.04979682264,80.5998181325153
1082,28.85828551726763,43.2316000717199,0.3296422449411054,0.9289099170530536,1.9328619591419647,37254.37008020635,67.61743752455803
510,44.710239400253315,47.15121146907106,0.23033988841933636,0.58754706402756,1.5145823783685088,15643.577759499698,76.82514832219786
1499,15.007125707276538,22.517597843109215,0.3864321459614604,1.1292689391196207,0.5508028308466308,78448.62851666458,57.34737534139509
699,20.564187287301674,32.44853334029078,0.23730685563976317,0.6647379481808444,2.511936632509562,42264.9349352724,75.73096354569138
975,26.518916697591774,39.896533628704134,0.30087373351041186,0.8534932752494642,1.9079616860100175,26814.24702619439,70.07704157441736
189,42.97769728275759,55.36442924307198,0.19872357296908016,0.40298369669994294,1.8112722665519005,5380.785726188123,83.31321875573855
957,17.10089117242413,31.66050414174586,0.2742212638451245,0.8194622806620528,1.1402736244947438,62333.19793547823,69.57038403817184
686,15.284563008854942,17.394160477172043,0.21491273034272404,0.6296420280857226,2.00519370816946,44899.821593101486,76.31515906030609
957,16.580515079316857,20.397456678912242,0.2813977543728029,0.8261407253540908,3.945546837541789,35662.830711277034,68.89130276048549
562,17.656302318408546,35.297298859433155,0.19715813101567917,0.572074695876316,1.5421395378528553,31337.91249868572,79.02042826962962
1267,16.127903196187827,30.39937878981073,0.3472607417663157,1.0342090282425893,2.598965446928351,59750.457760414174,57.56691717210764
831,29.39343980569514,33.426209374043346,0.2622988205356351,0.7674949945116921,3.2177040846048337,47063.520520315964,70.94309956442186
1154,32.42271621681983,49.58005608999426,0.3331236879589963,0.9681149293264872,3.122052381117861,78638.13469252529,58.824571022061875
646,23.150609132070123,29.510771052912325,0.23315931317740243,0.6286503609973466,1.6507100062240676,18729.362514006883,76.01327927809834
20,26.948621519269068,37.55729943478309,0.09624913364515211,0.2105431594791186,2.6380102923089765,1277.9844259884542,93.88463031150967
840,17.750980053342904,22.36451728526679,0.259592946171113,0.7262453603479632,3.5494263984455503,41707.22238988365,73.18231295601036
166,25.091113914852663,39.873094930443386,0.13708225629180898,0.3339223004124289,0.5540659970657729,8832.25363322457,91.3668654495958
1297,30.675575749035694,44.67895532729251,0.3638062686377948,1.0817937566584042,2.0250702489515766,74832.44869711025,55.00171711490813
387,36.96815421553936,42.76817869652981,0.2050080100334131,0.4936405599203528,1.2849569638466685,27527.757935648227,79.038564513452
600,15.100390861289377,32.64160466471541,0.18785485726473639,0.5744179936718828,1.8602130163959363,16701.598606552136,80.85778710213826
315,29.019322996129578,38.2428314320844,0.16103964672962215,0.4042019759852434,1.9559636279133459,8339.252545960051,86.8526350874966
13,23.910086293646465,31.175357932919816,0.09804829520317228,0.2267540525470194,3.1133483767532293,440.87015796770277,93.62570053265954
241,40.58465465075704,45.326587261118675,0.1801585874922363,0.43777724755217234,0.828376553384051,17911.695098622175,88.00743168215011
776,36.46659945702726,43.25762368230693,0.2750968135441759,0.7542411357196499,2.2940436609637866,47144.9630542577,66.55735710202788
1369,32.673256034126844,35.06974061615555,0.3934776717069848,1.0883569653855985,2.4746817712956086,76297.18459928066,53.51914687639098
564,23.317969370903207,35.81660423511329,0.21332060289228932,0.5929986197914581,2.2295516124313153,15426.50130629589,76.83516608458766
897,42.31017306172603,59.47032649591709,0.3293140142069335,0.8663013326241912,3.0615563857195203,61853.09354159947,63.042394274743685
1363,16.353020316609694,28.234668406559244,0.35435318716176933,1.0738935640586649,1.8432693956739659,89464.37955220141,58.348506037764885
91,18.284027960373454,24.230959275003215,0.11671369023258821,0.2898068705331527,3.807384722740266,5299.840199595236,92.96864967213811
1390,26.748904216210683,29.354949424060393,0.3907050635613603,1.1081760354792816,2.1863120488862946,58319.59167618684,56.54388129809383
955,18.73312671890569,24.596432037564142,0.30140602627074287,0.8449524946209731,2.4992486836517913,27241.611628384286,67.11253343343182
1478,43.692470926782754,53.18265663206242,0.43171236165454274,1.2314583128042134,3.389357881713623,79814.84425587817,47.42471155188443
1451,38.9396796643015,54.61268538089784,0.4138757721140731,1.1974499162062149,1.4633263707589286,88488.84115948377,50.65978607381215
508,22.76947954805441,28.150650893734344,0.20971590131854617,0.5658199810623749,0.7632071006698087,15093.704902122085,80.44176606355657
775,32.65662686919736,47.612873029581706,0.2741675794558074,0.7213411908769513,2.977243924268689,43933.49681719172,69.1763219178646
34,44.46991545240245,62.07471788273635,0.1585564230726439,0.28305843227478705,2.1905414944193256,1336.8223154081695,85.9050558342528
205,41.525969343945086,51.69701260989551,0.18121992666778516,0.40175478549020927,3.6377648783564815,12958.503267503069,81.58451421411243
1104,33.02395339326594,49.80972924283262,0.315780285872537,0.9241518278215612,3.939380170528519,57386.794953221404,62.35385406872351
1411,42.11171901525812,54.09555127988984,0.4201866558008281,1.1666165515154485,1.896882727011552,44378.54538002631,55.02651013768012
1025,44.675547294400765,58.14318236185706,0.3474632535683164,0.9108602047180466,1.954036556908813,52609.12169632835,59.11618232804405
1021,37.300584686808726,48.77359697289637,0.3301322383982571,0.9132979075857166,1.9278691077200425,45727.36687487099,62.60928471999088
1413,16.94959228448682,27.286701186010973,0.3651767540277398,1.1056154118071788,1.6359393840582415,48067.14915909871,59.91246926132734
565,27.047407092764622,33.27116904472991,0.20117337890758596,0.5732045410201126,3.235904842182391,37897.81920475498,76.96707865281964
1129,40.13477205849736,47.59226512879619,0.36481131328937794,1.0012422511397356,3.1564851687175466,28847.55591777624,60.002889608827914
702,21.91707587415057,29.13653801513553,0.23797183602923608,0.660893207481523,2.175257046926837,28505.70251842152,76.5288686110453
401,39.91927553251874,52.058476289687405,0.22105811803901174,0.5158945740992253,0.6563142573261456,10277.530515297007,81.02787388009789
729,18.61016286104988,22.7693293354799,0.21763277047934726,0.6749106310413893,1.583457555295757,21724.453200149266,73.91461943431605
161,16.40836071443439,34.91061114707642,0.12008806632432147,0.29335850985858236,1.5230606629419312,6416.624564343302,90.96925454448775
201,26.522718344737488,41.494510959833526,0.14089884331400934,0.340095127987571,3.3388053617009046,5570.425413163204,86.59923166651829
995,16.101958122798408,25.327979479235893,0.2826417963448521,0.861855111922372,0.8065145069566115,54557.368984767774,70.1094298964411
269,43.71810788949977,48.573342490974575,0.18900461943719063,0.4234650583044356,3.3198638266494647,7893.306112414159,82.83066402795727
815,39.786170873818975,57.66202992880842,0.29800842102243924,0.7816377523541159,2.8421427826970005,48969.83058819338,63.98473943000244
1294,39.02309061389625,55.85109623571722,0.3852174500178767,1.0716215426391915,3.0635451069565725,35755.944686977324,58.15909502532578
455,33.89333768988459,48.88432563879382,0.1982675261292123,0.4842566017293789,2.012746156547582,12724.277356724951,80.85178249433639
1485,21.489720691096604,28.377567544498966,0.39084369557005516,1.1605462816439702,2.8790402860061537,59795.44800322003,55.131140726223926
1275,30.547811000291766,39.79185047409781,0.3639538766292285,1.0265322166835034,2.6316013064742054,89031.43471679144,54.06761653961662
1016,32.918222172910234,36.76769071705385,0.31820250813453166,0.8933346184143092,3.191430683300203,57982.77703514448,62.57233866297716
295,30.750945025808043,36.15365647090361,0.13862377529121467,0.40646130055027985,2.0636944206388823,18734.43655595156,86.91431064994613
719,22.80700103854582,38.90130051024701,0.24624036291277873,0.6388049608318616,2.1548896871370586,23063.798335701962,76.02649939346887
337,30.457437729441775,45.32813466875408,0.17516823928541575,0.4368635474624933,2.752516779589371,22480.013550216096,82.30852339116176
878,29.735590226058797,42.41833395962562,0.2715896447119349,0.7861540383136215,0.878271227832359,22307.620295726923,71.66506963647247
1076,44.890073274201725,63.01315434087284,0.36420578171688484,0.9237799596916662,2.0268555692751105,38362.48546943573,62.859037748572725
791,41.923084441386116,54.42188176202093,0.29840982616030154,0.8012170986008066,3.9018279584093194,44141.45130148224,64.06231870330097
216,28.901422446468597,39.30684644581359,0.14772964293018864,0.37127341225229604,0.6314331202101596,9452.661212815745,87.14251504908755
763,33.68812148805356,41.814794921557294,0.25845454918090693,0.7370097154557262,1.6060165300323783,56621.977894063195,67.85549589207129
187,37.43614812276686,56.36422122601796,0.16405260359232746,0.36038416704856435,1.5993843668127976,4958.671957751275,86.87246889396056
379,16.04595480701475,19.53483311445311,0.15912297045990562,0.433681149146363,2.7171244173252043,28398.43528239749,85.81347541464253
492,41.8476432368352,60.603615933929746,0.2413386293035882,0.5831876280683245,0.8703012579844897,27641.244688388375,76.2525047469269
1064,40.803804492537715,57.68466837129604,0.3399702538364706,0.9763284855547956,2.699904108076014,56323.21211251234,58.68447521419455
1180,28.722962933211218,33.06170157485384,0.3553951472150724,1.0248362838680283,0.8326408422806679,33011.23411127449,66.20597762875612
14,26.735092982411395,38.90481142056596,0.10086765593146513,0.2292881411079331,0.8323377659641585,541.3302136661235,94.851848755332
64,23.188781245689448,40.78664491717301,0.0957192446459547,0.24555112900816134,3.048641750159688,4558.920602533106,92.44723436056773
520,29.30030484991105,41.592869794839814,0.20127778214504932,0.5622314148057579,1.6344731084147872,22210.396082920353,79.44517076512447
1367,16.331299905997103,34.66089669408831,0.3554384844206381,1.1211572777245948,3.920980316998117,79398.99625193661,56.7770090497492
1152,40.565806000410234,59.539514703099,0.3608764669102332,1.0015061561534209,0.6307352775244423,86370.98978411837,57.45401812329983
647,16.062671052556354,25.66559245187386,0.21480395351262047,0.61748393213752,2.0578733230129793,24685.305242515056,78.13430948325626
1495,24.87154096109613,33.66318686640996,0.3978393416110078,1.1686352420009096,0.8959757818590828,80437.04570633342,53.08052655310586
1086,42.947684649569695,61.80146542101451,0.36286855445978267,0.9745405703021279,1.7298263836533803,64966.572143730176,57.29239652214624
1162,37.056379635703586,51.20890073639761,0.35390181828678147,0.9777417455771137,3.993778577131677,38614.84302545062,58.19891574117988
592,23.441728817325803,27.530137081592848,0.19532069498593743,0.5811066807446624,3.610948791084861,19200.707885406988,78.13417483511617
391,22.579472818826552,25.340724304834815,0.17214797875299517,0.4343256419077634,0.6691354309938892,18695.81967291729,86.80070363763272
418,15.152464194540778,27.315787112491513,0.14383714151141674,0.43459455802557345,2.471395453389892,18513.481704769147,83.87414827636059
288,35.871428785492505,54.61450616338415,0.182056767380962,0.44836077795170115,2.767378066885525,17484.702290745317,83.59167729538711
378,16.46350745019519,33.65998409349992,0.16909894489023952,0.46150120695503444,1.2333711838254398,10763.71578037828,85.25703397095378
230,30.978075582022864,45.143335018380924,0.14809390630122055,0.36046019516043165,1.0078695068875758,16929.91617301794,84.17850913449328
1017,43.86365917776149,48.36774445780107,0.35531288521944154,0.9285349720549971,3.665333971329332,26150.984518724574,63.160359289328035
40,18.284065801633616,24.860230709110137,0.10299644405055156,0.2603024265945061,3.8908575451918184,2202.6336486723026,94.7312051853546
1051,41.83439792904203,59.59360000698912,0.3559335974122346,0.9233122829742131,3.9716250006187463,55841.342912831264,57.743566074164264
134,44.74426005435144,50.03479031417565,0.1681841586730492,0.33132911744943244,3.264166208071221,4252.595396827162,82.49587098155347
200,16.84551078717705,23.857420135684873,0.1137633698168359,0.2979233647366531,2.8222572429184,6509.159827135298,91.12548896422271
779,41.487188074123836,45.81999979564179,0.296582530426389,0.7672854792263338,1.7100558826754928,50349.78814960071,66.17432101351768
929,30.4823706133085,44.6523187787679,0.2905187321589336,0.7930877172455966,1.0998940931366334,64452.27619326913,67.37587717008324
1056,42.1954115833374,61.187093079875176,0.3467696682277083,0.9575836337285696,0.7764320977818109,41343.295798663035,64.79557583910078
1071,32.13956825758722,38.98099282630417,0.32676562658713826,0.9020329027274486,2.926541139930222,50227.97027019554,63.26199962161549
502,34.86336030319694,45.42067924449827,0.23137367917436283,0.5829355261640979,3.246531953127754,21460.375530062673,77.955128899607
406,31.313367239921977,44.731482554723655,0.20113000453907726,0.49217454342850464,3.3925877835924303,11622.704363629033,82.02914960521669
804,40.93478640922046,60.925178877101814,0.2918639148353172,0.7705267561855861,3.698177511563295,47162.81068983554,67.70400822848666
98,37.01729756861105,40.90384273856735,0.12411852320182057,0.2560753096490098,3.5797534727343074,6493.4453805478815,87.95154933949355
683,30.637809365412448,41.61208375651521,0.24152334406553289,0.6830543377828385,3.999094452903324,27486.630054909725,74.31041593725716
725,41.044824121546405,49.976986279791404,0.284131871137937,0.7117282853980963,1.3542240383853794,54018.87251911354,69.15135560156457
960,22.358565967660038,39.94332894166243,0.2895182345457859,0.810097547034069,3.171576653242737,27640.874749553037,69.97822062093148
612,19.720219791075777,30.287638949285583,0.1968082202380229,0.6285500445536694,2.552608293311792,35550.79584272434,82.39732986119556
1485,19.81200315990216,23.80959860243483,0.3685581265951155,1.1473558981332908,1.4143579635875383,70405.9300785621,56.51220701117144
642,25.020266362357138,38.43990097751564,0.23039562422628884,0.6525230772372081,3.9366686280042997,30385.92102552365,72.53193090737943
1028,22.160700939030527,38.03475206778036,0.2893508302009033,0.8675988241683219,3.6426433667098825,49222.98466412397,65.49207975521541
1241,42.902710515292156,44.95457304527322,0.37439745642220856,1.0366273365069223,0.9498048395544075,47076.20406437863,58.202292853849485
502,18.17502281485752,35.63624315242885,0.19347612291754157,0.5068343503519497,0.5915541981319694,30510.626966039035,81.77241406615627
766,35.96972214118763,41.318136141289614,0.287161832086532,0.7450177907553253,2.909157668164369,46786.38094905653,69.81098801195891
397,20.676646193550177,32.61389475731098,0.16324627211673737,0.4351323396495736,2.614457200997873,15530.582635600666,86.04648492077149
870,41.44911398311051,50.93346899548461,0.3064506248900993,0.7973784464194288,3.775354684389011,58085.83104734258,63.392649082991234
794,43.839458645547225,58.793227344536774,0.2957364506312508,0.740819994178107,1.3190185050612944,32428.744262918102,67.20530470706437
392,28.964100263099507,37.64500932924286,0.18468615947923386,0.4807129105709906,0.7953578176324547,24011.82523013623,82.94497941156202
206,41.37214440684395,59.02788158711475,0.17435027357525087,0.42308857124081795,1.4072536682019527,6396.297605374284,84.27396009939305
1038,15.154355122641443,30.303289619899665,0.2954736995236844,0.8809311738889503,0.566246741790122,34705.6152615144,70.66665953020352
891,39.598407522243,53.25724460137559,0.3006575715771901,0.8150732781355938,0.6256246291612635,36343.69596284259,68.20354533788577
1484,21.858754845747704,38.19108556587908,0.3752647343463347,1.1431062437593988,3.7020023207226584,81165.43356095532,54.559781067147114
863,42.261039278081036,57.83345390679192,0.32402217789219967,0.7730710672227676,1.732058038756574,49428.82059840587,65.93239612479702
742,15.033603344403284,17.680499492991245,0.2393614259337071,0.675557002682461,1.9378315035338822,33254.81397999332,75.14949051008878
1264,31.68545205119271,40.790670420399614,0.35513452538989143,1.0032279125634629,0.5643007908833655,36519.43447658449,60.20165178941666
563,37.69907411354804,56.45360546524486,0.23935446831485566,0.6151136125358724,1.446826230601463,24592.81545641019,76.1974006532987
1020,22.76064992093724,27.02368676279731,0.30962832148773556,0.874354466011918,3.3165409430950086,60627.14331391673,64.10453581294207
95,20.793985937618793,36.06172384539572,0.11807841132049797,0.26230800276044675,2.6542183588335173,5562.228440369001,90.9733290451783
484,17.52294673403954,37.06559933807547,0.18646602656737193,0.5195971659706183,3.1382321038024537,15976.753199571716,83.24398585428918
1430,24.79300729509879,27.732582617908278,0.38388374567428013,1.134726077869275,2.0652480927782477,36306.55387423115,56.40446581958691
230,31.795329369264884,46.07481922054387,0.17686369798914936,0.4346089183761078,1.584052276129655,14409.288598905343,84.00543979700586
748,18.47531570340773,28.902090246826276,0.23875922013141004,0.6994394141666266,2.189835326649296,22678.169422808114,76.2086240646853
1194,26.30086085960396,38.72601545634896,0.336252129126001,0.9854420107519386,1.6307487394201292,34766.243894667845,63.16035058845432
540,15.272172139581748,18.808316196299597,0.19725510156761944,0.5337558324081155,3.436398838359238,13572.932854522414,80.76499024875123
1059,39.560382614995255,42.33450774860017,0.34188135164950473,0.9123888395972559,1.54185800457496,49381.240209419295,62.31816362563361
524,18.853461542795742,32.85706143271233,0.1960049003581277,0.5567828405784854,2.809172741585793,26285.51420360134,81.14295283964542
1183,23.50028844796745,40.31985818474037,0.335632068911847,0.9719570952454079,0.9794377780833474,67292.82832968913,61.75835530890302
1266,15.552831562146524,31.629107590939938,0.33927341886196216,1.0185154144568866,2.9040327280721847,50390.841117106684,58.94109155452878
1109,27.96722351677537,39.755726618367646,0.31794988449955863,0.9446998718829015,3.6965489906001183,67118.05052364695,59.8219313972133
577,40.20364508223656,44.00124786268777,0.23129622629277302,0.5780926960484913,2.630041041239679,19310.224086190265,76.51824300851433
681,26.7645363433559,41.14933633240415,0.2540703999190477,0.7052251876034371,2.45949383012067,45354.26130840733,73.78571887652532
556,20.384919702715003,26.738919606689628,0.20446568502332169,0.587146457766966,3.863913938075741,29797.38354315439,79.08414809242979
1012,37.610965021515575,56.01020167132848,0.33533040281711696,0.8661076789407874,2.695887943605462,54844.82506262565,63.907826397265794
645,38.66420945612233,55.75298592794502,0.2387308267104684,0.6915388410307817,1.408426516455789,22890.257094376237,75.15898443459407
795,20.212604259227003,34.98149766680004,0.260092039605599,0.736537973908348,1.5233685834670914,22820.822784690434,75.28616843143999
1051,38.125623256229694,57.20485046119004,0.3312363900589017,0.9083129020622229,2.9685732488757455,50696.28840188929,60.318968090513984
1363,43.41893664769014,45.98452943489305,0.40137569162728987,1.1372320744248463,3.074028078622652,76028.95452350877,47.822869039341285
1354,19.99132760796817,35.24293525906189,0.36014892353961653,1.0542292155087651,1.5622368112615532,40284.64525139611,59.22231460785866
1371,38.12952877596407,46.073898804019365,0.3906792554465029,1.1281376735996744,1.7087039227421557,99434.13822890582,49.90097508635946
1496,36.25716013807888,54.566346080433455,0.4216970032939017,1.1885664747859759,3.9686977805868047,110734.99414541395,45.0
1254,29.207216653052654,36.00737019296825,0.35785104983596044,1.0714284505125646,0.856833923530971,65550.13480110925,58.75911747619475
189,16.73761381676395,31.785030804434257,0.13187918668586673,0.3350570279011681,1.9162575995403475,13703.153517333689,89.0838474316467
1248,17.24083253273562,35.03847888644968,0.34921511008686595,1.0312545931456958,0.7185663591912761,42397.382825045235,65.4012224523164
1408,40.57243977595943,43.322262506847714,0.42756003748033466,1.1605507429833588,3.3737742669938435,36989.616236638554,52.14909323793684
1400,44.70445118251941,53.862107615176065,0.3967637525710777,1.1524464235631604,0.8232104363090129,37758.667470327295,56.371806644514564
1306,35.281567715602634,51.00313029199753,0.37241146713277234,1.0690421592892845,2.859025747619489,71014.56490656867,54.387824067688435
632,28.378749210309643,38.56728922144621,0.21040863078239566,0.5770533227724359,0.6976919840121871,17747.883516603622,77.81680913884709
627,34.42720930205723,41.23775663834194,0.23231899585976415,0.624807540633952,2.8549926323339188,45725.40477393513,71.85861428221712
972,32.83187577685636,38.788372055673776,0.3035685694446744,0.8917045047108602,3.4506293142469615,31197.954042906775,63.12060776604502
1282,26.508367812168654,30.875696616663454,0.36352235177660674,1.0662063626527942,1.895875344234201,51582.731867995935,60.78297748088298
1382,16.968784337220388,34.39711641463347,0.35513823632951536,1.0713863822172884,2.327442727012619,91385.98011808588,57.93675185400079
709,39.64538842222323,52.00178568075123,0.26617007613496,0.6656207761419334,1.9053960830184886,25479.3444540401,72.17768470385279
1479,26.155005877161738,29.529934887007947,0.3999276585863211,1.1548633667389727,1.5517106552142361,54942.51750271549,55.61493709085816
1434,39.563569300712814,48.45001512498425,0.3988340421493475,1.1240713704985277,3.3114219021949487,81903.552130216,49.74463678178694
648,22.57526249065147,31.194468205143444,0.2163645934516643,0.5819373520133272,1.452009008058464,25145.189267052097,77.19900004008032
317,15.030884395369002,20.302189828139333,0.1384262025325643,0.4086232656423832,3.0303019853630646,11371.54499902205,88.29929212596663
1248,19.768148498302697,29.607285756802128,0.33711227711029196,1.0049824804599539,1.2216897773932078,47060.68937267303,63.78011735264017
1257,29.05618250305753,37.03397108013399,0.36028190490837053,1.0710404548569235,1.3744882862741536,62262.195333564676,54.64849194701931
683,43.3291090487349,51.481575747594185,0.28826471599480025,0.6991648212178077,1.677614069020243,50067.310653780114,67.56880603507486
663,18.06580859081157,33.36828663099483,0.22781497879243406,0.6385323558557382,2.562047320878259,44163.68776275472,72.37234416704025
1397,40.62629323384698,46.64503417294051,0.4029594862227746,1.1144678964323913,2.090478117058394,54805.026979528375,56.396370841447215
1495,30.81072288635586,44.36420214575226,0.408008155178197,1.1757123189905117,3.1080068343973712,64537.1473352328,51.83168118114738
1256,39.7776229739969,52.04931620385373,0.37746085457707257,1.0509108262538354,1.2474855511766731,60571.36933165606,57.55159948087121
1136,23.951232929699778,36.17689815178139,0.3199609406941921,0.9308600494767975,0.5373530074709194,84003.20395056506,61.31223638521074
441,40.19841494017415,54.13254717072612,0.22132198813855739,0.5430571983785788,3.21795115124827,14826.20982680253,79.56374536798772
563,38.184683400504134,50.0555600520259,0.2203715712712992,0.6090780767905868,3.3757726685802534,24138.149363296503,76.68452679917378
1291,21.901610490943018,39.72820255817794,0.36081036486195084,1.066700789543432,0.7081805708793634,79359.45436658425,58.1851830405804
1409,18.94005379228134,33.10049544738602,0.3866156154917162,1.1121520469082333,2.6381763275543877,103134.83607924706,55.06165006795119
1410,41.041629675968785,52.88696820065377,0.4113848539452194,1.1570547422969901,1.8237237435557727,46225.102499878754,54.68649991755387
1136,43.897099603203955,60.832835768381564,0.36210055495522964,1.0048025934454643,3.278634793180809,41315.18139823884,56.89128908178229
951,15.939069412425487,28.849707581228124,0.2736485812969377,0.8294930277049155,3.5604509396876747,34506.781767264954,70.07296328201247
1104,36.93810200921057,44.178698469343786,0.35487006378802327,0.954220942852545,3.4785131837903718,28755.44802796246,62.887533388535765
698,42.285735328434555,48.013443855612834,0.27092853348869667,0.7184775292824408,3.2202148657279825,38533.63531183514,69.32688082962991
112,40.72080276277496,45.46270290470318,0.16318105718656728,0.3472401988076348,1.4416828005975704,6555.937215217005,86.42417706015154
1,43.935614168106255,62.125807993936085,0.14295617506074496,0.2506276278021154,3.3416137524891085,55.12629450626267,90.85879195155046
641,37.802822353142915,52.5852601255081,0.27742175914633277,0.705309270227314,2.3671746656720245,18310.901810680698,71.64764512409165
219,28.26896287142731,47.14177475838508,0.14705130559123167,0.3670924308781274,0.6846481519123179,6233.069876914667,84.5828014723159
854,24.358559714853914,37.21781221772289,0.24975711495249947,0.7064807258164688,2.0992859746438715,30333.505876899097,75.29011506934185
1248,24.622282213143823,35.14349808005225,0.3345151732194326,0.9947411366490918,3.7975527096049766,49314.377779612274,58.590369882323145
384,36.73268017842351,39.807576979899515,0.20038464273084863,0.49485872210871784,3.607507724074434,24701.638193472907,78.35824481075902
1426,37.37511036092893,51.46467142875746,0.4202290416620653,1.1625583604181264,0.8579249834899061,47014.52594789807,54.55698437142265
1153,21.01077430646138,33.49053198228954,0.31609645720871554,0.9650803171604292,3.104443400000296,31366.916275317726,67.10098265443938
1076,41.04368440471593,60.86744448929312,0.3449780443106785,0.9696630229863763,3.3202750308538214,48096.52791496237,62.445312426747996
729,36.44772120606743,42.7525792061478,0.27554386978545065,0.7146028405642839,1.4498586588286768,33402.494601672995,69.87909260538964
1439,31.88250859030148,43.435780985464525,0.3919126911718184,1.1360507189791071,2.150629997593823,68417.78298269527,55.77550807147912
246,29.145973803075382,42.86320583520069,0.15137925361420257,0.3774304108696567,2.98845779512289,16320.913591531711,87.22543587776612
835,31.296984173698743,44.89962531906093,0.2679167014712949,0.7514984304494203,2.036645210874018,24966.726070861816,71.80391930580483
1462,19.777372148377935,31.880655921449183,0.39373702522558146,1.1454343923946593,0.8947892160330193,88008.16622504544,55.613592170523496
202,21.111037478288225,37.095741664178284,0.14803880307454015,0.2842706315029823,2.9705885563860255,8463.250267557436,89.88308217218551
1207,17.73493471218575,23.424596483668445,0.3110757195294409,0.9911871009473214,3.690735414073562,48882.301233880615,62.54271387341935
122,19.60974114483338,34.67103074977287,0.11219762729978452,0.2834455120353043,2.7836965494215513,8738.513069124478,90.66323592983083
400,28.61080903815848,41.76603132395408,0.20129420782696641,0.49798684715377817,3.2083026199916187,14969.37048833484,81.94356006034835
766,30.910631811847683,49.03998382415,0.26900821545991777,0.7357132411529403,1.7542688748023998,43758.96929349773,68.6054520022156
293,15.53585677434958,32.78535667695405,0.13477932121870823,0.37733403049176806,1.141193857943222,11355.621645559748,88.7204478380515
279,38.90393483592083,46.57658154030679,0.16814624847573267,0.40476918127797024,2.749707815664024,14049.657162833373,81.25217508330178
883,23.825039200304335,30.79731104985709,0.2857795239188373,0.7760225089747658,1.647199220444266,56789.83120812567,70.83647304525176
197,42.35508104879733,62.02484087814139,0.17771531424703965,0.35528612156653366,3.5102573164642745,13609.966856635168,82.3186947606129
981,44.025337908413334,55.51611116488795,0.3195208119394092,0.8487373957282032,0.929198174923023,65663.09963647221,63.05217599827204
751,20.56376624029963,38.87934359075949,0.25322644301934916,0.681938250289016,2.017122949065933,40635.88664223123,73.37591337939811
143,28.86291872296982,33.8127771510185,0.12032180182836096,0.3146046053548525,1.8885466016393504,5354.036654668288,89.44880902582197
608,15.036955054992777,28.607695521395915,0.19946904856831144,0.5970553212172617,3.783188487438754,35301.494851160714,77.99151259208674
1224,32.949817953672806,49.527301326163354,0.3580534888736243,1.0016282045590137,1.0359718021154136,74046.188801712,57.250152354510426
1147,33.21919344788014,52.27230794043618,0.36202220018423864,0.9399535574123385,0.5344638875420383,29288.185633009307,63.97846298877204
186,22.426198668101254,30.498321206407674,0.12944193541740098,0.3299127368909187,1.3332982448249115,8734.657751666433,89.72516990884198
1349,31.752380177495937,46.80204123612888,0.38065833349198464,1.087959155877195,3.370969009190291,90603.02478832801,51.644404885782706
463,21.766204273312063,33.464838436025204,0.1725016250976472,0.483276700383174,1.2326263561645596,22908.952853026545,83.78471797005325
1372,19.8247640723457,22.91608474154213,0.35764555135410536,1.0970934111402137,1.3430732229691895,55660.35533240383,58.99823602641593
659,34.54558400406794,48.96557927562892,0.2427182133993295,0.6576349085886525,0.9546458158788378,45200.736555262636,76.00973255285861
763,24.777763918562247,39.19950196684343,0.24450330417707755,0.6790763720420915,3.0040267114678914,25021.84861076209,74.96237783761775
954,32.707918166568675,51.45884065380634,0.3062786815820561,0.8250061572192865,0.7421096667689602,33697.43758625276,66.56363105939376
402,27.99740246914967,38.949026500191174,0.16205304107987342,0.45001142215614903,1.6592290581498257,23866.184575416282,83.91679129304768
1369,44.53054222208712,50.675058794876385,0.39775878199000525,1.1067822831442133,1.4887455431733758,58349.24019749405,53.12680988076573
146,19.487419280026973,22.289568102103196,0.1170646498239824,0.29742962730822653,2.4430590542655417,8855.022900856588,90.85406195722554
1171,28.937957899074306,38.41951725942061,0.34328846262918794,1.0008689960430648,3.0564569275690743,38508.54702474325,60.94505173743135
863,35.413698790779755,42.84819939217479,0.2910930695951206,0.7669160352821558,2.3650675214386156,32460.411216276498,65.62940659930022
488,26.86635251639906,42.56594202482882,0.2009247601349485,0.5380653008581177,3.7585909754127367,16022.19603207266,79.49966139059633
928,44.240995556120694,52.617815323259535,0.3199908249756889,0.8734899896242145,3.830049236105662,67415.03854934685,58.453554962220565
550,36.65662883780805,55.73991037147524,0.23312821164331948,0.5980301072556211,1.765128649744804,24898.608923400414,77.22947700149561
337,34.70951572693479,54.031099380714906,0.19116045365649173,0.47862416229014315,3.2218813169621248,14107.155481987307,81.68979258847321
871,37.7117780283367,50.88813265225545,0.30389489334355,0.8073284221699508,3.085804841438664,22393.503901236803,67.35444883869
640,43.57945914116151,62.2953443074294,0.25826933416773806,0.6693397625897584,3.6253760709668956,20909.3625411484,74.89402406615379
472,42.2345595895392,57.929937790800125,0.2380200665749079,0.5832397785367329,2.0678027407269615,21738.80620732299,74.81686082449322
150,36.728559243792354,48.572032781344625,0.1550282054326179,0.3345937977538788,2.356656155192273,4263.7709442892055,86.09355143905314
1438,37.47484917303849,42.720392010648496,0.4248718379094747,1.2248597258351694,1.9552100975355091,72672.157791497,49.36553843728304
1321,19.377662221054365,29.632425204303484,0.3672840487547795,1.080692462112374,3.4763192175489697,63078.76971057677,60.70598835315468
262,18.08377213477997,30.179512475307085,0.12414027705582749,0.37982804244133145,1.3039581037674703,16599.902638511012,90.97459373622642
143,32.12713505532493,49.67844350855511,0.13426399472196276,0.3397372725935707,1.3389817738485563,8292.589315012265,86.783376416389
345,15.5510291082162,26.21502988585817,0.1582375386161379,0.4344308317250338,1.8041178625197791,16317.5910167799,85.25345266940337
623,29.470691446547747,47.628835554750964,0.21689245869180604,0.6371867388773633,1.306199912358229,22573.180808272973,76.58646053602128
1016,21.310487397566057,35.4487690199885,0.3100227444220659,0.8821855875303175,2.463523927452223,62324.66915370456,64.07032631396467
880,25.380497029345186,29.84648016431127,0.2733221721105638,0.7653911008691894,0.9707153727342581,53145.93255198498,68.33435738324665
1,38.27414207378868,58.18380672164035,0.13249861449866754,0.2596947220296603,1.6206517679141936,32.66480802576937,89.85253912067917
896,43.2371251269716,54.72731302054203,0.3145103436253355,0.8156890741021,3.6970564446645646,63380.88204785804,63.637698876629564
1327,17.172488164390245,26.225937499753663,0.3358210810509436,0.9917512106989362,1.9322891806712859,37448.27944759811,66.16734209988537
253,31.027266179293353,44.89131393974483,0.17320997837990645,0.3920011291947072,3.1188180077272825,7021.22701749286,82.5237808075885
452,41.476004574588,45.436084226246706,0.2508592394545493,0.5832887180048767,0.8971176709730091,15534.11943917085,76.57531557728187
1060,17.475256033212638,30.932951674773015,0.29180042930286837,0.8953990108732037,1.3664757784962462,74701.42229658487,65.47571782916656
1183,39.73542140690501,50.70366941589192,0.3628472573053576,0.991506324674902,3.32570967420129,60332.88903678392,54.87218605743872
1014,25.73404052784814,35.054173787822634,0.2777770856230257,0.8591357518181739,3.1704752770139293,65298.60467811604,64.9969245075901
8,24.66284106658006,43.817201447800244,0.11444071116772134,0.21631519368512808,1.851545715078374,291.13727523060027,94.16737686182594
1256,44.32399158944357,55.72970649062053,0.39896563640730714,1.0627683143659794,3.84038915711716,62185.94000825493,54.511835914019045
1122,21.025772695868824,26.969887326327715,0.29911770677118854,0.9367243801933554,3.687250555420909,48150.038909299794,64.98280491213895
815,35.79581822468043,46.05716085347181,0.2639427818288921,0.7436837585939204,3.8680526218928395,54109.015737947346,66.3359946172735
207,39.64322184029599,58.192195122604105,0.15119413084893935,0.3607605181130344,1.9977014156572488,5408.955947367996,85.81235848421491
1154,16.23550485837815,21.405223342328853,0.3197227009704845,0.9499728409627379,1.1911575428998906,42919.72551904428,64.51232556702334
403,35.111563750632364,40.96279044702063,0.20827304169740557,0.4869995850225257,2.6933052368196937,13149.370619692932,81.14963778341473
151,43.54649923065981,45.78103145028732,0.15805965901763175,0.3434546282496817,2.8967060539771947,10261.877242347848,87.21815174182166
53,18.72659900184178,20.98201989096559,0.10304579831751154,0.24490818114354487,0.93904624557682,2563.991201688479,95.15953153486387
1143,41.88663908055115,58.81568836580438,0.36396204937101384,1.0185820779688053,3.2526906200356707,51676.175508497305,57.10715086946897
627,32.843299121308085,48.02150604448129,0.23741390117407402,0.6022883386228608,0.5632107691598618,29766.284591868854,78.04356760213093
586,33.49813745587422,41.88887647200947,0.24389824317860145,0.6623376981218373,2.189549356168742,43127.38933557842,77.3292440034342
1443,33.388325245968176,47.95792607606448,0.393327294479656,1.1466997986090863,1.658556908232132,97421.79250133692,51.221496793972406
1445,23.965076590119416,33.07878326369888,0.39840554531617783,1.1338755294000733,3.0910607096467944,87160.14376618472,52.84451309986159
103,43.05605445898379,62.20819678694468,0.14942689337782405,0.294679577730701,1.5946625459763557,4070.9666399997614,88.68597761459309
253,43.42051387893116,62.82746214459979,0.20525639457753275,0.4529706598331234,3.3938248947336147,8414.438443908364,78.78890614982572
1250,33.75913980641843,42.82942777098661,0.35746521937802217,1.002014073652256,2.582337210732837,88839.60181402834,54.59826277352815
1135,38.50268177824844,55.87867609238406,0.35048964277049566,0.9633851004227328,3.2786267661672523,52384.53591870041,58.63838009708218
509,33.36773957643474,49.28334232698913,0.219121350528293,0.5615475594163957,3.962692232438683,19819.33509647661,78.26006667570786
1496,29.531953427221218,37.111952296313426,0.4087870923326673,1.2118180255872972,2.877054210102449,72624.87781603912,52.514991438492224
98,34.82460354897752,41.00132046919743,0.14415749210413598,0.33255805971024266,3.9473261072657544,6947.452371819725,86.60829570836339
152,31.590043577758752,41.83826728482976,0.13072326297305073,0.30480806776528163,0.6009271442259687,6741.711581773829,89.07240895838177
913,32.9242758789579,48.98855501001721,0.2980754276754495,0.818636849806121,1.6834899596933295,48509.56152437574,64.60189234073258
877,38.51497660256586,57.79799672768328,0.30381127026915894,0.7834658263194758,0.877486425968082,57135.07230361066,66.45941475454924
337,29.427114943469547,45.17153818306785,0.17097684764665783,0.399190306911115,1.4180672598455384,15622.183148165394,83.18326726142978
821,16.222623182774182,33.616348913104844,0.25068583254014254,0.7046419500963187,3.4361076469402105,30111.89096907742,71.7895654093702
1186,19.919984429684916,32.77514194075421,0.31357626972449204,0.9731534708959066,0.6131314286413161,88625.37687911389,62.725425856069954
956,28.15821649468615,45.195557449844415,0.29425189409886554,0.851103887363068,2.320640275063378,69624.08698621324,65.9138905694196
160,36.74479679622175,52.86437224028327,0.14795775234840686,0.34921802807002056,2.4849504763633057,10747.833353004113,85.5980340544821
800,32.79835944930536,41.5840992039784,0.2723624096031205,0.717682401791333,2.4640290133518463,47534.9551754369,67.0308645873517
397,34.50882557620362,46.4446510143766,0.21288800575161929,0.5000324153541202,2.163539758381395,15778.082717183486,79.31107643670315
1300,29.37836785728862,45.863924053103126,0.38342129297615124,1.0629491310078092,3.2671103766941436,91871.84098066209,54.69776245477164
815,33.47226065826728,36.3012818736865,0.2926486859223468,0.7738584556944049,0.9674008132694291,31603.934307440075,71.60442845961055
1415,24.870523134439864,41.415950216844806,0.3781184734680712,1.115161097029043,1.5870195544277557,92032.27174838589,53.048919458791985
1158,29.105477780899953,34.30746401378237,0.348887138329802,0.9618254288618459,2.6550411870581048,82117.14792380165,58.220383370301406
1218,37.32837196784867,48.59267707603457,0.3693803652049554,1.0374407744039174,2.9183297819378455,67172.93388218162,53.255037459926015
400,41.15498336919364,57.703941281200514,0.21276586377341736,0.5198979641321856,1.914519511219697,26061.124357823577,75.36694281658013
639,28.009660018691665,34.57843942551217,0.23304570656119164,0.6206783858915711,3.563799421645316,41269.65841949581,76.60824373961242
1056,16.309849731220837,22.73438363873159,0.31140387803623293,0.90217022147613,1.9542268884357001,36598.729259187734,68.75807059251024
687,19.850176324404078,29.099935496724612,0.2407587387043728,0.6861961938118578,1.909716470219166,40118.205668025505,75.13383608103804
459,15.625834178746143,33.729404535143566,0.18050063254196327,0.5287619745928208,0.6267254152058473,13620.08915195698,84.4779693378825
954,34.597890577119905,36.60586064298965,0.30829277149913353,0.8613645689311574,2.4289946766815684,48074.45182765786,62.62185465789831
469,24.96943876065327,43.1943345002081,0.19413448510385217,0.5297867409928098,2.9803829347916677,15529.423603896543,82.48551598530929
1398,31.274359071581024,36.04288551512997,0.3974543841885394,1.131342482745761,0.9005335723089684,64052.82996587058,53.88418727980534
1045,29.798305403513986,49.619860172728664,0.3133805216884878,0.9146508839368884,1.5690146813075478,69648.31340299337,64.03491239334622
749,17.4457946865728,36.633040561265226,0.24407474653279068,0.6710826668125532,3.2343993382399825,55694.43559415116,72.28813945261037
37,27.097840833714955,38.00199424635805,0.10238323055300086,0.25593687953176436,1.780718023947514,1513.2256885702927,92.72418772372863
229,21.6168337476697,32.845798208297005,0.14295210437531347,0.3573904305667601,1.3456086171401396,11815.892751067371,86.75757348446403
1388,27.55199366002958,38.21988178499495,0.35980683182213286,1.1167869347305939,2.8527023224778927,70184.0828913119,53.549882009445525
562,21.10734841026728,34.54533403213869,0.19910851155451326,0.5754943420062174,1.1886557218507947,40868.682426252955,79.5407368833838
437,40.21357218830801,43.84656282853676,0.23860391570581047,0.5597673742255106,3.634785218541119,21382.054553656104,76.39678185735441
1306,20.22580009734761,22.812923167495807,0.3620135151386143,1.0520864651882516,0.8695943860914934,78301.63521260027,58.65813620936695
26,43.82341654460931,46.86206925609549,0.15820151758856388,0.3107540781952454,2.9729243079898944,1848.3260030410838,87.63955435380716
225,27.477220984408223,37.47579727075548,0.14328136529527263,0.37148012530804825,2.248420454502313,9825.508794789452,84.36976596219263
1300,40.38735876057148,47.34722166652218,0.3918124458891473,1.0822080749769662,3.5447534683894775,91137.9454859502,52.540538641513415
797,33.862944546178355,47.05965666885624,0.2899458116232998,0.7685716891133267,0.9416828185918281,56485.63044235689,68.17983755566044
283,37.06050895997258,56.9244701687186,0.18705196726699894,0.4555901624673708,2.8726322147363073,20243.874431134896,83.40212830760042
878,38.03171664200341,46.9855337573798,0.30674909205759004,0.7920317853115031,2.502191237134835,33822.58754219562,64.41636760402012
959,30.145346456790534,42.474489030671776,0.31839651261688173,0.8801933795513324,2.1803154978401627,43172.05074524451,66.96743472762849
452,31.29901570089865,40.779885827230686,0.19259348174565805,0.5223364696619768,2.2199254220143394,30970.94752590086,80.24502729194712
1019,30.419876034261748,47.67076605325522,0.31279737167406846,0.906689795520112,3.026919366294858,43774.294947087335,62.44949761088817
815,32.64175134270238,50.88200660502267,0.26074264705871125,0.7245781024443888,3.7820957922718774,44835.31109204033,67.85676221989307
658,15.881833372695219,33.6742343923899,0.2024126062260344,0.606209449193099,0.8193808069166684,20333.99328885571,79.07807296187481
546,26.86545509547046,46.404155391697095,0.22367276411273063,0.5909086844553747,0.5682592666368208,15186.307175436874,81.70667237236172
1215,33.185661406835145,35.68100673936262,0.3501978301517491,1.0210133265261037,3.3199667736842122,55403.63486164948,59.09715592025454
1072,32.93170695767593,50.04839787629548,0.33761865645660283,0.9425247263311434,0.8785928564276577,57829.92614696966,65.32937368772532
16,38.788682838168945,54.32058195287262,0.1473622160960187,0.25844355733897695,3.9534387862814833,714.1592906871531,88.36006616754817
1195,34.650280164963256,40.76677953416982,0.35652117858000715,1.0116462949532414,2.6677188713559303,64394.71226711031,59.2007052067276
1243,44.76399949022017,63.97776117119567,0.3933266333784385,1.1092765355395344,2.778032383389492,63087.49397907644,56.03342603797548
157,23.51563585825935,28.18283856639837,0.1358643930119479,0.3380724231335638,1.196120960283061,9307.801749895694,90.83700189672068
476,25.774530889986945,40.006429578397295,0.18453411114930823,0.5446018722699018,1.3410930860383605,27358.871859356277,80.60508065573268
1069,26.51541455603389,32.56343845872031,0.31066630565905734,0.9212607943367651,2.8077260608473753,49400.9328363917,63.4233473466347
1396,28.974384210607454,38.7392358885408,0.3771121563044969,1.1381826262741643,3.6840439327696894,64564.66778130645,54.23870170074148
517,40.079941913436286,55.02482005843853,0.2281926527260423,0.5868305564909448,3.938366940811483,16564.120089316195,77.00088320825267
98,22.073762818776295,34.213606375371135,0.12090863261836357,0.2947272613342786,1.1931083132088278,4964.86900327265,90.95736898519567
1060,38.28000621106288,47.97503917496889,0.3326080451127028,0.9282400092680709,0.9694186794842656,57620.493791191926,63.44616340961855
279,27.1593054925723,35.03339724934807,0.15976707871582643,0.40340731175998223,0.6974047521627667,13622.027093085877,87.28304182868698
1372,33.05566150986026,50.16953531261848,0.3800867068504082,1.1197479478218717,3.5390395635646477,56643.52318696813,53.05033314029956
496,33.976215996789186,38.564874302455834,0.2294166536389154,0.5632799455865545,1.5315019639976406,30296.88389744305,78.50599792303002
301,26.185459115668035,35.927310893204435,0.1571198183291027,0.4466514283152159,0.5063421185423809,8648.657751910623,87.42067239880868
180,30.378456156174156,48.646092448126716,0.16198671783144786,0.34782380204397195,1.283363301197501,12729.963327786427,86.49910415173126
606,27.39093523943091,44.616227147710326,0.22659116141735544,0.6305371560991698,1.6915437803479645,15775.496218237537,78.54634149695136
1122,17.073983585598583,26.290935310113426,0.2944779713915664,0.9297469940159515,3.9684515932383984,82037.84248588739,60.623416435270066
699,28.114961664504797,43.85091220932834,0.2443196558635534,0.6692511519570561,2.332395578499786,33634.328252666455,74.38947084428283
992,17.921801776606564,34.738696729366026,0.2736158352785515,0.8028794561114985,1.2164988165828545,45268.42922257564,69.81479568820853
1139,27.150623972409644,45.15059760447498,0.3379947417186008,0.984304281847968,1.6718642064970788,43079.48679452856,61.317742642082735
190,32.78755199495345,44.58865583783955,0.15096147616663824,0.36122167760097096,1.6560769064490746,4845.67578090669,87.4456246108465
252,32.382446980305026,38.06274292928984,0.16679699651088362,0.4172227172650952,0.5690401126211142,9762.357331714677,85.84913082233327
980,34.87863837024961,41.47420174732038,0.31206374564003364,0.864287402791294,0.9731406896000052,29860.596347556362,68.70334347811745
927,17.857845238638788,25.180349371387663,0.2655622674386443,0.8241132145728212,2.933187608961239,53757.69605883884,70.12941083185326
1184,34.563697365913136,47.25214202048622,0.34619117463567,0.9466892485186771,0.9208784529975712,48489.238361387,61.15817879898868
1279,24.364441700893412,26.955014935208364,0.36289111277000213,1.0545928863496772,1.3075699681214157,81036.11805141416,56.439419371650345
1346,26.971378384113333,40.42014282215276,0.37141122575022967,1.1109284605753076,1.7275805444150807,47575.45940839367,56.33841659023855
127,40.739587617681174,49.29796390938935,0.15373226629837855,0.3373855004546422,3.152072305758028,8891.491344693895,84.41564237102945
17,15.270912123886507,22.585264568700065,0.08195968526335143,0.21119879617635995,2.538403377037789,869.5342878399576,94.7282009243153
565,32.65237900021816,50.48331727332443,0.22151614006557857,0.5831391318273541,2.911499947459989,17359.800050248723,75.32930762131107
569,32.96141940300323,43.241462523457606,0.22660932453824623,0.5999449596032278,2.4845431389706025,25629.046954341477,77.83590161457947
1346,26.89979329030686,30.61074810989533,0.3750558847275486,1.0550299294103322,2.8925734882765415,47564.98326989496,58.483611216988415
685,22.110835713250086,38.99227753772253,0.22088030143593254,0.6246877350707253,0.5099475378239036,23964.225846260135,78.37411973148623
625,22.040221147846534,24.897763781703652,0.210186922364901,0.5864892042958366,3.758143505300003,31449.054301631528,76.47855133257644
1311,41.51129008982258,56.59277612485012,0.40900542111587185,1.128588985159632,0.8882208080618228,76817.52162496423,53.89991044310472
853,28.260731213485727,44.1910432053577,0.27349389709897587,0.7579652813330164,1.9218718359191669,60205.51646472121,69.30437086444469
961,24.926680889675158,33.2735277963946,0.28653775369011025,0.817395793429336,3.1986342958569915,48153.884617193544,68.20241307711416
154,28.46332721494209,45.30950862794225,0.12428793837429143,0.30318705884344693,2.0233075130329836,11286.958567949143,88.55544942025034
489,35.08171204378084,46.363581349197005,0.22647020046230407,0.5523913465044585,3.8139489308363057,35247.97213319386,75.14247066656507
1409,19.37269704734255,29.711982806252895,0.3599861359595766,1.100963808536726,2.1365613197456836,96168.65523739818,54.76510222100968
784,28.483015056412132,31.3002741228486,0.26361310350320966,0.7374883535925097,3.56228791960935,39199.108786526805,70.11176414464616
1127,32.63653113331161,39.85705661899191,0.3235912115734573,0.955609825482584,3.3378983967679483,36114.93722681788,64.25344248125349
1416,43.457500645543014,62.215680121478414,0.4282967292947272,1.1934110767994315,3.933452059795391,50827.63646292925,52.893392356933845
245,22.57583346226258,31.62866480136558,0.15592022936071098,0.3961594301325472,3.742917232628414,14058.957533221701,86.10150023474034
1199,25.777522437487367,37.6181318075092,0.34620024832975493,0.9884609313157571,3.6434334214950757,55259.211068037555,58.63310298031701
1062,26.380757697672713,37.95714791938924,0.29981671408129246,0.8767179818907934,3.060615191818139,34345.16664613721,67.05130430622975
758,33.166144729346485,45.79390434615496,0.2763199108977853,0.7173596730303732,1.7844935154387727,37103.87008492986,71.85864980449591
537,25.70196159120005,28.80591879277914,0.20053043318599656,0.5376516460453138,0.8714389649771586,13893.010146729932,80.16936714495257
920,31.00535775899087,39.52453034536798,0.28430099673076564,0.8130464242705039,2.910257682925365,56759.187061381286,66.6132044157367
407,38.45370989535088,53.470018825236856,0.20447280933312525,0.4937790503841487,3.9252892846828775,11672.37934286521,78.3487447971154
524,36.161567823366106,41.7716523426798,0.2230894589132673,0.6066738333630399,3.0431155306615416,29582.77684169752,76.92263521163245
827,28.391059395377567,34.05547019121205,0.26713163227895226,0.7506079422732529,3.7505527924706743,53465.97622031854,68.86806017625537
902,40.92648533022507,43.10811625062752,0.32498971313949704,0.8808154579105871,3.3150664953443085,28532.238737873846,65.83751268922167
35,31.744207487815885,41.61888216676366,0.14060667494005805,0.29416335101949304,1.0709013629083757,1782.6177086655218,91.19915573846862
684,31.197175185066374,49.08639403718797,0.23550298499663813,0.6406588533065315,1.3722131970695055,43744.10899109386,70.74428541405557
19,16.025632978174745,18.959849962746308,0.07896294201310358,0.20111460664408795,1.6965296061682262,722.6017820191514,94.09798252947223
320,44.600789410714846,50.040926181642895,0.20462906218187926,0.4400858277959008,1.0889115551830144,10606.665488025905,81.72943765041367
511,18.689124255888803,26.270645946058394,0.18569108360240535,0.531037807424192,2.5357796643555237,21380.728285218524,83.77263316011056
399,21.933927372829398,37.10497263098523,0.17766184223844397,0.4590788425292265,3.9140768344723296,21041.24857283715,82.7699874804215
653,16.550905117245808,30.082345787692365,0.22286166379394953,0.6063648363884342,3.165105917026555,35107.878772007585,79.2775787004491
971,34.20008900510741,43.6870792875808,0.32009383743291525,0.9029555400904593,1.9818536217361165,30629.045989370705,66.72601793278497
470,21.7410353091804,37.40427621583116,0.19357940629685913,0.5409070423759168,0.5157656834310103,22502.867920338333,82.65985478683673
1166,20.400313124181704,33.373671334005934,0.34059158145756063,0.995170677324322,1.5964660389836256,44790.85199995214,66.18282404243496
1115,17.65666752669724,35.785401920527185,0.29242386222423344,0.9125508602020991,2.3436575069227534,74817.850157121,63.32837791362743
1377,18.09926871372047,34.82375019821694,0.3763996253469871,1.077781769533869,1.6348780584818972,56014.647842608516,57.559141867359884
833,32.54012101327766,39.09076592288327,0.2775503256856579,0.7582508009666528,0.8886222305835083,55757.04344683525,69.55599549145278
726,35.64623597599786,42.532130373413466,0.27434372415875197,0.7128223961611047,2.0496773490166307,33706.895437445055,73.19826182726928
853,26.92136965393203,31.17778621819497,0.26414607702506965,0.7239805509481049,1.3863848593800068,52313.88291249823,69.03136165291659
50,29.396912447762197,37.462277510676415,0.10970886097659162,0.24051061127503015,3.682313317615255,2525.150571360359,91.38329954056863
574,35.57903207948952,55.57082261643322,0.24257923707379933,0.6097731249762184,0.8561408497535551,32200.327312559024,75.94120609155726
1213,15.521393705564389,24.824914740635485,0.3043554871836303,0.9529465635702555,0.6720342005364863,54303.37238374289,66.1576761529341
1148,24.693919712108357,30.662711536512273,0.33888226020709983,1.0165064642532866,0.5185995920420172,72795.06847214997,62.10241490938786
149,44.19293244211039,59.917624362670345,0.18078549990763668,0.37612467435706926,1.6482438956998022,6892.660907623754,84.49562647035486
313,32.40336689086404,44.16784495319185,0.17918458232001772,0.44275178787541464,2.81135393370311,14984.274769068112,82.74148323035058
569,22.6267373969248,27.319563488409944,0.2104710851496352,0.5751610967242795,3.056448135086274,28952.95811117073,77.41539986731586
1365,30.651901399086395,39.50431565998198,0.37596744134908827,1.1119151872199808,2.086415891836031,90896.99607984337,53.47306841542547
304,25.27960464362746,34.740059523335646,0.16810370331129162,0.4018460998006344,2.8951502765934336,17622.559714742267,83.0696771937992
681,30.967349664788973,46.53628427503491,0.25161135179365224,0.7122543720554616,1.759699126753772,28913.91116256378,73.3554505563249
837,18.772245354199466,21.144329994253745,0.24572943674816075,0.7271921399484566,2.837321769953159,48977.876682127564,70.86508651848793
1077,18.98143961457832,25.82379325694791,0.29944807972827475,0.8822338990133085,0.6420859485583069,61519.67095651189,67.00885027619132
1002,19.306270861181787,30.62300428486118,0.2874191874754055,0.8651037664437626,1.8676354459845146,71694.06572157319,63.65805315408754
443,43.19459375780525,50.03383512195643,0.22106116555041863,0.5246549468196053,3.267973871716127,29712.3740579615,75.84808445253609
612,36.98696755024025,50.29878040378223,0.23274482096698076,0.6384788048214836,3.3105211066065046,35111.87586678819,72.29757414121794
992,19.871456839869627,30.545071466812725,0.29513311676557824,0.8790631412306011,3.006520726064931,41738.752689928566,66.94409696069913
263,20.650472512968044,29.161257100440494,0.14146584046691715,0.3701321531122404,1.2148351719945254,16826.430302525696,87.04969897703066
1076,36.92488424612629,56.01063952979551,0.33920341625118566,0.9785009317630202,1.3652179162572162,57846.20616677869,61.949706157165274
1003,19.68491534376522,33.063786329121456,0.28418716481355616,0.8551104283014924,3.986310545425793,74486.28990326021,63.66581241940829
4,22.036838800044862,26.375783500867804,0.09962639233980963,0.23428555600106016,0.8618230252068596,149.5012257139608,96.10112946083962
1126,43.90040498461197,55.98205553859309,0.36498777181303793,1.0157026328793652,1.1323194461584327,32634.623844408936,62.23313324121237
1219,22.659195741852955,38.71236909946917,0.3512462353750101,1.0417101815427396,0.9550918947754641,34734.90593457041,61.67781825702052
773,34.848970511134404,49.60178506600475,0.27910392815165863,0.749361493510118,1.6467923728926546,44062.17450979245,68.56755953523485
876,44.35893862201591,49.45654474933058,0.31189103322566075,0.8406073486983316,1.2356154233187318,63039.59802632474,63.91282322983434
991,26.22890301419378,45.73246299691564,0.293260637853362,0.876239595287253,2.2419078584172025,24870.72635314408,68.93334253351422
883,15.525479725861867,25.604125349300773,0.2663104862908902,0.7495363620218396,2.1660724740804196,54117.79172318587,69.30432090462871
1373,22.32441871267123,27.186868779995933,0.3664230764374779,1.0543176437323207,3.655269668079561,79432.52478088671,56.91743464234547
46,39.92631574025116,45.16983931455783,0.13733545581454012,0.28205146856933005,0.6215898160567352,2834.2996421047715,91.50838413670925
866,40.9382650786511,44.70649493805455,0.3033568140943754,0.775358349764863,1.6195785183371716,37039.054112809135,65.2563005063779
822,38.055580935713735,54.518906887542556,0.2864950847648562,0.7663141997916685,2.5883026219898158,54272.40387543785,67.3390209493167
935,18.39329457229719,22.589843470090464,0.27224119920229567,0.8069769097267375,2.6168061664538733,25465.049043831797,71.49903465081144
655,38.8653111508921,43.11756577944354,0.27799269792910997,0.6900784621938295,2.1804418015497324,41115.368545371406,72.88998885395816
268,42.56033390980513,59.86882297550021,0.17824244727833335,0.41825907577192617,3.354829392851218,10278.764014077777,79.75360307292375
369,33.01828627638708,41.22115979644315,0.18169153044515807,0.44559650626177116,0.7195275999506058,18022.65694613142,86.49396540393901
635,43.22626069014195,45.78170296768725,0.2772957655618264,0.7025177895536105,3.3542071795304755,41993.70162194175,68.28096575582825
1129,39.80516651135632,42.739281902687715,0.35166228917776193,0.9523254796708674,2.2316398415249625,43543.21753653968,61.589574105244644
656,35.00914550972722,39.56821355039734,0.24671207817870552,0.616396459193346,0.9681624327695075,22474.80638191971,74.97817709155342
119,32.31555710135245,38.15663736491486,0.14877975277043926,0.32198892787386274,3.5999566973916717,7028.813452819911,86.51034536712557
830,25.457210017259115,39.429841513550414,0.25271246386170076,0.7535553551324401,2.7723007283933723,42885.88799753239,68.3181491199011
1081,19.778623357284154,24.610496397317064,0.3139717910071023,0.9107627650461824,1.0724099038844874,54828.52910573127,67.722929298122
1369,33.14861768071623,37.288356721903526,0.39055339965464786,1.0929681392839727,0.6177740318965932,51800.873338570156,57.13672007582348
740,24.543346608543583,40.308291155116606,0.25173471452540697,0.7001206767786151,0.9938837691642725,19790.57131534102,75.8005286005211
1497,40.99316002582936,55.072155135307824,0.43584662960417997,1.2305820296203829,2.6307928606313773,68133.64500412901,52.780207881233494
116,44.80010812075886,54.635944106953104,0.15652039037669135,0.33603080228240817,1.1275368234101695,3518.044986713054,88.66494621338539
790,37.572832878467175,49.460408765109044,0.2936575035584334,0.7630973193323483,1.2901707620625984,55536.57145064349,66.9522401780501
1150,17.71445085861152,25.330163224487052,0.30992752460244233,0.9416338031557857,0.5879890401470996,31121.893599624505,67.239235551717
1416,23.660567865919145,34.345575430155634,0.3846096259218257,1.0931630130497878,3.030257352835113,65960.8804762542,55.65117073359808
1012,18.273288952972493,29.39339663466192,0.30132382276123637,0.8485094794982321,3.33627539915803,27943.62653526189,69.76883736033774
1081,34.515349433751474,43.4856203149572,0.34901971586596764,0.925119497083055,3.288968618702431,32189.14642022562,65.53798358194085
633,37.95572593667354,56.27402572877247,0.2498401885139402,0.6799759536564914,0.9464885297749948,36678.13000808199,71.47920188041718
512,42.770244926421356,45.05935849607947,0.24257184259525283,0.6101268455340711,3.661553945860658,29366.04828093682,74.87449551878152
801,28.14517039235963,44.22425312800206,0.26289545288268307,0.7395770441455,2.85297590315928,21348.740404921562,73.93124757365766
1119,42.04126948765333,46.28016044999717,0.38292050124799437,0.9780921684305369,3.641350178319026,28038.306033012686,58.821960168059945
1141,41.336734771239826,57.69258726090942,0.36867472960121783,1.0136926313004238,2.0650617658573225,33021.571306700826,60.39081469612241
559,24.515871502961957,37.60228598514294,0.21167232736429328,0.6053375955369883,2.029342013792942,35300.81919104878,75.3303468421476
487,41.06701876621713,58.246024403072376,0.2326596592670117,0.5854214858496853,3.2458778153971335,26409.4371114992,74.68676517452913
1260,26.270167556451796,30.02542541798795,0.35861138926736424,1.0336301187907657,0.8265424941686024,33901.449446874976,63.266687835281935
896,23.906078236808423,35.967729650604355,0.2813795918814517,0.8086898708947543,2.3230591282221003,44266.74631110267,71.62640745274925
1295,34.472239763831794,45.49182160855134,0.375544497351198,1.0741117191064913,3.42734482470929,78478.90086927573,56.464330274328816
1212,24.85143683655243,39.56291412989289,0.3381596006807531,1.0091130454896984,3.4056739707434995,82958.45451280886,56.03279934294502
703,33.906262449874326,45.52349238396049,0.2568939912824837,0.7075465023748394,3.8464649971982916,50406.38264666422,71.76801693311786
1470,33.294954164960835,45.028176373356715,0.3991929912794496,1.162610278803133,2.9439540773569126,60816.8813771239,49.97008150404527
580,31.903167820453763,41.635894804822925,0.2369890797106521,0.6031740679951003,1.2271972030390492,18439.140423984707,76.99097001440147
789,26.41259112698393,33.97161075911607,0.25260813182747816,0.7107332993792501,0.5709811021310329,29071.727572855605,74.10848742048883
860,31.454991649544304,42.135750152083766,0.27431048250924145,0.7838895857111884,2.177955295194857,54875.37415772962,68.33921887039166
246,32.89456424956265,37.02742670739386,0.16484558383348383,0.38942590756422446,2.2979635296789445,18099.25584502042,84.65855949314768
1099,31.370606654864204,50.67784675655973,0.3312399870128296,0.9220773920523192,1.34091904574626,53103.32927395291,63.818102118394535
153,28.332583582536046,43.19197732781481,0.13976151192296196,0.32889474688249026,0.9364410649326111,6160.952083640592,89.48830161232799
1458,15.440011711387914,34.58441981176915,0.3667979697288118,1.145506702287953,2.551728581666781,67737.99342488652,57.99673661609081
996,32.61185123103453,38.69294411297387,0.31049827687975934,0.8737000935983926,3.1748948590844943,40079.694603327596,66.16015026507701
1109,20.053331554281588,37.88146991745909,0.3188278581594481,0.9206690698713291,3.9760393625655617,41947.23316183671,63.86178076851365
696,34.27727906841569,50.835498790559384,0.26406673014178333,0.7016887120290753,3.1540591602368147,38062.52618376985,72.43971961334891
1308,37.78032983768598,51.96907326192411,0.3930559101371387,1.0965478763455638,3.2777134498945335,33729.1331164298,60.254823227042436
1243,30.013359273922244,43.26388462345595,0.3589663946713593,0.9892869327854378,2.6576130738007913,47206.17225452901,58.965142264808854
1092,31.27090994939215,38.96880392421381,0.3326310461321071,0.9498924382189117,3.950729306395062,63411.4614503364,62.5750898856243
1070,43.54435678997974,60.239750919350286,0.35339310245706457,0.9602208917474196,2.7398473479009966,28465.35425241407,61.294857158306485
1008,40.415020841177224,51.442299147812435,0.3258696242842647,0.8945669851200325,3.5108865023989653,29393.371552050325,66.08091767507551
93,42.427095478544096,45.70314384458723,0.1681946569585492,0.36028072236471753,3.810246261843345,3689.2920732538996,84.3456888555156
957,39.41298864958759,47.04452554497993,0.3335418576240522,0.9073102164338667,3.754504751751963,65927.95961343992,61.695629478539516
1011,18.267550255401943,37.10289802921784,0.2966775564208136,0.8763884409344475,1.8349537032417478,63939.99539635572,66.51969794595696
452,19.46975567910584,36.78200036999307,0.17508089549419575,0.47389105827232425,0.7753172040999052,11800.739824807104,82.43003456682918
1227,30.79871391806879,50.47301648344649,0.3623888690156391,1.0093524206062277,1.1015579588873639,61455.081303838975,62.52239445494586
911,22.38208976393995,35.685970650813715,0.2867478789055777,0.8308441654867329,0.7072815688881262,35287.015351126836,69.83258517254488
217,29.300864251234774,35.756045567762186,0.13976975948525813,0.3169792328434058,0.8688892719019901,12462.805400823383,86.42824169147461
473,26.830959714550506,31.761630608734052,0.21520703704608599,0.5444714941520609,1.1462793606279418,28889.74932333536,79.02959568360096
431,31.4824271529136,36.84688708386591,0.18177097819426924,0.4993216899737447,1.6938301080559062,29369.68853713604,84.50188115013115
340,37.40627148407468,39.76259333432526,0.19985860116524012,0.4408221666893381,2.402388763012765,16582.076030768243,79.39920840830146
550,36.46472721297823,45.497005210725135,0.24746227748848115,0.6216415977631833,2.990887207742801,41097.37743500357,73.67582098397135
1312,30.63702397456003,36.0827222235518,0.37254341330884977,1.0909406775023387,1.2382456763727918,97087.08863803437,52.53267465608115
1277,39.671802564511744,49.081600852732386,0.38323896113079275,1.0409752319548817,2.8538284148334876,88251.34535747547,51.32123019110933
356,27.925862746141,46.75576251923878,0.18372833341875125,0.49603740423638465,2.9649067607584687,19132.67701381366,79.69411493355817
22,41.90142869520367,51.65115246633309,0.15672167630974604,0.276669410049717,2.455178179031663,987.8070812541966,88.74200902897664
521,17.138408101654917,34.94212904738194,0.18566613982389618,0.542694092718216,3.662662544295487,22517.263379141397,80.29176727710056
1123,43.63980090099923,56.538886700085,0.354070049883339,0.9724121312928342,0.8884818487263373,28755.804717426872,61.1901021463854
801,34.640792442940445,41.089160426845496,0.27524383032980093,0.7520829088697701,1.1199251016084681,30004.438614556777,72.96135378686226
1203,26.402235268116158,34.807620934781966,0.32787933061337016,0.948985294022561,2.000326885363197,73311.31533219224,61.669649699503644
1246,20.91462379718632,24.425175441972048,0.3500068265815242,1.0436176511448902,0.9434945733198361,68756.27982333805,61.17288351562574
761,29.375496883308,37.37782356803619,0.2558101632394774,0.7178898651543776,2.482036503034306,53894.86429782466,72.0497597049015
441,20.83674969555903,35.03248671462264,0.17779010785046248,0.5221649329586181,1.8944016331329854,12127.990985510101,83.24717330210241
768,19.989948232294264,23.287947905024097,0.2526761077787786,0.6852629849229537,1.4960852808757146,25162.621562009495,76.03596073225904
1015,33.520552722389226,39.21777807499375,0.31627200220067997,0.881901709963242,1.0949643455617304,65429.1223096206,63.1262802714581
1348,30.69254173745354,39.558480482893145,0.388575987428791,1.1096817697085934,1.6736838342187361,57863.4143425655,54.43526215229326
515,35.10288103832825,54.779772704615574,0.21282487703849368,0.5625975153920909,2.627857727913197,15922.392343235357,78.67705375553597
1039,42.888176322659675,59.015689135919516,0.35316354692855934,0.9527319632077197,2.5152482381129406,77740.60373994963,58.176147488139236
791,30.967806400171206,46.170567837029076,0.27355466301299713,0.740787224777119,1.0726840007358183,50910.749470573304,70.33996610107474
335,32.42796159788393,36.51939881534196,0.1809701328875712,0.49360468039109917,0.9372193375922169,15221.412365698552,84.35272408601847
257,17.688790174648265,33.74671625971811,0.1380865152287345,0.369300664718245,0.5933686691310538,17005.015078757904,91.27580732459
496,36.529073577258885,52.66391218454716,0.20939053420799042,0.4919855523343419,0.543489578278763,29278.975978955004,78.86072327157028
895,26.997156204124686,39.817004725362594,0.2840743198477191,0.8005732039840504,3.579336525018898,57726.370490750036,64.94309993183892
159,44.30175715987737,64.12826923584807,0.1689868164661887,0.39161345945675013,0.6578109960188647,10455.890701646917,85.38066617125124
1498,39.69522046786981,47.54979077451174,0.41639611483136396,1.180409215760626,3.059273884556362,43796.17837844481,52.311509836384886
851,30.67443121548355,49.61733528383688,0.2748381081619017,0.7504706260108573,3.5519478368573494,47782.49637112847,69.42072335628019
689,18.696679625164982,37.161839694382046,0.2239009066708048,0.6274732938781741,0.8432024699686016,17458.76230005171,79.44315630236385
379,40.782473798417676,42.98912567390648,0.20129202574735697,0.47162089469728585,2.0270549834155616,10298.495867407184,79.30752594509138
956,38.99343286272065,49.09553033926725,0.29506572667493713,0.8268908377358046,3.8680604411099684,67110.24443286919,63.369944447471525
690,20.537553886110988,40.12543008103931,0.23983898316831065,0.6819927243289572,3.4194853118325477,35450.94838680979,75.27204755459144
1450,23.858348676609303,27.714533199954666,0.386295798602322,1.1740816128910403,2.213964111502493,89602.89397546805,52.80967967387025
1291,38.80221774443512,50.66234224333487,0.36306493339650475,1.0035929135970616,3.168998894770435,86400.23893310507,54.959576787801645
1440,20.55685339642229,40.17808852316216,0.4004633361896386,1.1489869103560173,3.4168216855108233,104370.24726465013,52.12824911411063
1191,42.53257467514132,54.531492309046804,0.38567907266341456,1.045268847083632,1.7180943711605174,81544.96209380249,54.2578695783538
1066,27.735822755890858,33.15249820938966,0.31518182500109837,0.9086717572690217,3.6225352090448633,52410.500215565764,61.73358388617566
284,17.61116887762976,30.090467019296376,0.13359736284159252,0.41191562874236887,2.1466566188700487,11870.778364803262,88.0426210640597
396,39.472459305128424,45.15238963622027,0.21217683071786209,0.47279831866979316,2.3473257724559047,12958.966076879557,80.91811079825767
11,26.20529049115163,37.55996722325234,0.10663384913114468,0.18057934026360364,3.9989767323764087,495.176815368004,91.64539352992621
1325,30.79497582461343,34.12773574703569,0.38201085089723064,1.1296572715574418,3.4515603815325644,57405.199619427076,54.22768384581538
1276,18.369130332336574,31.26781837819586,0.3335420579321227,1.025719143383494,1.76619502020543,67600.87491678473,60.95102715654601
498,15.077520445349471,26.37973934965632,0.1907327611004153,0.5166518815814402,0.5362095876544498,29021.184278054614,79.87212878386107
753,34.13955617379893,49.46246081150527,0.2641444911158424,0.7216053648003699,2.6916092582786315,55658.95418815603,68.53410812712102
34,30.455255110011947,43.80786359087008,0.12451816770657957,0.26788615369911684,2.9636969914483773,2088.256516371245,91.77311069971174
726,32.806157073694415,44.69906990724803,0.25284292154281857,0.6819010900446627,2.777809415501829,41518.071727678114,72.84217158073675
848,38.81231551141549,53.22833479788167,0.3237060708803659,0.8304828524702679,3.8875182290712456,35407.91921297773,59.97955103555342
89,34.3981774026858,38.989131846985956,0.14355158829502418,0.3149581734472314,3.520398595662505,2378.542250417551,87.58012767378357
775,20.243203284821316,32.95967718747619,0.2743287293353791,0.7795050804297114,2.07091092613227,30539.848743119306,74.1026886560041
604,25.823175573317993,30.92116642412799,0.23072237090989645,0.6377358695375865,0.7200012061533334,38307.12659388046,75.1937246015088
969,42.17673314363281,60.836132884966666,0.32253882271857875,0.9094330500671362,2.1662056932569893,34170.425531944195,64.25152686280964
1021,38.09834100755037,41.328354894771245,0.3386904899509927,0.8879571582677334,2.9123540698670807,61882.20728706354,62.78276705850828
417,31.699111738101518,41.4458572325358,0.20580400165813523,0.5068208567974051,2.6269843287945163,22513.40971757232,79.17471533760356
114,22.66934993427817,37.193704532076175,0.12187194131353397,0.2966912692548733,2.383479736988097,3829.5841575776503,93.34084351561994
616,24.06181505504385,34.306214865072505,0.22762755483040828,0.5811310507338306,2.1408663530533447,23458.044033788363,76.70583200851344
1219,36.95874202756904,40.61645658576128,0.37533475534921484,1.0616388931812435,1.5281665555958521,60724.70463250075,59.9530943424362
825,40.53522782558312,52.49605011586385,0.2861336455435089,0.7862045700984359,1.4707136660362023,37882.9565856987,68.90949412255551
1098,35.14274008591843,48.69211444481081,0.3292368961245373,0.9269411049503675,2.2508101762403068,70193.1552303171,59.007137503177226
412,39.28589927305325,53.95416087088239,0.2030296285599622,0.5047688674019389,1.0621110125037716,25428.735636390888,82.0104925231705
1399,37.99968405601218,46.718360716341834,0.40707479205572944,1.1731670882433503,1.6923989825118055,75166.48651793753,50.468313960255365
1443,19.49111903870873,31.636998517226452,0.3753505263626833,1.1117118726824806,1.6339274614853485,95402.12043277157,52.77319197953293
728,27.71834438739906,37.83070093629949,0.24128098311556864,0.706620886731928,2.554964805544703,38681.171280908835,73.70109963759316
1300,19.58951402485688,33.68652272239744,0.3569321701549102,1.0432778294541665,0.733388051270586,95185.3016827219,57.518543276044056
1020,22.057067544059546,34.561092955906275,0.3009445832894839,0.8842534210029191,3.403840380927833,36578.42905670515,67.27714277221108
760,41.07778873953158,52.541400691596,0.2858448673927717,0.7487491249829058,2.4683243313454075,46137.0157568818,67.57917717990985
675,29.186758968995463,35.67819757208394,0.24079362488625156,0.7036162267965257,2.8478933827157737,29360.61445683829,72.31266173074654
1417,31.060743055279826,33.097076374748035,0.39173920508690396,1.1191391983021344,2.960828663158015,55189.75487467073,53.91429830958528
456,20.353378956833165,25.48684911243889,0.1734934462955766,0.4791264831031532,1.5201944789488777,15512.834452063853,85.97025001441861
919,24.36815358146388,28.475342327098915,0.29187371008830115,0.7877259425521849,2.146300485847033,48362.53473421794,66.35380219075665
191,21.907385052836098,31.99091046303314,0.12497984128914033,0.304440666206382,3.8468608455438353,6832.733082754967,90.9813336312371
738,21.185584935552793,34.206231649265995,0.24206507453803375,0.6999406515995308,3.183468332988852,25842.94641844618,75.08690056444036
1122,34.138823799479106,39.974353955805654,0.3592977515616786,1.0119605746513156,3.8934490632811487,83618.83987520219,55.15810165523804
977,22.706515429371443,41.60954315678081,0.28749045341184937,0.8523181615014247,3.111890208012009,63590.36131291541,62.44463823425524
1008,33.96046458061255,36.080742906642534,0.32912795056841704,0.8980457106875631,1.114600488979811,62913.15174082052,60.561199548132656
95,16.753638423256618,32.65505669623279,0.10819436700686998,0.2499609503751229,0.7258755934563668,6146.787972943086,93.3311415175462
662,19.253231805813055,32.506917657361015,0.22402113924423664,0.651593740525627,2.5218150285188226,48621.34712009038,74.22415381949116
1213,23.23620762000376,31.960194038862035,0.3433758996590551,0.9782790414871494,1.7523464789591334,65094.23117288179,61.06433972273585
36,32.91140750687075,35.820208506294094,0.1220737493210322,0.23390946449912342,1.4641026854835957,1296.4389793251491,94.21695078042627
1392,35.27523735262128,48.56999564473831,0.39929823439317697,1.1297884946076142,3.3252384874889613,94809.79099642544,50.795554855079175
278,28.281509003385814,37.22255223496748,0.15668187852451437,0.3585394418916473,1.7844764347868156,17273.957139411854,85.54720065578837
216,28.37372743731687,47.226535946754815,0.15036202608597463,0.3392067338121246,1.6095033940700638,9874.52977320907,89.49344714486578
866,36.735505541958545,48.49132688997433,0.2908187511260822,0.833102308068955,3.4749565760915364,42155.55928828219,66.73396603935578
872,15.474632752967473,34.388359956250625,0.2654058164367009,0.735950811234873,3.4620056777026105,39730.60457367869,73.65274594670632
1296,25.232700734226615,31.20140721674609,0.3426704271816688,1.0058415449970863,1.747283232142698,92660.25198283947,55.71844098947304
61,39.56121171357698,54.62427810013084,0.14613295633840878,0.3011962057602239,3.4137454534508818,2572.771415069797,85.75322408026396
595,33.09658230640117,46.20706468167823,0.23855903162702513,0.6267489155530305,3.4777247161643117,43538.65729002113,70.02565805301293
728,25.116813982662613,40.42616211962623,0.24829378760708554,0.6844600591809255,1.983756872603832,51333.89247364378,72.25538340878292
1365,42.16574376989021,48.02976532139587,0.4175764770284353,1.1070242974563003,0.7326559557321004,77158.06795843782,50.74094640577464
396,38.178681823481476,52.148583115761404,0.2026961277465335,0.518605139848596,0.5055462556321904,21380.47110738148,79.1681187421277
698,22.946863417102,33.91159049212564,0.2380480652799245,0.6559966103407494,2.3315236201114824,30366.11587444198,76.96995379200294
1042,34.358695125771504,49.7295446740852,0.3099519713696785,0.9131513560871122,1.704264226796245,27005.430067454858,64.03101312756733
176,32.8725218456687,40.75932544040142,0.14679187486998518,0.33365389741340523,3.989961629554281,5523.084038892229,86.31219661684652
395,27.03563742116948,45.056663879544026,0.1916286391540912,0.507604253767721,3.203438498695495,24771.068636153588,80.54492401961504
444,26.00868237614402,29.526106039148324,0.17742574739692324,0.5164325658578965,3.1644640972264435,21568.19081025727,81.17844001908715
1256,25.30681424327112,41.83622198151251,0.3534110621570497,1.0171544290733832,3.843349689005703,40809.8348270044,62.34730901185964
75,33.5146735018694,51.01842676654104,0.12525417628490082,0.2979140154239939,3.607035392626623,2864.853202994516,87.53868213781104
264,28.272298094420087,44.98283969902287,0.15823472647112283,0.3689107782030195,1.6136561780973604,19111.447077980396,87.83373904870417
454,39.95589339754266,51.184968494254626,0.21453501190746935,0.5443158040303531,1.0809552756135672,19683.915361543015,76.60484821258967
717,35.08807848401886,44.97900812457256,0.2511042009251034,0.7125695952772209,3.110622927729188,50465.39773610665,70.97236665843813
734,17.097948171283022,37.03066932873081,0.23485592949216408,0.6857969723098795,1.8239586278900555,29530.135045174266,78.5307450420096
1407,34.20504671484498,40.3301418366999,0.39931412580944253,1.1901014294283958,2.1561042807083477,73390.53363872977,46.66372952672078
850,23.134423095005545,34.978190480774344,0.2723951373868831,0.7783613247100829,2.706392059461894,22120.276042893413,72.22396946410387
1390,32.78435974960268,46.856519206484535,0.401513098579194,1.1305102932428828,3.6775543692733423,71020.32017096359,52.22766464118424
143,35.40395793310354,50.01957537860932,0.16166050323709724,0.40801033174454665,1.966807137848381,8129.135375866006,86.74665055395621
884,21.924875674620363,27.59731965791478,0.27198461880366737,0.8126555629113518,3.2416091157677647,32456.285390703262,72.99895022592244
1092,28.70575934641106,42.47765300852748,0.3384977289388542,0.9109391234906572,1.439189269461301,58909.96982081249,61.75022527058201
1122,20.709745884572033,37.440398081236104,0.30606174669523456,0.9003908239357152,2.9429012682326476,64356.112012060286,61.398727852241024
395,16.570166273595248,19.47050065637527,0.17122993083947183,0.44271275486653977,0.5055279737726915,23441.000048039692,85.68802534556315
1048,26.35429270457607,44.76167598443177,0.31690248957243067,0.9123955795770979,3.550275247217222,66883.5340739582,63.725187618182446
947,25.88832815537976,28.41940114799347,0.2935075828359074,0.8424322601394246,0.6063285298406187,38416.91315270787,70.5290222622531
890,44.86441472112771,53.27189330591881,0.32217615178388664,0.853880420788574,2.9946381416690446,47516.074561218586,63.69893540124142
1492,28.390570535929264,30.67520806812258,0.39557375228850394,1.1388903135562258,0.6619036624144936,110525.79562043874,50.121932525538114
1174,25.007086484166013,28.395699517878487,0.32284670486908185,0.9442542149107972,1.431859947879012,82071.06281804472,57.527041548823725
1167,32.41425020150024,50.81527933474166,0.3653267822637705,1.0022064336220518,2.240208412447936,84763.0277295397,57.69671721244622
568,17.663021823233052,26.050516776663713,0.19723882186449343,0.5274481752509778,1.9697853987188336,25166.273718211425,81.70950226864456
1062,43.8499720786444,53.49585962629535,0.34827000993922186,0.9252874565959085,1.171426401103537,68335.88242311274,58.80338684192703
108,34.048801367730995,39.925000232616945,0.12867450799304908,0.32473808379497354,1.668352190982331,6047.448939505878,88.58287514918293
1065,37.64513459822543,50.392858461586385,0.3234724861414825,0.8830854634103872,3.0469722952133846,31030.643173064338,62.4732797933445
1209,20.114338145217527,32.82079600941774,0.33114548750231226,1.0100797948771443,2.842399824028769,80034.6145245446,60.6091621387572
934,27.284335590156118,35.98394264301007,0.28795279196522494,0.84096633220898,0.7513510431737049,54970.62960588893,67.51922706547938
397,27.680673401885684,35.67530109438285,0.18477869037119588,0.4747196840493454,3.1156053895051024,13873.509586378046,81.88925413525367
1246,39.65419331703261,57.58355086428319,0.37937992603788695,1.0406784512581106,0.6856605841895993,36117.71212785544,61.15177782920718
633,15.037100392782284,23.93621670634191,0.23156881159817153,0.6477191263607118,2.400242361849245,42316.75043501967,76.89352305050592
1156,24.02559325059765,34.908611109377,0.32586538669380577,0.9376836608146544,1.4102196181476674,33460.52574459142,66.55114760722715
1186,44.437091230329116,51.53657695397787,0.3918735835400927,1.0298883412491888,2.556915446459366,35067.284216229695,58.69741436556423
1238,29.246596305186557,45.40844736561485,0.3725134347608226,1.0417387536328926,1.4146493857931564,57406.57302127711,59.68364726135057
732,26.47578840732025,35.629855231503896,0.25688781966736035,0.6584607116850941,3.9473528936904088,23233.60052015286,73.51146890669763
234,18.59487006052939,29.839868898327232,0.13163847679556767,0.3225666601866471,1.5840486430463616,16539.934290079815,89.69073079772093
657,44.22493885884047,50.78536791991437,0.25623515435635363,0.6639689602475948,1.346862224860736,31873.827306247327,73.43157209452129
750,15.600790677774734,35.37866333991727,0.23598102012888852,0.6926911447989182,1.474628518203711,40093.16177454643,73.66100903669142
587,37.115406750217296,44.36233008684431,0.251818934297444,0.6209512423953591,3.6376550004075336,41914.91372618187,71.22286332520801
1032,38.05799414365525,53.93135969995518,0.34999286293014037,0.9288392259557348,2.7267659003427065,53161.582442938794,60.96074618629708
1097,22.309701481915997,32.00462318833766,0.3045198234213642,0.8719545999428845,3.0573943409727176,46819.474355758925,65.77144243463968
953,35.14675330839112,40.85866659990564,0.3084582427249296,0.869999568315322,3.7130367853302264,61809.440792124384,65.14071220355491
491,17.787874331381698,34.182812082749194,0.17433710275853492,0.5100061699014615,3.691553696957526,23146.972348016425,80.05021466441912
912,22.711417992962396,30.716340195485174,0.27148805606155557,0.7967565853266511,3.0863104630255465,37322.20580746513,71.03013097417126
1276,38.63705964876795,56.210539901928556,0.3891179946398922,1.0871066059275687,1.19238550094463,78042.03945903311,53.97624609557109
1253,40.940585761006204,59.415215089527024,0.37568812382835504,1.0535882986639216,3.4518066223625192,81545.59563980714,55.295656700133286
1197,33.25459237979374,50.73142141683671,0.3476664729864174,0.986324312412221,1.213216119668723,77309.21262991865,61.46488476541381
1191,30.205152954614476,32.835295421136976,0.35658026454645175,1.0268894084301483,3.100145849344512,87995.51136136454,53.4107823994762
169,19.779120618569408,35.951840828661304,0.1278656291375743,0.3241763779203046,2.8996107329070604,10872.335717993436,88.7625304911119
1416,16.893270992374504,26.297381389359096,0.37048665396410074,1.1076695961834524,3.156110975491563,89911.28726516699,50.67724395154676
945,18.52947085420676,36.25648341748681,0.26953006812642283,0.8012629886732974,2.364399882498355,64141.1782390364,65.3503202773367
794,21.820719002882964,35.30389573120826,0.2653716707879129,0.7354467036157206,2.735541637872269,19857.352253229077,71.36819375791072
633,25.250235056907623,42.25581147149887,0.2272453720870132,0.6223791344259096,3.8366202815198935,27295.95416409294,76.43818836688058
1217,26.427285765329618,37.41705762293265,0.3700564729182069,1.0397898947520063,0.8538100796097521,75308.14839369459,59.47259367273668
28,25.389653057670106,37.0201121404509,0.10799096781004067,0.22207195692960144,1.58096546173567,1539.6066155543883,94.49864203439765
1188,22.171659965917968,26.77063734432398,0.30860984151336435,0.9282759891012311,2.6397495458443383,40247.776956318085,65.50082405189349
1445,30.291727402550944,46.40349985895934,0.37580469945733325,1.1401509131373726,3.8741894554602125,58069.7156866474,54.833595942090284
338,39.7585832469869,49.30759625699239,0.2033566659124285,0.4763232122803583,0.834510566819104,14141.795127287605,82.31711075544816
1388,23.391106154144378,34.392548283032866,0.38738715383159683,1.139492446640778,0.5789222753553025,74107.27091535873,56.25913608973037
1365,43.271610573066994,59.40336942678973,0.40170493984689554,1.136223507828912,0.695123594646148,90881.58373210346,53.023607329393954
499,41.200099851715436,53.97931705314534,0.2532099874312024,0.5923994267159183,0.6834199026141958,35740.669905453105,75.65525224947041
510,19.85292634056329,25.472703434531304,0.20833584205106764,0.5655049377238547,3.6773555022209155,31877.356527767795,79.19093030633823
1350,38.588278702712834,51.212466567428905,0.3992820250398372,1.1430822492069834,3.0244026777683866,90649.15133693466,47.09161079520746
216,32.237621469532996,41.5750129131668,0.1630697823626273,0.3910233299575779,2.869872281686974,10477.036351276374,83.55359266532439
1324,31.997260865142557,42.44872062193208,0.38773982390417033,1.1081994875463403,2.329004870916333,58903.12615899542,57.66733946368623
1155,26.731282891745234,29.240885830993253,0.35336251475669567,0.9825996006959667,3.2368341594025316,51553.917731328525,59.852110045469374
1093,30.034589975460293,35.81511826675336,0.33549053961837644,0.9596494451996618,1.0447679746655678,60991.50557377865,60.560394177180534
1275,26.91536332287633,33.97404878773484,0.36071004316846417,1.031238243503564,1.8717941642595308,39795.08997918282,62.11664694105063
1438,31.191978562798283,46.025258704256785,0.4067069691014631,1.1700192234365658,2.2150148776752023,77615.63174261978,52.198789591361724
444,33.838501583179074,36.04536610254515,0.2118506059808504,0.5832108502257393,0.8864332418685419,25865.94949607871,79.10924900199159
875,35.22911419227145,44.58710489439583,0.3047023302572929,0.8264204174292648,1.9682979826813094,41077.25738402295,69.750251553572
1205,30.974435776782784,49.60691944444598,0.3372486386227702,0.978284141735487,1.6077562274191712,87553.32240046284,59.91332551289968
166,36.64266201986195,40.65651311774618,0.15964385853919846,0.3495067854132102,0.6245375102771192,9198.170160750475,87.22532889736337
90,19.238341478265173,30.53398046620017,0.1110810880323277,0.2678704716929864,0.9785739095523234,3239.9976250648133,94.53376240574444
713,21.359474727067155,37.5168776101024,0.23459047778361258,0.6837334889749233,3.174128881086151,34909.05957750486,70.97247984266164
38,39.5620501222281,58.5276136575902,0.1445657646866318,0.2915944678073058,0.5631326832662555,2233.2684305570588,91.80812393827433
1149,24.675839335392457,40.117818846999384,0.34836335487647535,0.9646654695870025,3.769886546837264,47317.49320714852,59.86704100979077
1474,15.686814749283608,30.65699462488292,0.3775558008096116,1.12966102111576,0.802486213565331,42719.58638350101,57.754059141364635
172,19.613734490040933,36.490520113564656,0.13054467978715878,0.3284946023650501,3.2973333297121035,9317.54645851361,86.2848841407347
652,21.70843303488934,31.740055012485126,0.23987951367429422,0.649503316143929,3.6451578933021476,47200.56749700157,70.59642458643681
753,43.719686636837615,60.224888223958615,0.2896550183330938,0.757885545382093,3.793974546976565,37087.960256453494,69.10520628402966
1243,32.19124286792548,34.3346021533436,0.35409785371226293,1.0404672223704134,3.536169582235904,87389.6793622134,55.788366039947135
1081,42.98192221428764,61.62402121107013,0.3583216329194545,1.0169331535515354,1.5064251379890512,72158.02495149006,57.13505667846385
475,32.25490051489875,42.234417686207905,0.18749313966181677,0.4857510972588282,1.6658049596846696,15376.053611307105,82.63284877453633
455,29.380633204135552,41.34147658571901,0.17677759602864435,0.507870357780102,1.9929099451352659,27485.865721759234,79.92095069737871
828,24.411830735822882,30.999711216290763,0.26775378194280836,0.7544706924991358,0.9875384129248529,38728.27273797991,72.83110571722766
894,33.19112833300127,48.556683324128855,0.2717325528351838,0.7467875387800088,0.5779535927352835,33536.01073925328,70.25932621845793
1384,19.175940738525895,22.555385255080374,0.3520002040527699,1.1009908593363584,3.541925649983621,82136.13421213585,55.21354881619096
1024,41.94784881878118,59.65529326462422,0.3348947120024592,0.9198971189345901,2.439450506736597,63624.22879520877,59.17274351586217
386,39.87997215423851,56.786075076352674,0.19974578081101815,0.5100910628296249,2.630530297623757,13121.99895158239,79.03809595787162
347,24.52594343630211,30.415025528707908,0.16697382183713305,0.405180207302606,3.7444596618622836,24540.615233675217,83.40363870231359
189,43.58392582803883,60.15176499717355,0.1860965530637626,0.3945075251265509,2.827920623397655,11823.341455341117,84.07099194881937
504,39.75602302246705,55.910462217573716,0.2326968541585734,0.5592522860924022,2.917987265189347,36121.06257837761,74.2302629784577
1214,34.98920657505119,48.369105334622276,0.3543852091323078,1.0541242698123814,3.2543902695285976,49596.34437895604,56.40805832512836
1392,18.652857333758245,27.37622051795262,0.37925012539535924,1.1347911573893186,0.9072195745009133,100177.71709571188,58.26368442234701
1432,29.347020691442168,36.23399826671579,0.3808054690174424,1.1161472071552216,1.7605675362482702,62185.86430122807,55.683023973122516
823,30.183226645402527,36.355331270610826,0.277185288378526,0.7310895680352392,3.888727746961782,22795.855682737172,71.06722654803298
928,21.9765407509614,29.71150208070633,0.26415222175180575,0.792063767429842,3.730255273352123,58601.77963609868,65.37549540898293
933,17.398961830779058,35.6630138125646,0.2739211027188635,0.8237537633085235,3.594263537085647,56143.6549217211,69.5712223153163
1140,38.30170891415078,41.69924288194884,0.3514171437893756,0.9429995004385321,2.0823097861864035,62580.92655900995,61.43804853794436
133,18.66105156373185,35.58073453628511,0.12474448224272738,0.2842578852714095,3.50017533755382,6582.793400154757,87.54702406406871
57,32.82872251685324,41.108743867606066,0.13426433974564878,0.2618055135144993,0.6693855868101797,1516.6710204194994,91.29265815087358
684,43.093475216509816,54.48226434471427,0.26711555711310303,0.7114775918539353,1.019810984899911,38461.22600198928,71.23891941524694
671,41.283155777941275,57.583897183614106,0.2589769151477202,0.6717757164063741,1.9488869446941894,30759.801340724724,76.03003655609918
172,23.332578712477833,41.25135655889132,0.1279141900946346,0.3157382976660114,2.1918722333874423,9117.800863572127,91.63056788911075
814,40.54345912653796,48.74952468784561,0.3126426328534193,0.8042642530368825,1.4222750373229989,37823.378618082796,65.84034220334478
1172,15.009975183614682,25.323157846566666,0.33061063517831024,0.9479671459673922,1.7476683479672561,85910.88938004067,60.04199387567821
79,15.530634288397717,24.99192345509998,0.08717858672310892,0.2073405693331794,1.0697163535887908,4361.230159545846,93.75306435316912
885,33.07659491528595,35.31511351835634,0.3011554432105854,0.8427802350999082,2.211969111005675,55278.70762915917,66.674237588393
1236,25.943946574335886,33.270918573791704,0.3317735788596991,1.0217780088012307,3.2784515250375144,88766.24135371293,59.164370675499285
202,26.593825234774414,36.859231441960524,0.13911422585897518,0.3513287202200338,2.81476137781457,11025.153161459071,87.52072133904744
763,31.933232720366476,41.33291768021439,0.25719082191210835,0.7188720964078823,0.8772728657793945,19535.185054924586,75.3043883995226
1252,20.753473667755816,35.748199763038045,0.35259974191123605,1.0491399698250834,2.206535611888506,33446.65906223995,61.919930681568445
1250,21.35266051996435,30.279125629944208,0.32979814584204453,0.9988908461425282,2.941762339729037,75146.15213136637,59.885398049140484
1464,29.53804761056594,40.346823692038,0.4061695975753566,1.164621958971555,2.354633537938794,57029.03196627396,53.41776037041967
1425,37.62760633031589,47.36056098869843,0.4102623138762914,1.1631015591870988,1.8708645878744212,76905.80557354135,49.18275874419731
46,33.584932542227634,48.9162032223263,0.12461537678716017,0.29580182488794166,2.6767004744935736,1615.2375165085386,90.6631347391325
1256,23.92065144710517,41.4541546288705,0.36575713240165436,1.0423749922505614,3.8902353285509643,48371.62935387564,59.11239785697775
1328,27.910115325267636,39.48411874740289,0.3890172025738784,1.084632992395583,0.8321776841812729,66708.1661149522,55.606360575528804
1166,20.119942756499952,36.3297222520134,0.3219959573284702,0.9557351897798662,1.8650562126164623,86025.69971365959,63.06493717732607
1438,17.238894430112452,24.581054706469764,0.36861862585422495,1.1306668137757852,1.9231204856613346,80259.84817414088,54.63901767157061
1396,38.48088122232448,50.22553420515531,0.3910930292566173,1.1384367050060549,2.5193855866392987,100243.13769500903,50.719258000485354
1282,22.961622275645837,31.17576144170534,0.3522806546788996,1.0465932645761118,1.0326111065867125,93546.24866620333,56.63443138429613
655,20.332991635537446,29.788608295830393,0.2411990158285348,0.6349052654115731,1.1182506045466434,23190.60238277162,80.32526447998471
470,35.74854166707958,50.93199123370761,0.21420972993887993,0.560453747257825,1.4987648509924913,19063.049658020194,78.98641074859927
970,33.54155022861558,51.411474910604404,0.31837069328866896,0.8706141507306485,3.8455451514398185,61594.62563910715,59.834881628973044
1035,33.995688780403924,38.1826058199837,0.3110164043216152,0.8729838618365491,3.069380034308159,70730.03711857705,62.66664865452453
1353,21.866838145398408,35.29034476217126,0.3599859269934608,1.0884261466651937,2.815926555920261,68950.68924442156,59.35384191244937
735,21.97936615688043,34.457954693280804,0.24558338537178737,0.6796272854678095,3.359351905879918,54876.057972560186,70.82303574276237
783,21.624078893569173,25.755549598735946,0.2509067817676189,0.6828021911500316,0.9465176412084253,20028.05158126883,77.17294779173285
967,20.212577869868834,26.026675817790796,0.29207182908384327,0.8172741472784054,3.507664869033131,38660.304897545175,68.32721358778528
357,34.671710176849686,42.26975508203793,0.18471670150811276,0.46082730314879367,2.581914498606264,20048.43730434075,80.85157314248727
971,40.44047655748204,45.44523583219707,0.30758106762672743,0.8690633267942985,1.673651526106274,47059.02517601479,66.13759134341731
1431,36.72952409029983,43.116654775737985,0.4208799504838224,1.1601745415388252,3.3554933951099164,44117.942247980696,52.240657486912625
667,38.7628090128163,45.579623392327036,0.25156412513292353,0.6638637009507575,3.308975870220184,28940.699300776796,72.31500794459829
372,27.143952872555992,35.18608186725906,0.18375394602013184,0.44497259059089705,3.459980036008545,9773.316865287727,83.19887538002858
1031,34.62227386115995,50.11130201158081,0.3299531163872041,0.9279843979894412,0.9043126503744375,58908.558675180655,63.713705925047094
1145,25.627087213343238,37.92150688265405,0.31361664247636656,0.9686865932507509,3.892764357485216,79734.51058654134,58.09514878289882
1371,30.7651386590592,50.51757875418443,0.39622153149051864,1.1560514882783888,3.858691538264059,94933.1211853561,53.54436063838718
675,29.449045396045868,38.914290281460346,0.23823241884680205,0.6751784936258852,1.7511437592560954,40484.6259895872,75.9626064556952
89,20.30661435431563,35.876185683380285,0.10896377492850089,0.2836067290566063,0.7306290637417188,4297.677369965778,94.87558992920653
697,26.612362810068923,44.29879439484653,0.2390428999804823,0.6242138894885148,1.08469484314075,35269.30191139842,77.66170802854455
1339,43.91466826447053,58.13628113915529,0.4218552515512701,1.1453697665059264,3.9749078890564395,42641.71526650963,53.262061607215294
1201,22.457407731448264,31.87097305896319,0.3485497175447372,0.9887378085804864,2.4705453011008207,50503.07644180814,61.2427803461075
539,19.01411208838466,34.57881544180822,0.1777048783390621,0.5464551812277726,1.7481762958911822,18534.271634678473,80.59241467525388
731,27.55741864871806,33.22342712862638,0.273903108516518,0.670331772706195,1.508709428475136,48289.867432440835,70.81501787313002
868,38.710132075804445,46.60607104904683,0.294237196826457,0.804143990247152,1.3994710735883165,61400.31931806745,64.42781448733419
40,32.46444689339917,44.30478148518637,0.14395326055661672,0.28445503699129204,2.8245346776906874,2073.8465228402342,88.68052304498174
739,35.429244817147335,47.786613788298006,0.26609639391289486,0.737284271354102,1.9678574103189008,45365.88129695328,70.8716575149554
501,20.690845445240317,23.089392003747648,0.1881725238295613,0.5571667696689683,3.8789374477901406,15567.692511223544,81.97361914029712
958,33.56844579023164,52.5805011878398,0.3062636142496851,0.8321394167593669,2.893450607258765,53098.80941297972,66.04369838350773
1168,24.705011847344213,39.244302729257235,0.3290021272448936,0.9443283439759359,3.272156068671364,70242.99564846621,58.3922461618203
1224,40.02910097864302,50.95176848281706,0.40010216733551823,1.0743325332268563,1.5245954200410599,58309.40952609773,57.665473019888005
928,33.878964180322086,52.67525439967164,0.3025942963674379,0.8689884094713564,0.7771524318801905,34487.87111944042,70.24169005140695
460,20.96568833325888,30.86940850777379,0.18090841234113086,0.5022929883550173,2.207379930836584,31679.613972452004,80.92666934154904
731,16.938500395322585,36.58634066018928,0.2308471083655746,0.6438333017316028,1.6010354129117954,45428.313714308555,77.1113749788515
751,16.278996278610983,27.500121908993712,0.22308464058797492,0.6559841997823039,1.2072910775277328,52564.64093343727,76.29967057350213
924,26.142257029504222,30.199400889467853,0.303055719401911,0.8373201465715625,3.8342474578030146,60910.20231439944,62.891805922197875
908,22.975534099629403,38.741951603896396,0.2628402598423275,0.7834123603820722,2.053958750197106,67662.99910288036,71.16933635782982
1276,34.382703703875244,48.60286275527638,0.3678253213370365,1.0377086328925964,1.1114800721707496,44160.62037908184,58.83944759128973
389,29.98001504935855,45.89377603285911,0.19712663319718504,0.47963614596102966,1.195277284383987,11412.244083787296,84.62606853674195
882,22.980578340161422,42.10653485722368,0.27278467798799716,0.7605102536944686,1.482484098626079,36911.8230979731,72.87356166282323
255,19.477133338505283,35.45394078622361,0.14544641850201104,0.3993591258794892,3.9976069386639947,8019.803231546551,84.84492599575557
708,18.815992880623487,31.820051720523132,0.2445636269281013,0.6599808487278538,1.4380402518185906,36218.80599688034,76.06812630739981
449,40.93981176421253,58.37137200670767,0.23171763901174988,0.5483652827357341,1.6508063160245878,25436.498926403816,78.86816397662696
9,22.304339052146016,36.42277496052758,0.0977834415557035,0.21107507153636515,2.807648447944005,485.22987682803165,91.67199162203158
823,34.55131943732905,43.89746246019566,0.30459606537317613,0.7625961334975034,1.528864817436044,31242.731571309618,70.01951835754163
797,39.32057783958799,57.26173359593991,0.28175779419121366,0.7396410469331001,1.2553148787089268,56141.63763410655,69.59877920787947
1265,33.42243933554208,39.416647629660794,0.36884178226115866,1.0731728906991211,1.0552301532735955,32964.15200626269,62.72656884346805
1274,40.78695694940837,55.65049989776541,0.3860695105837891,1.0486976558647323,1.5943893275972727,54018.4506347345,56.31506924585424
876,26.771811645854235,44.63995383478786,0.2777194056315387,0.764390440721319,0.8707049137007072,53391.87042243507,71.96089970307058
1028,43.68666571946845,58.850363074127785,0.33228122486932526,0.8832865543676052,0.5652630524517401,65120.1468143468,63.80878246394624
1142,18.99435012534291,33.54530766831233,0.3005522019990809,0.9156504111942719,3.3162459406713705,52310.3688870592,64.57707665992996
1015,18.064485889726143,33.61197518301919,0.29330098752324424,0.8956707194532189,0.982632298451018,26233.173022760628,69.71858865002388
373,34.76076438622331,45.13175885563491,0.18778679091694006,0.4718902646697866,3.215918974353348,20851.514615657703,78.72123196252817
1088,43.28493424239785,61.02000652122432,0.3732479563746085,0.9844327901566181,3.291398676453309,30632.350656366933,61.085381925120274
145,39.266503849089844,44.928360401539486,0.1568075844658273,0.330260156641653,2.382718342152351,4406.95437711298,88.83035692827639
223,17.292505783141543,21.58546127114765,0.12667011899136818,0.3399717818937964,1.58388685409533,12825.295524055018,89.57644302401434
1262,23.38103141804149,30.5201894601747,0.3601054607001095,1.0615075589670837,1.0076145681246096,51268.01337961414,59.96610060988159
176,42.90956654513471,54.477959687084585,0.17504105946474663,0.3833074591104594,3.078817873523497,7462.665343832625,85.18665563597328
852,22.591752984023536,33.78186530139162,0.26382833169017655,0.8000293996694551,2.604854450936251,42037.98147948617,70.87718548047128
1305,38.43511271360758,55.20589035178614,0.3814629079495707,1.1049450837855987,2.7940870977274743,96477.24026457415,52.3396696719544
62,39.75396587786111,49.03620169313343,0.17848494979571297,0.3372556128459569,0.5303418144579586,4542.870884290002,87.4431752647909
1240,29.863563103829453,40.581762777076605,0.3613449838302763,1.0274982230844893,3.746309554977386,56808.181960324655,57.37325732777319
826,26.590467295449464,28.831085594118587,0.2792252303647429,0.7980887391901641,0.7320156560629258,31615.11767111505,71.5439853594942
794,28.50373297259279,37.879039228565695,0.2555780107428506,0.7270401244085252,1.78382059799002,31862.908460765393,73.50141541582687
688,21.808940830960925,35.46887702406708,0.2254380277976851,0.6739040645626566,1.9094907737809508,26446.07665675918,76.28151377427625
1484,41.68172748386533,43.96087743514399,0.4512869138506336,1.2752024434232938,0.504744335742821,76592.63888992013,50.34426386240203
104,28.518589701892736,35.57446507524512,0.1418064887973418,0.30768339920032794,2.2398125827277897,5755.671000564828,88.4230928431558
1122,41.47378321368299,47.216997680892014,0.3619237874646989,0.9901476522763389,3.1348314807885345,55470.52367968426,59.138196495654235
510,18.170804397188224,20.926542117560814,0.18452589987640625,0.5450311635430152,3.3814402859017028,23153.856237327887,81.75595093005244
384,44.64825813000394,55.27493974846561,0.21375615854044216,0.525457391028981,3.5778894765705953,13656.672721342806,78.60534434746148
404,28.298192623308548,33.569211901415365,0.1806352778940558,0.4935721481312771,2.2070160391037934,19846.61294591869,83.49246668381971
822,16.434924611823163,31.810392325188005,0.23570135592225996,0.6849721505631574,2.7072266668537766,34569.32153728102,73.40145487272672
517,16.14065544712365,33.40335735486392,0.19491975273685744,0.5237353687209929,0.7783189965377457,26925.242713337164,83.40781722435011
475,37.38621772445516,49.20675101249982,0.22516074767683092,0.5502875567933734,2.2081337849861247,27910.74861840107,77.60243946810826
708,34.771066026110425,54.441798191490975,0.26850292021564354,0.7296919203281458,1.0418551420510735,40119.25097505601,70.93226830561332
770,39.063916743827626,49.172531030298344,0.2787588536080326,0.7178031261871014,1.793750911678825,37055.87310061535,67.303700909763
1460,18.161026018584177,29.40165380263266,0.38087844178850006,1.1715186642897768,1.6525685950260975,77091.82697243715,52.746529547191436
1046,16.06712601106645,35.87304558230595,0.28701381437239154,0.8784132595284435,1.9823920203452787,41047.97564924773,65.34712786210021
996,30.257378683427355,36.42525053079824,0.3024416767391517,0.8844146165814375,2.500728162909464,26107.164899315005,68.27975632480192
676,26.627856944483085,45.593683858667376,0.25512633825038794,0.6579609443555656,3.6600682647204854,38025.65755088192,72.20682099830881
713,28.858408100128674,31.629484092272712,0.2515318891686648,0.6884843142562004,1.8806962097162687,26829.069133258537,74.56255572027335
1481,44.74765226610822,54.78261629084572,0.44076984791508184,1.2273026732207244,3.9339591849904276,86561.02223055573,45.62852217071134
82,44.12249873012011,47.38256194851529,0.16300253759881522,0.33350238515903213,3.15659816817921,5112.734848347533,86.61097753868336
1168,43.26946169019578,58.39568706264136,0.3714793322427218,1.0188883467082004,2.2901836637593416,82690.18037246082,55.962566016852506
1108,38.51528030303022,51.466641148870536,0.351036888046312,0.9589137360476722,2.754092529891804,80780.00286957057,57.37892513241936
1101,25.645240807706713,40.36465755012345,0.31062422984587634,0.9158532174363248,0.8577845989618057,28104.458849349063,67.89855685284344
456,27.36392790788315,36.104575107307454,0.18696670553140043,0.5274313257389842,3.455825359597792,33980.53197328573,79.0447530390843
0,31.488481311567735,40.13915612413258,0.103498815071851,0.20086833191740341,2.5382510927238804,0.0,94.45700116973475
50,39.9160336921452,42.7317807134413,0.14588665155249575,0.326004984241103,3.951236180733606,2858.810400935473,83.97276941271377
684,17.061384975548034,25.36039388708155,0.22163167647931672,0.6591959909025491,2.727500603134972,17620.287855681156,76.97989301188005
716,27.728906576546642,46.45609781726371,0.2396974975154374,0.6547329591648582,3.4193905414321377,48732.1561455452,73.02475069723836
1469,17.47852990377806,26.30460757302614,0.3845580482239082,1.1567463787377963,3.299169599783339,47411.34680035285,58.53834032045822
448,30.439727597205348,47.404346309200804,0.20591401980395174,0.544326799287903,1.709114030138941,29956.19544810012,80.15730552719768
880,41.96702472018706,59.128883805685874,0.30298438952738055,0.790875400955143,1.4086371883162407,22684.752035383506,68.66454018678974
487,38.47454773691814,47.192888551744346,0.22407082002754355,0.5645245527005842,2.0067275420102852,27904.229791854577,79.86625092371085
33,21.8352725262933,35.2110687734247,0.10574196180319137,0.2385200481471295,2.13534470543093,1542.422530720216,93.58933982467755
1371,44.27972548796377,47.99641432887883,0.4041758974347333,1.120499466071542,1.3402964567782536,48037.55927701742,55.07757332837216
94,35.020511941392854,38.88672639460983,0.1445032915317452,0.31285108657337446,3.6310925567284014,2855.53854132104,89.55430264236273
1095,15.312830981922092,18.188668927832932,0.30263589800547985,0.88915734608732,2.398917518052261,51471.99138591137,66.92202574113588
153,22.662404540556587,35.12067622130856,0.11593281202610291,0.32780551581073825,3.9245553725374935,4768.2894107089,90.6112354131321
249,22.821398997597495,32.49067659486724,0.147640765345176,0.364236031987663,3.3350622231619216,12281.260315553542,88.0394658933554
673,17.0776291885758,28.94221160853212,0.22241174424371063,0.651933671892716,2.444967011371811,37863.554023668476,75.76723976867073
437,43.79479554227787,55.17411297142885,0.21872957982316776,0.5041677680353981,3.814640973505257,29003.344630320775,78.45995701138006
117,29.347658837277713,37.65131267691086,0.12662248117589334,0.2955107813340728,2.267061852833575,6895.09920751977,85.8381708571738
770,41.874437921156456,56.068959387978964,0.277664676533001,0.7414438349866284,3.6048727938153466,21760.191018186793,66.7739487596565
1329,24.66646510333885,40.31949895983388,0.36064294051543877,1.060485707606216,1.7535067341853192,53653.89178780378,58.38858227889065
267,18.757007112984812,21.020315772782975,0.14079319412159816,0.36782546700200996,1.8252483419143293,10519.51441589888,87.8183688542528
1077,29.230083297186418,34.960444693026226,0.3184149450074297,0.8995476335020132,1.963457390398259,76199.49600391788,62.15244778709476
235,18.418699041429516,33.25694466692958,0.11898851910042017,0.35187703852080227,2.4131897608013615,16071.439021614971,87.67134926560027
388,29.580465089326196,38.53962819673521,0.17987504993228612,0.4910392170206509,2.437215945695884,16880.869615998086,82.25037010075205
989,42.60891543658223,56.53362648153117,0.3288449098050445,0.8885706740489203,2.237396225869795,28243.627403393635,64.61624374120461
762,30.623044255026382,38.86837213024843,0.2718144756063753,0.7090446205672175,1.5710034075410861,53115.48880836034,73.39215960172753
400,33.494991806852504,42.52858454878597,0.2029376327614743,0.5394041459415058,3.7452226267679087,27763.799059283745,77.14589185639512
623,19.69915310921425,24.55537283562858,0.22236051700717854,0.5984366717504566,2.56005134072239,42200.34201275708,73.75168347091822
766,16.312068776399084,22.960227130389963,0.22843394858280847,0.6513322931297072,1.9270872566705823,51516.626725269714,75.84450788844003
1326,18.32423886539421,31.22165050053078,0.35326398552158184,1.0140643442955026,2.7791193626026636,64990.84027201206,57.86148858825741
918,32.95594727053097,42.75288327420397,0.2752814295510466,0.7995267533995092,3.187883652334318,31094.11283825656,68.36091096616768
1230,17.85035096976914,33.787799262771856,0.3359899059213482,0.9908395593953132,3.862548308798851,60115.5151034393,59.5277495177383
1252,26.27978669823934,43.62631588712951,0.3590685501354866,1.0523013931455107,2.248422067936539,62261.8204439085,60.03597022313124
852,31.50275821374468,43.25239374164636,0.2798892647488801,0.7888888089675671,0.8923447862276558,42171.09268823107,68.06762102575232
577,26.65958395889541,42.308395215904476,0.22167346603500862,0.6026121837337111,2.0426803050278948,29968.5891094211,73.22563925096344
74,19.910514043959044,27.434795281461305,0.08947178533421757,0.23153879849180609,2.1763969650871497,2803.330985067274,95.50834017638297
434,23.213739225423197,32.6832211026246,0.17521680854684818,0.5060597157001712,3.6394792736498585,18797.433630599447,81.97693167280089
102,42.84952598545731,57.67952415736027,0.16375354435523737,0.37465205126133555,1.881802689620336,4764.351619013694,88.12102610557963
1445,35.27946826759066,44.23128413829721,0.4146714693205771,1.1957853471672906,3.8366349271049844,45598.507387567115,54.889810876703415
763,29.881435160396595,42.474523993258394,0.2582443252103455,0.7058225576354304,2.1979616770001718,36447.14173352124,70.7663377197605
737,15.381446699606805,20.71815672309201,0.23627651657326074,0.6939631309655564,3.908231753426251,48290.8053890145,72.99462081536971
805,44.77246201468411,57.56834568415307,0.30192790519736734,0.7762716917274965,0.5286941239583677,53454.39659499827,67.91498331722886
1329,35.143648046839296,52.65089477692338,0.38104508645445706,1.066752757428149,3.6458538118222132,60573.41264282346,54.72364855789253
97,24.507674320348347,42.143187837170004,0.11658707553466376,0.2607237093991576,3.7589215818017276,4941.220313609115,89.55619653843273
797,41.378059799935144,56.41625911386686,0.28760194268675493,0.756758763141351,3.8635732751782466,21265.965735582005,68.59149724627352
1358,22.752948608754544,38.17650943212481,0.3552681377093238,1.0716009588304594,0.545767869611152,79743.97058421772,59.46297104755557
858,31.320497375482546,43.36319138819516,0.2968078528099861,0.8405810464234925,1.1009529279260815,38807.59237842042,69.01470544039643
434,34.08212291189475,46.606148534879594,0.19928400149086362,0.495107012276799,2.7881757608263267,20516.865722908606,80.59732347010487
446,21.631901143611852,26.037611609001175,0.17414019514425458,0.513838003966932,0.589154421072875,30632.901816108755,83.47484346562861
1331,44.35191836401788,54.3413837556013,0.3896103535229022,1.0935872331936312,0.7226314866177526,64010.08162000848,53.595525847077376
248,37.44575717936993,47.55973028932448,0.1481318356828486,0.33663050307051146,1.2737760579270467,6462.7838532253745,87.07702466144927
165,31.734396765332097,50.987357807351415,0.15348376221185406,0.3400659945956181,2.2935391906035947,6001.799849669765,85.19456088795846
983,20.417837945259027,30.177401472478238,0.2953717627608802,0.87118005517641,2.410658957433826,47951.75319325092,68.07585970584272
1358,16.615746209940784,28.503913818190423,0.3667618782658286,1.090207644305579,0.6199139297772652,62766.50827762557,61.23802791547888
1019,24.601794975629502,36.20032016265335,0.30151319678955724,0.8775048601207478,1.096285377735359,69310.85849444049,66.76525145743037
541,37.59562007740208,51.05733098419997,0.2301713148818682,0.6191756580351294,2.2489698566712937,28189.81962673181,74.41958961839455
758,23.079938949060754,38.54812991303488,0.2426826467650901,0.6736924503393935,2.5787921733019186,45087.19461858308,71.95366996157063
1129,31.186686614865152,37.23744038594085,0.33400779693134824,0.9313743477157729,1.019405937701754,54718.300118103885,63.31559542521915
80,36.838415301922296,48.35545484569414,0.1508747341112465,0.2677751087475674,1.8959449418143972,3758.6229362366594,88.03824100270184
132,18.238311439393932,35.10483017108248,0.11261147039149828,0.3054754058946536,3.6654050278093333,6245.492011930718,87.51128609328065
796,35.5589404834762,45.895005332551406,0.28409858892696643,0.7705679913849517,3.996147504661602,36254.67847381479,67.43293779636458
899,17.756126631301342,24.768362466025657,0.26089218494299865,0.7871499523234207,3.955250591908994,46684.32319414644,69.81927443510185
137,43.9538922638099,57.738655620223284,0.17851626358982686,0.3453592918266566,3.5858607860040532,5140.537302012186,85.75660058860754
183,29.651823901948188,46.4796370263324,0.126856259009549,0.2933425316930618,1.8813103078248101,12728.155023652662,90.95549368512246
1424,19.52028323129632,22.656808503989367,0.36163532471541215,1.0771700234898278,2.9030100222617445,59315.69102428375,57.62431566401435
1353,25.271509081006396,41.253737782336486,0.37494012340435834,1.072676702638056,1.9580727972446954,43804.98738209751,60.139770559097386
784,27.402493478857842,44.192156272169726,0.279111094470025,0.7796124915422871,2.76984459388471,23384.778761031608,73.45149764976878
983,37.74555033229612,48.05296302889104,0.3198400986670045,0.8970106528760554,1.5830136483931914,25234.736278154272,63.74698694997504
68,37.30271358229828,57.0022154050307,0.1297817191073231,0.27377365011638133,2.6217078876361617,3137.7106671273286,87.48740302923109
545,33.35821516011993,49.5189652928515,0.2357230573718233,0.6068527087113877,2.333154737934975,18737.399437862823,77.33527674563577
52,18.17792137675479,34.10384754487677,0.09999282717365858,0.2272241476854355,0.5856809303461998,1356.2845467268446,97.49318620736159
1473,19.54708114763021,35.0081754870475,0.3965963004152029,1.1724011557138767,3.267460163111398,75124.43958422342,54.21729054365299
204,17.812707619366698,22.523653477295632,0.11352190439129,0.2950643705147081,0.5416424128580446,12035.781196237767,92.03916270779963
125,32.3151834986265,38.225339454780695,0.15174705185736226,0.34710149114831335,1.5260457978865563,3660.9440681944025,88.42696910151074
42,41.31415324534212,51.66597561170177,0.12554373192300156,0.25045841235591404,0.5207342290890082,2017.9336231312852,91.42436478446498
110,28.014015367643154,34.76609366691354,0.12514630927373765,0.3102938716993483,1.8167049465331937,6839.957732304107,89.26428687902073
760,19.825445218732387,29.299782720745114,0.24577871796570405,0.690386003394958,0.7210618485744875,56460.65919832016,72.20933875342612
1206,31.74126975446901,49.733623733081586,0.356542673290929,0.9944496888771494,3.6972883839093442,70381.57778194641,56.03017354405131
847,39.352566505971296,56.190450559798144,0.30871105637176627,0.8415132019911126,1.95487753307004,31543.954976783196,69.963086783762
94,37.2513618453879,50.59207965802758,0.12503612352068355,0.2911822719226956,2.108235212025435,5717.802106961298,87.68337355384502
1397,41.44352339025064,58.889690486770505,0.41369712157749167,1.148792918472019,1.724475826317992,76690.37046336512,50.89932430475253
899,23.337062917466035,39.44496591977652,0.28847054616277157,0.8209282215623512,2.696271539706182,31995.37802174057,70.61029215267068
359,20.818616018033246,30.540344791169275,0.16403017430678746,0.41363638777664724,3.245428408163713,24252.43932396361,82.16810561996805
899,41.39449457825816,47.01366731515717,0.3011655923588493,0.8431359826158263,2.768513600671423,41686.82900388066,65.9521022551835
280,34.726809383340694,45.982428103508795,0.18552869271494796,0.4318455371297686,3.1187249143829465,20467.687166277763,82.32520430380296
1218,24.327867900226625,39.57998778574053,0.3357726330990163,1.0021429140321882,3.6709078222824116,74474.67135356968,57.40118853001677
1218,37.27044151717528,47.12599429430795,0.3598976529137218,0.9881197142760045,3.5224128608500003,69703.89611707797,55.8299271181698
666,39.453551534411034,53.455445910521185,0.25260574553998705,0.6618783754853245,2.8592045846379355,40904.14948796951,69.89623124711238
92,33.449347210233974,37.14724088347276,0.1333118432909783,0.29686581473608364,1.2512328701655,4499.246286563819,92.10159241012545
671,35.636523296397456,51.100608551082715,0.2573036487965237,0.697770362828199,2.731959978646751,33725.34833024616,72.68632995851482
60,26.25779713327999,42.8866422913551,0.10182459371952919,0.2597977337421847,2.271290835091788,4053.622156334232,90.4331214791983
633,31.160870020291174,45.883951424340914,0.22828528127328296,0.6192927967755913,3.0102673085364704,37376.38818476687,74.43704512775813
1074,30.724775121784866,50.13551969725945,0.3193047214849476,0.9191246209284049,3.415260769375202,75031.96656279116,60.50398134643516
1426,40.441433733923155,57.321170768214685,0.4065329809889799,1.1833709592213153,3.099525240152461,99165.94752984536,45.0
1028,40.19891940846548,58.45460651024317,0.3363654210824253,0.9108387356304591,3.4629640948644984,75891.58774987441,60.70831468832837
1489,39.98041408041129,58.784693582648956,0.4313730441248314,1.2070703537410916,0.7235323066935835,89355.98135103512,47.75269342598318
603,15.330948427873974,31.755212281602528,0.20350063495841386,0.5476066690950383,0.6106701338311238,30219.396787501522,83.97864841168992
681,37.486364534066645,51.62302369018363,0.26342604795561136,0.6829298108398775,1.404751986948579,22687.913392119255,75.12082779992943
533,37.76029170333015,39.86322616782435,0.24883050055954642,0.5770040598977653,3.652331294380199,32123.39191460367,72.27141958851213
1428,35.351364685654254,45.736228243670496,0.4105395653675801,1.161560784860432,3.3828073784439083,56518.64897665905,52.305119853363564
837,37.68793973674358,49.968861111946076,0.30061552195237967,0.8153013292077106,2.8895455422835905,32766.35572236231,69.25041435988383
644,40.25911114490126,47.731656048965256,0.2551720647920328,0.621413688249503,2.9526553360390055,23772.86640162779,72.84900260321899
232,29.10957162305357,36.835451667316065,0.16405920467272206,0.41435522209968234,3.043346642403744,15951.415865276822,86.52325308367548
523,30.061506404653414,49.362375887436386,0.21009948757137362,0.5547149225525244,3.7991094516966144,35772.27028073844,75.65709956044297
345,18.741421707341715,36.79221728099114,0.16059732669056934,0.43017349468615107,3.4126690330764515,19509.240174008504,84.22795574314225
1069,26.561276491420855,43.84649859045153,0.30320888430101794,0.8814022655584508,2.6818663545946664,52005.83345426583,65.99763486417292
545,34.30095539735353,43.609167828063526,0.22926425211458829,0.5588523648865328,2.830004023399992,31940.119037692275,76.69341740923448
1101,38.41199328441824,40.6585671917787,0.3372701842171431,0.9294644375746469,1.248090917213927,60952.981238926404,59.842810357981676
1096,21.516272930736317,24.96027336693917,0.3215929024063117,0.9662596842565637,2.800615888046954,50182.23680812163,64.67587011825272
793,19.13468697477706,26.754221602693928,0.255628138569542,0.7020328563583813,1.9863765434646048,34877.36389580541,74.08098236370179
248,34.89126013501477,37.17463256893696,0.1647162463944386,0.36508864843881533,1.035366547120103,10946.649421002343,84.65924079249704
46,15.056396505747319,17.365092580220885,0.10980854229774004,0.2529960713054301,3.3224098673630102,2505.006827258888,90.83711712041269
1144,20.351177529219896,38.85003695878329,0.316643572096505,0.9358567562123598,2.2858648493110096,65646.68717011124,59.91707847230359
213,15.872141410318612,30.582994448461584,0.10822409381391196,0.30860231676078137,3.9209876459129753,10136.049674939457,88.89029270969124
238,20.006553535646127,27.567761356872875,0.12982192736766546,0.35127527170824363,1.4858777406608374,17477.42825753521,88.5754182308401
1079,20.439578397765157,24.827180794582315,0.29623774657195184,0.8999693481002654,2.1823453930677683,31498.476486341755,68.72903849100867
349,26.630207842511826,37.839650764623215,0.17685643670288623,0.4400844520477572,2.0679840913410383,14780.970602893409,85.2753048747959
106,27.06981374059668,29.16604463597524,0.11298599721446885,0.28187140082301493,0.9227283285140255,4871.095820564837,91.20758052275725
830,41.227874118307135,60.119321507753725,0.29306360807855186,0.8041538229368623,1.9914034759077281,21452.23575379514,69.4648701081533
47,30.303291374964758,39.76996352396581,0.1231521044552972,0.2466767520112607,1.506437097473237,2032.6493910203292,90.55030077920392
336,36.70214296836859,45.944172162640584,0.19199074488385523,0.4183452669818537,1.0611216497842704,12998.326608503754,83.38340379943196
1049,18.124120737608624,27.154805674080706,0.2959218033517995,0.8881223338640777,1.4875445441264874,52766.602373431364,68.63157425253844
803,21.763162663910816,25.01107261089058,0.2553863305182623,0.7777228481339742,1.3163809194323721,33581.88346940826,73.76281097128634
1280,36.08830322936031,49.57810354561319,0.3744716054836441,1.0612188335073967,3.069257358520573,78475.65663657352,56.00617070567042
7,16.58411881405584,31.778183967366203,0.0685307170714484,0.1890755045070572,0.6077131239070603,353.476373392677,98.74058391187616
624,29.597929867312594,43.76818702390182,0.23002747752717875,0.6197168043707346,2.661119617696275,19648.58168508345,78.7655576749027
1276,32.981068969888014,37.47290784981711,0.3758496357829289,1.09318077976972,3.1623146970826226,79753.91248040934,54.558804145599275
718,33.06436932157443,45.4834923462151,0.2583593887570548,0.6956761278495683,2.182532097641406,21512.31736936809,72.95748267868292
302,15.687984338041261,27.93870505314183,0.14569085240738752,0.39189773968856634,3.7604774300277146,20219.642437998296,86.61563791290435
638,24.663240126875564,42.29463430982044,0.22105864995865632,0.6386876562357717,2.9775824333278735,45662.3679913504,73.95636571016223
55,34.094719531474624,42.91901738223627,0.13913279986172852,0.2792739005901378,3.1177327795899603,2261.7245480083484,89.87419335268179
725,19.469992084477305,28.156739070347122,0.20837680549424129,0.6143582925715725,1.1892672060430458,51697.67045578125,74.64913576143407
525,35.8624694498416,48.995956506768934,0.22813934402891675,0.601413220425614,3.220534515436757,33941.46417696663,73.86550363139125
473,37.37775626441024,50.773064027401475,0.23284431600003325,0.5567822350465971,3.412331576290902,33640.602200239155,77.2646178192939
27,44.45907571338436,54.90620980524859,0.15929513658718336,0.2824449633510998,1.7644323594209634,1574.4646848431444,86.68173004344287
77,21.295259845692282,31.270328367639863,0.10567225799895981,0.2996076727702155,1.2467707381153992,2832.229551772474,94.68787575182596
1239,39.753920029983455,50.64857810146535,0.3640458585035381,1.0288830941397915,1.8476773772126585,86390.71452663475,55.79472457798526
1409,30.608897307559623,48.10771269861924,0.4066825230385528,1.16150354929221,3.08862789150048,48206.4746162289,55.05915592757054
364,26.203877884325202,36.50488210689558,0.1746891041005948,0.4558174897408693,1.9617365205404595,12977.702028519147,81.35208552718984
665,18.67130271975534,37.59007497521215,0.21875291004681185,0.6107771022487677,3.0782815632867577,25637.84442216709,79.46114621907948
525,37.065168194626125,48.13723593936,0.220201789980475,0.5880308203770085,0.8974758934213818,21111.465676522846,77.01162123435641
698,22.075727974310613,41.16134045156666,0.22125258114003865,0.6509946770437808,3.3210409867096953,35405.33951037297,76.29619077114684
1335,26.14266005619137,43.13363428983473,0.3749239518016263,1.070721145529153,1.386226185748251,80998.27880897243,55.08743691905693
882,16.876266806921052,25.400030614005978,0.2668512481614287,0.7816853045508412,1.3712514570010779,62895.78049107015,68.84301573677202
1030,39.04100747458557,56.58655305792466,0.3360974549671653,0.9050307440779983,2.5663333782135127,30304.535747778376,65.16468812509213
1026,37.9976557191493,41.978794834769374,0.3235548536223602,0.8765759171446617,0.7454131601144638,74609.1482823085,62.78150437846589
918,37.00847490126937,55.659324057443634,0.2969669615514473,0.7994470087746944,0.59204204339634,65238.72418974373,64.07649769215347
749,23.9833053147566,37.352888586248646,0.2334441240773143,0.6851341213120368,1.4136003285270724,20747.27349217991,78.51782032228736
362,20.20440222797872,23.18343570138032,0.1572033526951777,0.4257894046356444,2.3832364275718794,15571.812592217284,84.9714363989504
1297,34.12659793410689,47.723218959821494,0.3675946602207241,1.0899476726457482,3.6766573517882954,85157.34886091197,53.397791071967085
805,29.884991523396582,49.42144929800219,0.2536768860938827,0.7255531010459002,3.462523117075574,44740.9559555459,69.41106422781066
738,20.347574007139247,23.603985790202568,0.24480859813780897,0.6732662518962991,2.216562609723414,47198.56651078733,71.75997909922552
1038,35.577338131495914,47.561716907537466,0.3155640376481421,0.8970331979506488,0.6296819779272247,63267.83028319516,64.69980005432869
1215,44.73379295463911,60.19409125030781,0.3923068127235856,1.0308828288368106,2.373384571202582,60553.78437247519,56.05501841562731
484,37.41658763226113,54.001242192852686,0.2255738923656569,0.5626060460282942,2.966784599738534,13097.47671203113,76.73059277455873
27,37.199591600568354,46.64848597634268,0.1327425950773207,0.27647444962235035,1.6870758638376182,1463.7620727870765,91.73786128066286
713,43.50938258791775,49.184380652946125,0.29627185563643643,0.7446396729164297,0.8887215614857915,19556.401181563902,71.9905173444909
1062,21.088091027247067,23.850252045149976,0.2917181557138489,0.9009177854670138,1.474987836219808,58607.88870111545,66.20184835442089
1296,31.96649894764321,44.401569775393256,0.38187071785577437,1.1285952039438183,3.2005610256373487,84266.62388959035,56.07224084035013
1254,44.389401451016504,54.541800715833496,0.3866023771718187,1.0789508000330081,1.7293534129916492,68028.9826436103,52.51937189913903
85,19.958823329105236,39.036222441800035,0.13262834822450587,0.3167299444251174,3.3419352173999854,6362.3426693872125,87.7689462854358
1497,36.00755878333563,39.09844712220401,0.4176071732552792,1.2507978610994797,1.6183250813261654,71546.60753850541,48.97129739539535
125,32.574304379157056,46.91142056118516,0.13472552539705795,0.2915461135201401,1.0724426344483635,7805.171647524921,90.09770896405982
811,32.59437276566121,35.04376476382224,0.2816441032798951,0.7649854721113742,2.025469258297629,47330.49898013435,68.55438243064566
536,35.93011882560226,41.01593400639203,0.22697115232911813,0.5772054521532085,2.0829607930119862,39970.36933375676,75.01573933749833
144,42.88850768627053,53.05292968488155,0.15699238574954238,0.36284401710467235,0.5563787649226795,8735.176836555156,85.54752494728345
1235,38.47745819554014,48.66516216599177,0.36425214855172194,1.036534956651599,0.9096577544721415,41003.8976676173,62.89664222849382
24,16.6840831024863,31.026692875291893,0.10275021108884665,0.2165316069085373,1.147241065704861,1746.621247700689,98.1895440897501
1417,40.581840596271334,58.965675223890955,0.4029290648735428,1.150533834175192,0.8975556108253622,82737.01649368218,53.16014817525313
66,21.766239897771978,35.268818758240556,0.10896335539934895,0.27809448127233644,1.6953412639747734,1845.8161616610867,90.68709103338273
232,26.30742494209116,45.47105670341832,0.1595766912804433,0.35821753691603064,3.876179994659563,13427.792347101506,84.46954586261901
108,28.851984408371464,46.72106592617542,0.14034891867116928,0.29567181129262354,2.2822788841447728,7468.844796043785,90.40411524379962
1169,29.42718002259209,41.94817634214631,0.3366378360233698,0.9526199015272074,2.696446083547263,62953.096833316966,60.241288656345624
110,28.055411977660704,45.063667094199594,0.12604897594906378,0.30178670224861476,1.7473526748305988,4697.108009176061,91.78677826145989
227,43.120598826475934,56.68699581230135,0.17763926264280816,0.42877743676366903,1.6322071657510113,14992.32434670149,85.2633736913085
110,36.18057022992074,39.59461118654783,0.12901095283318276,0.2586184540936991,0.5810137017025292,7053.816045132062,92.88503987004508
1493,33.93511937870119,49.26528439737237,0.42184541258760355,1.205302466374696,2.2511677948660784,77948.1978133666,49.374578565541654
33,16.495260833488246,20.203612776300478,0.08997555812332458,0.2026862554024858,2.192631523630832,1079.6969203282356,94.97698757325793
622,42.11739990781124,54.81088995806606,0.2730406506216413,0.6965568362425693,1.0524075416339307,23355.679699770943,73.09054408987714
1392,42.28170576025189,56.929229465700004,0.4047313605474896,1.1377382671455625,3.175134000723463,86198.48446415296,46.6883261741331
747,38.40639190290307,41.60388885069846,0.28709974939198313,0.7459331780519277,2.2243601560885105,48782.168877500546,69.64156067955042
594,15.210876114408574,21.365179885086146,0.2108140937316592,0.5905501725739498,1.6864788955655066,23144.178757817397,81.19068614900385
424,16.7184075323287,35.2005077130384,0.16870753193273627,0.4945334143830804,1.0141811815802444,18401.283636359876,84.30509564203135
612,21.756711068054692,34.85037192824683,0.19420480642777269,0.6188183983292829,2.4325628943985436,17675.53568864373,77.1405460008968
691,18.9404822443472,25.37363058293677,0.22095528791425154,0.6188530388994731,3.134859591310834,41925.11031606257,74.51264379868257
1305,26.96508089111188,41.397316771776005,0.38278887302526493,1.062295525270425,1.4869977343974008,32858.43478515204,61.957398000580376
1343,42.67869174263369,55.4206673019441,0.4069279412001865,1.131943487491318,1.265780230518529,36700.26314986042,58.65334967991259
1466,29.16181302590995,40.190175624433024,0.40845762311053874,1.1602211007666081,2.326772374226019,36968.42016857379,55.05947782287242
314,15.402078792964968,34.973444342750476,0.14271249176958026,0.4155266655315018,1.0437015587850593,17981.517458400584,89.62754917758068
876,23.48237068736286,37.78453868069802,0.26993031227609443,0.7961987239130001,2.833146853079997,40181.556193283934,70.93612312015799
1400,16.337847251188848,25.095787225211275,0.3440022488153826,1.06187117233353,2.6187026978048067,55828.27329403312,60.09194997564547
1312,16.088628678405065,32.48995045578869,0.35252464952736323,1.0325588341000063,0.8047871735700002,92673.18627942645,56.240072208868035
1460,23.271595592866568,41.19409486544795,0.39934000323295693,1.157712423446494,0.6278213278348086,50574.604011392286,55.53893775241717
661,23.268370160368363,27.52234023167133,0.21922811746606988,0.6295541052385443,2.6710102840600474,29393.612743105292,75.18464139223039
276,38.61379807804812,44.22375167926292,0.1806390449410132,0.43346359772711973,1.5300282089605928,19876.302852802975,82.45501159733298
623,44.24503958343336,50.13712574773339,0.2599526663933238,0.6160868584910052,0.8025601361068948,28879.36943237387,76.62960049799491
515,26.13621281669995,40.578025385657675,0.2094739585732628,0.5380196399109131,3.1580004673477027,27158.362405411735,77.3922920628561
1373,27.866606365831156,40.721318356790256,0.3748895769165714,1.090985505322474,1.5991540105617545,39840.125889995325,60.41148765036084
842,40.34368308858064,53.48553125315523,0.30840077540899136,0.7909411438558519,2.1085984237337825,54316.00488821476,65.03009059313746
1469,23.0441706028654,41.97808999727641,0.3906015843669757,1.0990277033933116,1.3288452460881923,67776.63217713109,56.367501994479845
349,19.691454132103438,35.65786172263495,0.1336886777083599,0.362258963942938,2.695609774252876,22693.988924243535,85.59752488016879
822,40.59268870210951,44.89555334332161,0.3000125801561455,0.7627079256756873,1.555209453740258,30981.083109051277,69.40637558043339
1160,16.395017593201963,24.65014507685522,0.3247535450623118,0.9513985700577099,3.8880733642966994,53503.76753256178,63.340967182706734
758,33.59098320598247,43.42806883714571,0.25726134980931553,0.7031895759015524,2.960316420159173,48760.2046882339,69.47679783326292
898,31.859785424004205,40.98709402146109,0.29740684019775415,0.8034568265867336,0.9785279673071303,66177.11174025942,66.9296711597184
242,25.37761342505083,39.425168389964654,0.1674548235476438,0.41367608747302936,1.9584319388571336,6771.468845085953,88.71704003199541
542,24.45568563292077,42.509761491538896,0.20843203501762392,0.5828411153196239,1.848973849054575,35567.56240805231,77.20121190976207
1063,38.15573178544864,45.66465812885882,0.3503277522141922,0.9485916757266681,2.369864887521341,42556.62394438091,63.89345495599631
228,17.592738322876393,29.526526778457736,0.1263639269433876,0.3452391179864383,3.4467573606773865,11978.473402158223,87.8730984813996
547,22.10352927934156,38.312898873786104,0.20342741567411157,0.5457796877902656,2.541977053140506,21609.023446402953,79.27064018249389
919,36.973461955142696,46.46538701435898,0.305700711031022,0.8197010066240958,0.7154483715999975,51162.819464499145,67.73864918583405
1246,31.449617511792727,36.47574382298005,0.3582280307601099,0.9941206492496275,2.7939549388099927,53191.91634911968,58.50587868975681
5,18.83964625600759,29.388763630755058,0.08720207206118442,0.20162745783785468,0.5289285428105044,208.40372274442035,96.83861391959265
1345,41.4640684284618,44.45807380183631,0.3856213190476805,1.1164604086514405,3.2298616118913754,36176.351544941666,56.44843894321444
467,26.803435396907748,45.76633756894873,0.19369806944998255,0.5463242812754703,2.833226253439347,15106.525477854,77.71196652487706
74,39.83605125966518,43.182832953174696,0.1578501670735982,0.31412460333020853,1.5807498042340509,5243.189335802272,88.62867229301092
3,38.63139046583126,48.52361134034167,0.1182258803631442,0.25290443307596683,1.5235463160633052,224.74161433098695,89.11389968575298
645,33.73276339415184,45.27062609374531,0.2358041940735706,0.5838452480310607,3.2939554879120694,41296.78857179481,70.96554684848921
117,29.83443393885279,49.56990292002393,0.13368099159165314,0.29855862350201534,3.2416784217361716,4602.853854924898,89.19527458141646
880,44.38652521145271,49.3749180370242,0.3158848818564779,0.8219346106251083,1.7330582403186598,39707.58609151807,66.81405674974751
503,19.34895217139451,23.408719506416965,0.1930725515333289,0.5627104281245023,1.546317048279231,31173.51189088798,82.69373508754799
946,36.754671826533446,38.91138247365923,0.3115719579212205,0.860145018723893,2.459386761089765,69460.69124057527,61.13142569088208
573,20.73572104394367,25.536006907591112,0.20679008373247068,0.587233208936577,0.5292798099445046,27374.249041396382,79.31705560958025
1464,25.14789315997045,30.878806783188466,0.3895869385836509,1.161950892520361,0.7893346329528981,97321.04079910903,53.297495617468165
193,24.260962301195857,37.61141924969152,0.12436396304939208,0.32734561030591497,0.9415935655205786,14234.41510307762,91.46508872287168
846,43.41107963216169,49.3658018592069,0.3053082405812169,0.8354171953144429,1.1489413623951097,58097.91513566898,65.78278124287272
714,44.02068533364826,46.39005999877611,0.28808734063172114,0.6851992177987639,2.2920634433641416,25959.24595973637,69.32327041432679
1415,20.490463327041816,37.36959354608661,0.379131472917607,1.1238819756754368,3.972846702013927,35943.254369200324,60.294441807290845
1049,15.661054808925126,24.241777426996528,0.2736796883484574,0.8706116830509402,2.7841469061157373,52034.685447622374,67.05665840620908
1458,36.600241189893396,44.9667815483466,0.41731973601287764,1.1461558141516002,0.7145457805722826,75186.20463058495,51.9899359648951
172,27.53969801611453,34.98432054113721,0.13055170077365735,0.34222039800383486,2.339527809217846,6030.753135140059,86.64616513578476
1323,17.665207352626933,37.22192634126251,0.3638520547574677,1.0505992008836549,2.2382582433632656,51906.211027281985,61.34130479117731
325,35.512623167311276,40.574700678878344,0.18928794416390635,0.4593418515735284,1.0045873553631732,20558.738863788887,84.02068383470038
1433,31.35316584782099,49.52145099897922,0.40826917129694806,1.1475158179374292,3.720953290808427,69525.38108679603,50.835977776334964
1141,44.41550466003318,60.39796463855116,0.36724269076421495,1.0162742624480383,2.0426783668637913,46630.050469394635,61.79047166016029
835,21.82228487584137,25.198924074829005,0.259984019762708,0.7402135860907784,3.980956992134089,46869.636642360136,68.90372680769832
723,27.119336289796447,46.88046011681172,0.26379712175612535,0.7226724832344946,1.970253033382575,41672.26517853693,73.35429065252801
224,31.276374101862686,38.16096144556488,0.16708049216997553,0.39880318732925746,2.6278519593926326,14217.232700616985,85.34017969248765
531,38.75099965360055,42.52549234000397,0.23488058582967658,0.5783808533144351,0.8666688775800402,17435.6318025055,74.97739270659369
112,31.465159701601763,48.392815915865434,0.13333365514182954,0.31483756997810597,2.089797383324042,6952.496613031145,89.89412792226007
139,33.387004825858476,48.107164432057075,0.12750226239640827,0.29533133371543524,1.3356806290139065,7641.027325167409,89.98325315719727
558,21.784411547698223,34.89435005350044,0.20841449844413787,0.5745799600097649,3.4244767949993227,15556.25504194804,76.67415008614019
0,40.4075618426568,45.215217389237594,0.12955408399211646,0.24933301356074375,3.2437185470363894,0.0,91.6008327889939
89,27.858916409114272,38.471846501721586,0.1290573932890513,0.308467109274637,3.3846299986887547,3929.7072519326734,90.03042614779078
653,19.228788825653076,35.278797309622924,0.22763576606665398,0.6451693646947331,3.03263303215283,27111.93750586267,78.5583845641689
319,34.92563743516252,42.39086832175165,0.19598048582079752,0.4621621520128622,3.414391282670179,15121.79866772707,78.69517290886786
138,21.482713595559225,29.093130508829972,0.1239353563000625,0.2902081920169618,1.202900625612223,5838.60803341229,90.9209847818246
844,17.926875307178992,19.98341161604519,0.24419014596307592,0.7052483453590768,2.0821532180293056,35375.651991258164,75.4276878538731
258,40.85960725212817,45.995988481745,0.161826078995075,0.4001044231799039,2.9214640798108884,16874.20191333807,80.48359554232479
901,28.80486793465319,46.562169186846205,0.2795627372657385,0.7832294668558509,2.730873742772972,28133.961709174437,69.3466662738051
689,37.47851138087329,47.42994823035202,0.2760919077567973,0.6693503661566803,3.0072406900593043,50662.172337689444,69.9879972636222
9,23.717626794190654,43.43384778041046,0.11747016828137571,0.21796363111772588,1.284904341029311,474.7192399684545,90.96581604397616
260,38.60910404752999,47.73184739185825,0.17683920057736824,0.44872454680367624,0.8445214816574641,8878.011979477067,82.86013662037439
171,18.35807781064591,33.23143399669025,0.10630656307846831,0.28276834799437306,3.708823023261717,5396.89237906592,92.37609557666526
897,25.67920121384558,32.7537439861307,0.2742742666776628,0.8095723755634033,2.4606016344857546,48954.202516253965,68.71244895660918
12,44.341854539205855,52.89042807974266,0.15246176730539043,0.28062112622250296,1.0383907357759383,679.7996663081567,91.08181191755543
1191,38.81969149104018,44.25275926767628,0.35992925124680936,1.0331066541993876,3.2770280366057656,32932.68466482523,60.23024170978383
320,29.917677909440645,38.16480054242975,0.17972659529555643,0.46701519470415526,3.702254778202489,11888.030626060572,86.33007927504286
1342,25.193324146856554,37.04359951442813,0.37047223130669343,1.0648527690300191,1.0934723149988819,86925.49491396044,56.66698051848502
328,41.1640710006743,61.01598285830079,0.20502817459171915,0.43747429617391087,3.360943593441887,9013.843894993819,82.59056090471857
784,31.34543277253547,45.301063607827615,0.28767097553454135,0.7207387611008432,3.766287714616949,53119.47562511661,67.27389974596583
776,37.752750536073336,43.33917771542299,0.28660331582749005,0.738150748913874,3.7842656010360605,44936.70408922174,67.84822914393398
910,37.62323040948492,40.432536358132836,0.30871562358534915,0.8722514368135698,3.699547615787254,42516.258301025824,65.77175367243333
1442,15.538370357054754,19.812787020715945,0.3887604763721987,1.1351013301481876,2.4124735432603597,61027.80841080304,58.01207113480326
1118,18.787613483778404,30.913607106693256,0.31467074798380745,0.927709776582038,1.7467396103885422,29026.01707915317,67.5053531142846
317,34.78888099184227,50.561766910544065,0.17504828701036854,0.46292468173651,0.5254548269290324,21004.656890166712,83.76964143115624
235,19.84859433857614,38.77614006998959,0.14357184157484715,0.36849263715205033,0.7131927940503449,7551.981784130323,90.51236043174112
333,22.66480033966814,24.949617435610914,0.166404156100666,0.43440280809121473,2.000936553540867,13478.874164503766,86.16137846901265
375,43.399138625988215,54.80882117410187,0.20871925382927042,0.5129163684740273,1.897641512370286,20045.755881802572,77.81009708524712
1482,31.805467751247356,42.281080163264534,0.40483507497783194,1.1843814850835979,1.1464986834945912,55278.05166527994,54.99648240187123
1160,37.52188520998041,51.330875605543085,0.35406117554681177,0.9868840685561044,1.8841800981107988,57834.14689762768,60.065557853380206
587,31.739422163479198,43.81184154385535,0.2255599507519408,0.59104295403838,1.1112752290937884,38429.21202348092,74.89885500739044
512,31.575408443481756,45.9421131539664,0.21289321869983463,0.5618416402571107,3.470769384715442,24845.771130631038,78.70691550622554
1319,17.824557303770938,31.670043829256365,0.3410211485851233,1.0587133742438108,1.5436820725645959,95560.05584468735,57.84717502504852
1343,25.30989577827309,29.416106825716124,0.37308133843814434,1.1205376978657475,2.594975225554085,90484.66665827134,57.54850742252855
917,23.472926960595352,39.8678494057323,0.2834578670607789,0.8127949733043129,2.2599507169968036,38194.84894141163,69.57359500591669
1372,26.721850968408397,30.940037331302243,0.3812957197091115,1.1214580863528534,0.6815872715789728,61737.40174645813,59.31023836729565
872,38.95032564672985,53.523876900494315,0.30167695789909316,0.8162069636221679,3.7978180182190817,40257.04529818219,66.54845222131428
1252,26.157980037505947,35.64859665503687,0.35093932751476126,1.0201806057296416,2.345290923876692,70498.83375307462,61.374566678130364
269,28.55090457695048,39.800217799329246,0.1753218671304361,0.428271382128777,1.6377017518713535,10582.40255758586,84.13836925983921
797,26.921441714559496,45.180805973322286,0.263916942297497,0.7592869874432462,1.053442993715739,58549.57818207696,69.67357260480699
1314,17.802239159258868,35.82014623578162,0.3610421467790725,1.041123339414504,1.684843221543925,72840.55329365001,57.43408120796709
724,28.232164747523512,44.95357824931405,0.24130016966338394,0.6501322695498026,0.5717906105818633,32558.34004642903,75.30086510093584
1188,20.868278191335452,32.05094903954927,0.33522833472468466,0.9668138366768922,1.772453543719042,68013.5830401991,59.89028977124487
4,20.601698873191243,35.85401545560024,0.08465636737978234,0.2074208797217329,2.3602007455657668,179.08100210594154,92.41647335457425
850,17.82108313302799,29.053230132366558,0.25008064698312266,0.7574942087321719,3.5515318604783066,56006.3164416253,66.69455145460232
1402,25.700129224252944,43.353038708798934,0.3776812000492304,1.0942272835619669,2.9058104619422918,74855.65133467565,51.274584280312695
77,37.72445654368252,46.97442154187472,0.13610292340132724,0.2443519776290965,0.8905380959663449,2086.586438113358,91.24546772651448
1433,23.29325071750188,42.75748691696967,0.37849045487018523,1.117199572710802,1.0171121355328638,48489.62955089096,57.881038570339726
573,24.37047305656541,43.152282704685206,0.2255136970120365,0.5959381519012791,1.9984317873643114,39107.07732729617,74.98567763262353
131,34.28023973017271,49.62908688030485,0.14521459119152183,0.3034120397615974,1.1849771307357575,6961.993862636974,87.80359261154214
600,20.875224377607566,27.904710292776862,0.21400100264731123,0.5816793846004273,0.5974742215396451,43510.304295417154,77.39942010036869
1065,41.90873791270603,46.27850251098468,0.34224587618989755,0.9540407196296171,3.317552080413246,30481.488159831468,60.78578925275002
88,30.605715697546636,47.99037779922419,0.13738082443227437,0.30161939071065125,0.5683289974429795,3499.1467723782853,93.39046470284883
401,28.42808820960651,33.40352936008981,0.1906067392016022,0.49604052941410903,3.407413618193049,13905.54463345343,83.53110624575405
295,31.734605757876043,49.11129995982809,0.16937992507225474,0.4141422654544948,1.004363870615381,15544.144310373858,87.47562967690541
1318,19.981029402485863,30.814799523308352,0.3377192198787053,1.0173808556352797,3.9113744378249065,58176.047568166025,59.35185889015166
615,33.40419415917529,42.722216267721166,0.24197135290236932,0.6291076588943604,2.6135586913916655,20211.161172849093,76.05356889007949
799,25.893022099020314,44.15045611804004,0.2673428394233952,0.750389011191668,3.072440400704634,45652.9389626839,69.16693494646024
421,41.91559022893857,54.78490791466357,0.2082427020746437,0.48846483826274817,0.886692697888227,21814.080600030775,78.51847382407618
1046,20.065626200330584,32.4446783286655,0.29637730621366953,0.9070561726530436,3.5173642570801804,40518.705942796536,66.44649586189428
574,30.21153311596323,42.26932011920239,0.23059467124653601,0.6178107754094913,3.4371732000503847,28119.437968354243,76.58725434277358
142,32.94337888107054,41.6244301694221,0.12857747719092338,0.3003753705432938,2.785474560396012,8844.742036792444,89.78320298923369
992,16.001508053591436,32.14308391711573,0.273914494273084,0.8417655354854308,2.257962026083856,34981.47505771266,69.52643797373732
664,25.910793742684206,32.46116573496812,0.23839067690163246,0.6761157936234211,3.0252121059608537,26324.470790497402,73.23941074194914
144,36.97905704102499,55.87916632176794,0.16380829847056608,0.34756319717263057,0.5207487536790736,6091.999107077629,89.07921357771168
1248,39.6113252234692,57.7030589143145,0.40068044856965007,1.0756848424882788,2.573542643894608,77795.72968134438,50.864438893556525
1006,24.39485984451847,32.46950570666664,0.3195762673727079,0.9157610051167097,3.4659214722523277,67750.20675741062,62.64822293266808
502,38.95779817148254,54.088146028452485,0.22975329116612517,0.6188834523377122,1.749149605111642,21997.35126068443,77.28144995033698
820,44.03267631310167,56.35069381319431,0.29722308381138385,0.7852564137250228,0.8790127476902089,32661.455335190647,68.4384711174891
103,40.706218082252825,48.783905518239045,0.16124365884221453,0.31152810366887795,1.9730703741012217,7155.650805511137,84.59500966724376
1062,18.529319644779754,38.322709308697796,0.29402271005232294,0.8682152089642964,3.0448655717047743,79616.27789943124,62.64879439579148
197,37.19190996256622,39.646182187834974,0.15616286707567595,0.3868557553801952,0.8755542362973538,11527.983350668721,89.01780633346308
578,24.59000497321634,31.1376335243995,0.2117273494227817,0.5646685133870623,1.221169960745115,43060.439773187325,78.49630191341966
390,44.6524796823623,56.013812782363004,0.21299822636295354,0.5074322076403639,1.0164314639004497,22619.342417137243,81.04752157695066
1202,29.560769494796613,40.95592355741076,0.35364784522025194,1.0110291118929349,3.289317144513287,74130.96234767027,55.588711742455956
553,18.67301695076823,31.273812299788382,0.19192201768019287,0.5330521274880782,0.7201241785837039,24571.338442678152,82.28084491241881
1471,36.755566440821724,52.28573753723427,0.4185623534546216,1.2126035153830677,2.9030527574005154,68619.76308178039,50.820057099500545
1038,24.690335951586416,37.91293690093375,0.32293020641722603,0.9165955980047586,1.7825992226361698,33430.640961049605,67.09732909537612
1312,44.91234471244985,57.71741100195452,0.4034460965656402,1.149126234069274,3.145269350098558,86772.40096859209,51.0432170651689
477,44.39347373563566,47.35673406807044,0.2493543703524891,0.6056544623401424,3.875341965744132,34130.75788665972,73.3189380557904
1254,34.68402054061742,43.46156572082479,0.38218860709189434,1.0410085357989525,0.900908548552688,70439.57098262083,55.36888044434294
922,18.894793468551526,25.071796783172335,0.27810998930410935,0.8131393683831151,1.6003476437361046,38892.14091933287,71.80262337871379
419,35.60582993025087,42.38249193908643,0.20147013196111654,0.5291245918236569,3.3354389970159994,13701.642016592974,80.90685895302869
156,17.790914593800817,29.768989131927025,0.1271869089610927,0.33581386703581817,1.4315543511791176,5968.218591701457,93.31590477793875
549,15.880924773071769,21.47202044180472,0.18906210035976279,0.5309376774739005,1.2529220896611433,20736.0160523831,84.47753937298722
1464,39.688753386644585,46.97983720494874,0.4221574102230195,1.1742621382205138,3.388822922541401,81510.24112077356,49.43443409327067
1120,21.292588430510442,27.560113183822565,0.3198871636026768,0.909071853941032,3.954788274020896,80922.09806036185,58.40440565222583
1020,26.37081378657292,45.44386676450043,0.306687952849211,0.9081201833018304,2.44908206551788,27961.866234857054,65.23017063856062
996,44.2037216992852,63.20770487836491,0.330404766214465,0.9073432959341988,1.4731706191666873,24950.91051980351,65.0522904909562
1434,25.1052150558331,38.08416311056203,0.3717394409618375,1.1032629566700307,1.894980865600189,78883.04540733715,56.22393975318722
950,23.89469343849946,42.53609787567366,0.2973807161802537,0.8394006381914468,1.0954561458426315,37242.87194878647,70.84236821770257
288,42.546239988683254,58.69086760711397,0.1983959012454301,0.4508013352264956,3.166605476117634,19879.89612968098,80.60392568150753
1277,18.322453359568744,30.941515250001302,0.3248387967941741,0.9811549267736952,3.207159062379688,52819.93215978641,61.4999401503309
195,37.78747230343895,39.90330611038128,0.15710707111150934,0.36725216421294327,3.5629234733387305,7699.941605156671,87.64214074162949
597,44.64196699958322,60.54726014901249,0.2604745882919003,0.6551834117046891,0.5931089725879736,22969.892043366173,75.58674873273726
516,42.03888032323947,56.6836704718319,0.24170348418208462,0.6350692429115394,2.4669346956923275,16637.202943520697,75.84902212433823
864,34.55003756119278,47.624603320276236,0.2767155385327147,0.7645448957239321,1.2498940202011455,46722.11648877118,68.05143763801883
1141,24.42182384978196,40.10946146006645,0.32615126103413966,0.9135935267570608,1.69309055422325,38121.586013166685,63.73192563129339
805,22.629659435349502,33.862258401295286,0.26165586482323866,0.7150079630807669,3.2473446535027763,37216.404181559206,69.98244383763705
1182,39.57765314614383,54.25115202992794,0.36204018827329487,0.9893952774593093,1.1721177832652365,56793.44828830885,57.881189861547426
814,41.39465741855086,60.22775497962773,0.2981476113214456,0.7748385900650768,2.734196127033814,21184.02630793356,69.57911067810913
227,30.763047376370785,39.527537661600334,0.15205057593229682,0.35233061653621334,2.7909816692825937,5865.762625969967,86.48165356441355
215,22.330198223593985,37.07639125180524,0.14675235996418318,0.3785452720733986,3.839328702158052,10967.286404135913,86.13434756177179
947,18.388296252335206,28.950676976532463,0.2681837353660077,0.7782998271790197,3.2130632498512797,56632.244571049414,69.2208675341113
14,17.615384034954936,31.754577767606605,0.07660998567896607,0.19793234218074388,3.312723015037927,1009.4997375962834,97.23131520055799
1180,36.57232342061567,52.30440346059422,0.3594339154818469,1.04332454224866,2.3606026215626272,40068.03776526035,59.17703545559158
1284,27.603561835431748,30.421706843276077,0.34767186394797855,1.0418776021728469,1.1537328250682974,38729.2155657965,61.01622559417958
1180,42.16079622833611,55.799604219412025,0.3492704805760444,1.0001397169255004,1.9894717800142308,32573.186508701903,57.86624049850876
46,37.19013902180291,43.27148034112791,0.14441763102414598,0.32884748124387836,2.423213507291371,2152.8956406997854,88.72726803155744
323,20.737812537437602,34.798398217973805,0.14623338025926702,0.4295930475958599,2.8744673809979933,18138.829982475705,85.19230681664462
843,33.413322564470974,43.843265911279616,0.27209012930310383,0.7750106425107767,2.626981891411745,56504.32398706579,68.81096133315245
129,28.06516363194478,43.98911298551275,0.12381273949439348,0.2939607503943828,1.8789224012103523,7628.059490790697,89.79281286494427
1434,32.31749192305839,36.53870659675913,0.3928684775320088,1.1445883955426148,1.428595874485445,50789.46857666727,55.11705001625952
94,37.142073700155514,50.41587602996702,0.1416630327886756,0.3061695619930866,1.0888079512128908,4520.320722062511,89.52758516768866
626,39.18587643011372,46.19834955080967,0.24263688552336782,0.6335357516765991,2.928458851952932,44143.84063946091,72.77860017698612
754,40.31211979220173,57.66579570815237,0.28640610100696506,0.7495280514460166,2.7588953600936974,31168.1380553969,67.13280455639398
1315,22.61924623716074,41.33014933861428,0.3647008337858986,1.0706559544840315,2.9058036301523233,65666.5215047945,59.07834554099605
793,15.933467997520731,35.86863728374373,0.22771702148888615,0.6655678564434988,1.803846084809782,57832.11551862257,75.27921052640598
1306,37.178842054943196,53.506975298634295,0.3793767178804025,1.110292911455729,1.4184273789976076,80626.43276396245,55.29532154054135
68,18.190311787673238,33.75752505537732,0.09475005117496062,0.24909601167141837,3.159024650383239,4242.317311181753,91.29043734052065
10,24.44758765838903,30.326601318004947,0.09924510170311465,0.21783846280472524,3.2077658826936695,376.1670022066138,92.30722176351054
1277,15.114514023730415,23.162641085552373,0.34645586321729765,1.0309705554353463,2.094657308883942,58403.47485378243,63.136253317756236
871,35.4500844720486,45.83237022376963,0.30650330309412327,0.8348113415361199,2.6416642966856347,25361.00120286223,66.96205217510146
549,20.01396034413664,35.934819204217135,0.22481659454993114,0.5600461852081995,1.8073188248110943,30374.13505053715,79.95079120983611
1157,34.65847229074974,53.12785786215318,0.32802320528995776,0.9543266318183445,2.9568152004193236,34925.790018783286,62.48059463602376
711,44.752278515035165,50.156782315448886,0.272461599798554,0.6876368042610181,3.4250255882675495,47491.585647421685,68.28192904739448
22,17.180126148300488,35.78274087236234,0.10690034410735082,0.2902204893483334,2.908816470674773,1446.0091657219964,91.99105527815674
814,17.31234035854382,31.833584100916866,0.22941767753931927,0.7036649340025554,2.294039193964978,42067.727615678,74.2911978732429
345,25.21140278000025,38.20527593233094,0.18733545620170755,0.43924763449005894,2.105302858223296,11060.114072648763,84.6736703553179
301,40.99159542754026,46.58873831061517,0.19365670358651296,0.5247773799177634,2.748118778415105,7909.963697087281,79.33385988246148
362,21.465896063739955,24.465346654304664,0.16717311985770536,0.4346873722536386,2.8793381206046558,23470.42688252056,83.50444050758979
395,25.811334597910427,38.04370277105335,0.16782468933462616,0.45520802884002726,2.4555530523358864,21727.77454346518,83.77202137880612
217,17.055162198809388,30.78244449872945,0.12299869219757581,0.33166246583738374,2.687297962875882,13138.586558714534,88.58283721245978
140,37.89465873776668,43.68872482615107,0.17126308107263244,0.34455663615577825,0.8380603887308629,5626.649880154573,83.7641010453572
957,27.249190282783534,39.26540198764175,0.2954215492131548,0.8422528994057087,3.8311793064981434,48303.749005831305,65.560059304965
1233,37.777461991825284,55.19434324155161,0.36770993370154853,0.9902371171146578,3.267705723062119,76888.28761376944,57.36305599599005
984,42.10823533040385,59.13942234859421,0.3350736626246001,0.917406362807066,1.8087475439737433,47358.11476903894,62.61164094826893
992,21.982894413038665,40.675287663592016,0.29044361282305076,0.8227762379729165,2.469844138337705,54628.65744932905,68.97339376805559
827,39.22188091019854,47.80782548222239,0.2972952733184615,0.7792478975359476,0.6656358554774747,53330.263625759246,66.55707242821987
682,16.772816702347598,24.497709008264135,0.211448220083096,0.6415682575734385,0.6442973489967114,24389.02400358352,77.74575225572612
1483,41.96542164540742,57.45508975306197,0.42975931680473384,1.2048219597995584,1.3777941728918695,41963.62714585732,53.2872488563923
1003,34.52305642676242,44.28307971850852,0.31323535019911763,0.8738114652969886,2.9139557482761815,51745.94906716188,62.46361989559132
355,41.22680172415055,44.802677676650596,0.18541393704135434,0.4442551755950298,3.482517117300041,9977.7324302817,81.3062157368775
1007,15.005651986697456,22.09607233876645,0.28623088184587175,0.8881900225644551,2.4571505799294693,63771.15977136603,66.05442850208938
1347,20.072432110679774,29.606913250246578,0.347207135805804,1.0660782106110966,2.3624645885382334,82113.89099813567,59.20200917437897
1156,26.69278162279476,33.958077281367295,0.3329381539445485,0.9402700857680748,1.9080833682701308,79862.99241069416,59.34462979716975
887,26.38508710124156,34.36478737829335,0.28943085666076224,0.8056806769140716,1.0655928458530741,50539.57904780615,69.21792682588155
126,21.80191148770532,29.089877798844352,0.10382568841000635,0.2519214661989814,0.9142393546430563,3573.3446957399547,93.87998449087613
1129,26.448358196016002,29.19534320531143,0.33474355736152805,0.9877405547136227,3.162379164273381,42515.437483888905,64.23304596875548
1008,18.865461360007643,32.33316597484761,0.28633278815032864,0.8507921049945654,3.7462624295380147,65919.76496596105,67.17905028945124
603,27.38283387798078,40.134097444343226,0.21570043374669093,0.5805295899378877,2.103991257351956,20114.04238200467,77.90751964193574
1401,39.07062987477793,52.83153284739418,0.4285704926384165,1.188636405878578,2.8080598055047337,83953.55677043286,48.893490576891644
1013,29.372101893100535,34.83368002170583,0.31133864082865276,0.873244855553417,3.7006017780832945,64845.13511112222,59.609238026891624
50,15.54000266835645,22.861784417381187,0.08539907644094549,0.196714318618685,0.8153977152695059,2075.279494638103,99.04918144666283
1052,27.643321247377422,40.796407932386025,0.30788451327109084,0.8978823426033132,3.1966850859166045,43252.847100992985,65.37294550240603
1485,15.815250482725325,28.60854671500391,0.38744212564981767,1.165987387462539,2.658859095314513,78541.84907977916,55.31374100696369
1319,43.98730232120395,55.10124788958077,0.39565404237777385,1.1251395235046766,2.5952301259045147,89776.83364517667,51.63004139820159
1320,18.82361878268607,27.13105728286962,0.3592124185507824,1.0603449733992947,1.5238914996854942,47777.80932628971,61.28970585825986
778,36.23064978991856,54.66340787586297,0.2780365012686055,0.7469850072614976,2.893626741721869,56064.943826049464,68.11733304557613
1430,44.18328968676258,52.299154048141766,0.43552846001786366,1.1978368127523402,3.281792141872718,78586.98596463773,47.40620039886038
813,39.781171549997154,49.98231636586768,0.2817369486251655,0.7951899982403392,0.8950035773029401,60654.94106047003,66.95543613041934
1428,35.97946125378611,50.185510210961866,0.3985282901166122,1.1432324776744534,2.3673250084334434,42098.41989326604,54.023417572860716
1369,40.18382728502301,51.95821304062476,0.4013576014297453,1.1386182210918088,0.8544281334559338,42888.17824388766,58.91732436617825
419,44.45396079781883,52.69790837237777,0.22072725662038992,0.5448076169847801,3.554009067541756,27793.14578779746,76.824113495721
1205,33.640334917605884,43.48194114582306,0.3547350995482417,1.0146776498425052,2.2767285292972157,82226.54271013191,59.67505480488863
982,31.775544204879793,48.0761989262429,0.33626549246402476,0.8893604988356383,3.327879912412651,46422.021599012856,67.12364241793568
824,33.84714331389844,40.85346811265747,0.30312675667131594,0.7957641881517291,1.78829973183175,50019.7324570642,65.65782368806282
1024,30.98027660284665,35.54087091882933,0.31975110395390377,0.8914281695160275,0.9377737938571389,70018.93311721158,64.89225923610891
566,34.05267317729157,41.689610810227556,0.23547506709508773,0.6481542877163413,0.6452475653499902,15370.516406592851,76.27750502801156
370,28.49526623917678,45.786882117959,0.17862621067755774,0.4531961771044432,1.4852836727033143,19868.082825375284,83.60890281688326
935,21.553295486499213,25.155110353913454,0.2696083356378171,0.7792784322403359,1.3548179512742748,63275.22116011338,69.02503949625839
660,18.607416795350268,38.4579461160544,0.217394111185148,0.6247488995935161,2.461231909069866,29639.113171297577,75.44270302320271
1454,17.05022806596781,28.788280246665735,0.38261163364655615,1.1391999964272939,0.5760859332229757,58333.28816437343,57.2565835640115
968,22.899473512596003,42.626696904003694,0.3024552146408721,0.8540831279724193,2.321996905047107,62712.20355859015,66.2544401545858
1332,16.383706930072016,35.285642527619615,0.3591244980653711,1.0546004656344188,1.871201097042011,55663.38646128889,60.667235724827556
1160,32.01512339758157,42.16577025337807,0.33093250386362105,0.963326474235003,2.5199279447005476,29184.109294701186,62.16655085402868
201,23.51485341070561,29.087692753601893,0.13433743003987408,0.34419705682727314,2.958461348526276,14668.70450567211,86.5072904795644
1459,39.736044242610966,44.70397022078346,0.40658341283656196,1.1896198891910745,2.7193218077794366,79670.3900918068,47.723417580243236
312,17.227226189651592,23.547034739310828,0.15854288795333035,0.41691159321817944,3.9462552928067822,20584.47953187711,82.76851952092697
116,21.790544830244578,36.57293236040625,0.11265724571248582,0.2836381954676147,0.9839287035690487,7686.749061587745,91.615275211904
936,36.907384412704374,43.820484317871156,0.31054366766909847,0.8573793287970884,2.0040795312542246,26508.007673443895,69.05308260238921
574,32.964248891504745,41.109903744382116,0.23552900046305952,0.6295879018193018,1.986907578251589,19253.687722391536,78.68236291791374
243,16.934738137475026,27.012756609378094,0.16013087547306906,0.3696835348151513,1.9596862129602224,9855.116271229715,91.03768540932451
536,41.31718371486601,59.75537196245223,0.24251711682762728,0.5803741289958163,2.823294372149339,21994.74083910745,75.90873940492791
74,41.31785288478539,46.726934406712616,0.14505299539150826,0.3375731870574861,2.2143982119135286,4287.508635419378,87.98175646179425
385,24.912240116273214,27.00271806324967,0.16441405902051004,0.4653783795831752,2.3110139593453707,21620.308724489183,84.04365749049502
1233,25.21217530048694,28.293910687294,0.361610745086005,1.022745161376618,2.013245972513676,61316.45981430502,60.38816308643711
474,44.67085075050522,62.956644900747335,0.2323253368580397,0.5687844429623103,3.970948113564969,16856.9504557178,73.09883944536446
417,33.78528514779415,47.44058151497468,0.2175419949448653,0.5199991600672418,3.7464647208666477,18389.355343042826,81.46144437475793
346,30.939495617041775,37.8542267649423,0.19213512236357078,0.4731877613251159,1.5770346627752985,18054.17565444743,79.90295379948529
639,40.14456550655773,45.33403052475917,0.2534595699870308,0.6403147401963432,0.8905787366833351,30927.132447020944,75.90562388400761
938,23.55871015071949,30.85551141018755,0.27079465849288,0.8169569298932545,3.43917653413511,29420.01980215918,69.78883304064854
954,27.875477801890707,31.94182249241375,0.2992766467758175,0.844241044103551,3.9900958799900357,54831.65054004177,63.11530292581662
875,23.033300264650023,41.98089264976996,0.26491756524158405,0.772133620210568,1.5241311291387594,25071.0152354664,73.73287729404443
762,38.67482539766194,54.79053653623674,0.28014310921988694,0.723092883410294,1.7522472404461817,33459.21742538916,70.45937550835478
1202,32.20048036905654,42.523521553482276,0.3652914568066564,1.0296350901034403,3.79571613519821,72722.76379528127,55.2298952239934
1205,34.76475210420212,52.33407899627575,0.3439936830521559,0.9773729867996663,2.9889533130108146,31331.417954812317,59.55212240198446
663,22.569217495182198,29.059465172460378,0.23038457343104654,0.62781847091908,1.5347341612287266,35469.93045135223,74.23302388338652
24,21.606759041319453,36.514929273818936,0.10560947999149628,0.23808381445863055,2.5336627194937025,1001.4251689719567,92.29079563014061
1203,29.65123886948816,47.06162385173555,0.357983583356537,1.0609269380201574,3.8048035277748964,30606.235381877475,60.34730552502621
709,37.12697247278481,45.54880928200372,0.25241852323369546,0.6899315505475307,3.341345874310225,24474.086959111453,70.45234886854776
1184,30.757192725604806,46.391552743717725,0.35250775014894925,0.9452332825853876,3.0964144980503088,85304.01464162274,56.91467058188702
176,15.979370326370057,23.290672613127626,0.12919410647180704,0.31258290009895345,3.0794870910445784,8986.110368444795,88.19198121125955
284,41.05654518960866,48.43597362427121,0.19234542836321808,0.45808909628027317,1.123071135022946,21260.62630573367,82.67679428911683
62,16.940606805453946,20.867636019429295,0.09512427154982253,0.2163799069601046,3.3863843372977778,3176.931926130698,94.8739282595938
1002,43.67473451162257,53.595779348791744,0.3491455984289796,0.9363967669376887,1.4664152135521036,52301.21425574244,62.30351792143208
661,15.754258748318183,30.88907306527178,0.2067653293922481,0.6156948067659983,3.756283302655353,29475.411577430772,77.04628063885559
665,35.83351368392126,54.75748818420439,0.2393686982858098,0.6730689817947872,1.7762399685482404,26933.843922819528,73.73500167458234
155,17.46621191135345,30.334557766077182,0.11392644567339759,0.28753465262305716,3.501811389647898,5824.478036780322,92.63022036407925
1492,42.32029738305419,59.85673706229749,0.4383910466831483,1.2101335777211237,1.431817230812305,62919.17796334827,50.375955712752784
1072,28.932997086766285,45.737900773990376,0.3326553617878969,0.9392861373111665,2.3008442780378418,51448.01793626316,66.95654053696583
966,19.12571324451046,24.245888198065515,0.2867564522307003,0.8303571751773972,0.874098534211712,33423.21119614716,69.28472759500966
848,25.224470993695398,35.96918471412276,0.2784071526746394,0.7719281269738418,2.810416160486609,30734.703892561505,71.2994959788118
1107,19.94474026040286,24.049363899859905,0.32174259482184536,0.9602705111651957,3.426277463083934,42705.0029457981,66.51950873625518
1384,20.1174573467127,34.39621425482213,0.3636411446304443,1.1020521920977686,3.014565484558456,65688.78452161407,55.870945037754105
688,43.443249605143265,62.541443633572634,0.2730071061912106,0.6630100680955381,2.3314047952853008,39656.77981840996,69.92222515902597
147,28.357383368543644,32.82499361396126,0.14898644466858604,0.353565096052631,0.6579055751051082,9967.67420460421,90.16616933224994
341,38.664067917160786,53.873964271606525,0.1834265655920147,0.4704912547187201,3.7670435250980043,13420.597824040793,81.31214451022595
475,34.188166835330456,47.56845355095196,0.21766766228588388,0.5748994204875293,2.969213420025221,16238.548083109137,79.26923274425724
1086,35.29279087015177,47.79768153629757,0.3306184934511333,0.9123482237498898,3.1105248342786656,47721.41734138514,63.77051909028906
1383,18.950803154161157,27.972967378551264,0.37550422234063197,1.110301183312961,3.281382014287825,96421.58973111383,52.82983007261852
560,22.02553340446457,30.417903064033197,0.20587171200317775,0.5732786548286769,3.1171019907466375,14276.100393439905,81.88851401033651
326,38.60251005463311,41.41699545697309,0.1924809594630475,0.442224514406062,2.0439065743441676,19199.258441741247,78.96459381081957
1164,44.12298619424349,50.04534294277973,0.3883347712624538,1.050537056873076,3.067676402507814,56870.714701154044,57.794093518569056
989,22.880269277959552,25.153453159122435,0.2828001107614327,0.8301292129275316,2.6875937573361512,32688.73532980563,70.70316965953326
214,23.147062942531196,35.61257084300757,0.14125232061724843,0.3781574325657448,3.4890571678407527,8784.930331136793,86.04387784272053
434,29.186913984327145,33.0922722301295,0.19337256665767608,0.4907899042878618,3.3086093536807963,15731.415952131636,78.54599020576978
951,44.515209385663134,62.22955847819802,0.3345545319317566,0.85265372890212,0.6448103386354096,65515.919583175324,62.272349993962976
722,23.068768374794132,34.485342747343104,0.25983084461647776,0.6957456898991504,1.8261048161641185,35445.629160414144,74.6531346599796
1341,27.209157289027917,41.80357565208467,0.366565899478804,1.0809173430258137,0.621506532643631,71280.47133135064,57.21433233297301
31,41.7444004687052,51.139828121834135,0.12771482381386995,0.2549738700322657,0.8572622366813427,1695.215809972382,91.26903365764092
669,15.08763097864086,27.178067540659736,0.20588198770046168,0.5533692478653895,2.60493752701264,38120.19281794881,80.49678588586042
284,16.192978949657086,35.160844135056436,0.13685777707710498,0.3855023153909014,3.558376374067887,14136.890803338205,84.88806129425916
1328,33.122150312136576,36.61136302536265,0.38248660896130643,1.0977635445640082,0.9193866554824353,34386.80244753137,56.86448119279598
428,42.22140494138541,48.79228483601194,0.22118809784063664,0.5503690629795833,2.0788125061339104,17863.06549997355,78.23405748429317
285,22.16569981205783,38.20548969644763,0.16935800913587,0.40961976225202845,3.6880761668225532,9745.193680274124,84.08428273122894
1167,29.08925324042127,32.866522964309254,0.357826896927391,0.9874912416652311,3.350053442850557,68861.33488389636,57.6345657928734
1447,28.51395904973455,31.875858920008543,0.4094573829901387,1.1989552950441962,2.3188376376307547,40277.581526622875,57.80066272413342
1042,29.189140382865304,37.696885560438,0.34192266713190406,0.8955991068418505,3.2005000376509085,55424.15667691666,62.13859987369071
17,33.675590871892354,37.33461412439613,0.12899216631041102,0.2566482436991404,2.3294282091558793,604.0369639331558,90.72925493494598
768,29.092312889720514,41.62372484943217,0.27286817661456747,0.737487848860117,1.0533231804899708,55635.680197135145,69.87090476026181
589,28.424044239673734,34.49699875437253,0.23269579369828514,0.626955389038227,0.9365763962758769,24606.680747393468,77.8711326947191
1394,29.228652612937815,47.351215950526516,0.3936663583638135,1.1333949736846625,1.1592888122347442,57517.917038812004,56.915934136946575
1198,32.72602323813125,48.82902469334587,0.358996011718091,0.991555361292478,1.7282273323798782,85260.74161264434,61.21068556928877
1009,31.11022465054075,45.70491836033132,0.3100518788519283,0.8990145335827312,3.7568524368590652,46280.20257934393,64.41456189268423
193,40.624079929515126,53.72907242243616,0.1573803773806516,0.3660946011023201,3.298874447787605,14116.621524892413,85.69488283905326
501,16.48490560481,34.02728875095634,0.18186327151999887,0.48527587169417136,2.0148054642921114,13130.46732094426,83.82837857179655
987,39.999512144190376,46.01462925196,0.33305676128510137,0.8986516465575896,2.225768484256509,39793.104786225915,60.9542190391072
1136,40.31773837835172,58.03369754810782,0.3585580957664434,0.9941752523441614,1.429633101832452,66239.76014313329,57.9316393833488
113,23.547240645928824,39.75810201756177,0.10904112435066508,0.3152642282887604,2.9652353476524556,7858.341849581157,90.72949702332683
1245,28.88555865047552,44.35245352545386,0.3551122868011172,1.0323097711387466,3.309679850117133,47086.24816476567,60.61544042780066
946,28.156154656123064,40.258756861471696,0.29333228122641475,0.8007582260313952,1.3361664348365179,67661.5900998815,66.38440655801048
830,21.55529503062391,27.98768992809471,0.25848704364156005,0.7132464265537051,0.6463756832526288,45406.04085971631,74.26624955226745
1287,26.903905412589495,36.52776790044363,0.36611696431444557,1.0793145463413,2.683611301070396,83719.8804497859,53.350893422295776
924,16.331633165125634,32.61590494682406,0.2745258466993543,0.7829749557722423,2.468792416973608,41450.977458978654,70.64203264584157
54,23.334662183452032,25.90667490188387,0.10246880985715855,0.21357095054568706,1.9074590426010674,1922.887032930558,95.22122618940749
799,39.50046526352154,55.57737911026919,0.2986121424071682,0.7979447882437705,2.7536287962062356,56378.85484713534,64.49765276740959
777,23.536869052886928,29.858142381663125,0.263790119302457,0.717833426918655,2.4271465429480026,55677.328487581595,72.24508539719606
1481,39.546200062447426,44.14376567543628,0.42849541945538033,1.2255347826296485,1.3770355180796747,73870.43942461374,52.035745228548784
161,30.947983938132925,35.03060766537836,0.1507434705957965,0.3269977746083676,1.8920514146795282,4077.2848787940147,86.4878854669794
1403,41.3958803208348,43.88638053594947,0.4232340750662891,1.1985571367528645,1.998397494115346,42776.27419997887,54.52911206716485
86,32.24338662793245,43.6679433619186,0.12071032676007021,0.29669366625074983,3.5808679806644728,4614.020228996404,89.08528681802537
54,15.890046691942194,21.818724400429325,0.10312740673370235,0.2308991807484159,3.863164539451358,1414.1970962150926,92.45804247601075
1499,35.26260622641268,55.072378010446045,0.41242460372684586,1.1613017151343221,3.62550476838774,67223.54870280281,48.318146841600836
1201,16.34560704070706,28.68546864640676,0.31596419771513035,1.0056603144332392,3.0171230841819288,48242.36523159935,63.16658585699069
1414,28.51791056949402,32.99984541790221,0.39179871281713563,1.1315543013406997,2.5474745676203763,85854.42307093587,52.27572119707071
1372,42.88280083419342,57.280526568797995,0.3887252004116402,1.1000156075524539,2.9124157241308426,38112.69696422836,53.05946561830397
1031,19.956118180135505,38.11550237731056,0.29786843944252867,0.8975682927076244,3.7868822725644113,50969.09691577917,63.38720246377114
832,26.69617058824632,42.10940150489938,0.2796101506460507,0.7872473778435098,1.3749955732834112,44891.15362682518,69.05937733844947
312,36.89580926545435,40.27172676416441,0.16973238006644853,0.45213478694598985,2.3729217768569173,17429.740786420836,81.05658752512589
758,41.467756682845426,59.5936719443133,0.29542560661115536,0.7557405623830317,2.9136280665014276,34305.47576944206,69.0431929807064
442,35.12829014227524,51.419019087754606,0.20166870409927595,0.5564235387256037,2.8773645046349614,17776.528013793075,80.62395552676612
327,22.745197625735077,27.594667827636137,0.16295901305639815,0.4001384520566505,1.3829763585189276,19333.761101602384,85.20439072170282
1077,35.238235587486486,38.17038158467719,0.3303407261049184,0.9161678808947517,2.5535603458641316,72566.59324031936,61.247426594271275
760,23.9018292331227,35.933419588780254,0.2555328433075359,0.7184369870833408,3.2856959984705476,45357.470235749395,72.77332003222669
1262,36.552876894562054,41.36152149868164,0.38575522935076173,1.0910685021056563,2.1627764301758536,90365.65926035067,53.27156644326801
1252,43.62099382755122,60.64363097426612,0.39411209129892744,1.0869576899692095,3.2765432684455726,76200.69668740623,53.324900611855995
578,36.64180353318865,45.091827353278774,0.23884379557144034,0.6161552399687926,1.7595890921409416,36547.48141299357,74.47998327290897
1074,40.88641508737237,59.318479092630724,0.34181427680881055,0.9302741748257832,3.785660445073156,35866.401657532166,59.81475402135233
1006,15.063115295276502,27.245502393814604,0.2806332102968419,0.8626300695233974,2.368749541746854,46252.8441196936,67.64279677501803
1287,36.52716374194783,41.815266658261855,0.3870140421334921,1.0945047708257312,2.58581782777415,63388.31054701636,55.89064703397283
1441,39.88762670595751,44.40040631843391,0.42487791740364417,1.1687630250305516,0.6097654908160595,54490.922343326485,53.64141482341303
95,16.21676212634044,28.593266002380012,0.10694179007444211,0.24824476012806998,1.09594197995008,4885.564336692368,94.93374872983857
1111,41.14793181864692,56.86183683217091,0.3416700882217234,0.9434943427772777,2.7152685816486564,43928.49250152363,58.17434069941107
1101,22.700826849301375,38.76792850866065,0.31537142911424865,0.9053704776247108,1.9695463012379495,65371.9902088831,60.98533015505677
1311,34.958763059341656,41.92239633928472,0.3757832364767118,1.0959367020229833,2.2785732666036114,63602.40964789318,53.666651896192036
1143,39.0106463707022,44.68708803112121,0.3632705829404627,1.0018393459729156,0.7203999305679516,54795.81743647538,60.652813995167804
813,34.87993539178066,37.181548872643546,0.2747101532497754,0.7660079287077923,3.419473334436345,60310.0688864838,64.48337448024579
490,17.768543762197716,31.994128483818763,0.1880576251052377,0.5255025428622209,3.24576960803676,21864.898789292973,81.69227702478263
451,32.88964556581105,36.267874217614754,0.20315741352347683,0.5289643105349193,1.1487389150264733,19444.76200489477,81.91526968821762
164,31.487509701664308,41.06121133345097,0.12698405757067122,0.28634452077799927,2.720152750400828,6712.555844517767,90.6097058012435
181,42.00963804222815,54.83991699455748,0.17952886894333628,0.4037183158856989,3.3641032407899507,12622.480449830973,85.12978299106588
468,27.127191889326276,45.99515289788046,0.197601511560013,0.5130521842601867,2.7429894774546,23323.33753069737,79.01375257416552
909,24.632432912611502,32.244871377815336,0.2938246387828799,0.815526459878456,1.586393333535457,49995.658001494885,66.01250294981003
734,37.49552293309399,43.99142185713134,0.25513795507941167,0.6903020876525874,2.796389026673585,24986.038179387895,71.25270465725077
822,27.3802597825019,41.15514255965167,0.2662453064558289,0.7512117990500282,1.2366161168912428,42782.730996202496,72.90200393869156
943,34.38288525015189,47.52918782711636,0.30520172629070513,0.8549039500937261,1.613892490477973,36524.66229374923,66.79187171681703
6,34.39350270373821,42.37147880328445,0.12268906831985954,0.22944978133336486,1.3402437858751253,369.1910763788633,91.93201327518129
329,41.64117193080354,60.34700496997969,0.18583047082003706,0.4596515494689245,2.449237858365723,21920.091337634683,79.76635944727575
774,32.96077206957292,50.16829396438631,0.2761619227068836,0.7320142556731832,0.8787932636794201,47013.17378548044,73.15959777434517
150,30.064608298859607,36.09629412443107,0.15924584066052955,0.3775241843101555,3.7665863312191856,9226.83124702693,84.5214400735949
1108,19.16613979189551,25.470705609716926,0.31467765304844636,0.8985206755985431,1.6672932378200338,56091.09860822124,65.22996165504614
146,18.472128200361162,29.693534444328613,0.11707298041895746,0.2788372511114679,1.2663954448703048,8848.461811239187,93.49983550435468
1404,19.62964695849238,35.55394478964534,0.356284719846731,1.081950259455341,2.2379243476064095,64772.62287267285,60.572558913554495
914,20.155454439812836,22.948181268805193,0.26536844774405544,0.7655292629925897,1.4694923645915061,52623.054316303314,69.16303737241168
1308,34.13631277990902,48.61634554713374,0.37931417655159033,1.0738893916021703,2.372164302339255,49641.16434188166,58.867470868845125
699,37.22943750823735,50.897683661115096,0.2589611103080464,0.6797956222473416,1.7197820242372992,19913.007580304755,72.99944353404112
81,30.89974568779256,37.06638741422635,0.138262055638295,0.30008271431999023,0.9622338376916428,3699.5667196939726,92.72944868863623
513,39.87053197636473,54.13488621470901,0.23767809596241585,0.6105751557113821,1.4306333470954171,24669.609695769566,79.22454399664444
814,44.737896802009,63.66119424454648,0.3291995794804877,0.8220650874902707,2.034539457365338,30785.771338279683,65.59840371290342
708,39.60037887358068,42.44252408307251,0.2609921733829184,0.6996376992758317,0.6060262926786897,43460.916951616215,72.83031113820458
745,35.84647121027878,43.60020820553591,0.2710240885344749,0.7020824541851279,3.197248844551667,21364.7553418664,73.41242913065562
1022,30.9747809831144,40.86196188310879,0.3025146382408859,0.8691363748127605,2.6763859760664555,36932.439375776536,65.63033484017261
1409,28.465592150241246,46.65227861088566,0.36650677655457925,1.0949730424333073,2.60475862547424,87961.38441505801,54.21118510429154
706,17.53177141633627,36.85247745530109,0.23349075262720412,0.6762217224254548,2.411174761589681,33080.48686302244,76.7579867288612
470,26.981062451840728,36.97513688877471,0.20292827873335503,0.5162225948159721,2.56609610313774,28324.16516492384,82.50841970715871
1142,42.30403910346403,57.80455052202347,0.3544621738604702,0.9649414967823396,3.771281834475272,60953.443621443344,54.40063815692782
395,39.24067889719659,50.81057732495728,0.20841165399032743,0.51444256873134,0.5299922378375924,28651.576812447907,79.88425570750519
260,21.481540950350617,33.16163377569539,0.13867040591144578,0.41000654818119375,0.6672989838021224,14271.34582539683,86.66791803717896
804,28.998233540916477,36.00402481211089,0.26385439253340015,0.7347062985605868,1.170226934757808,20697.732768689893,73.85857202931551
933,39.50169607675634,45.40690850230617,0.31240054602585,0.85144482335563,1.0855548299760254,39786.72840102718,65.416098652847
1279,17.021536643565675,24.205632870198414,0.3308774215130886,1.027613342782802,1.1341806081421393,41123.730626991055,63.72789965833034
904,26.62177757005978,38.63568170068721,0.27687705604192003,0.8040505452226094,2.8518036004702756,64393.44222741618,65.16577556576466
1249,40.55523710621843,43.08003045461603,0.3740261197729943,1.058760933335237,2.108191553675579,37720.577770103264,59.06843573508898
1076,27.11693592510371,45.447416923519015,0.32366266031774077,0.9168913433429289,3.971226074171426,47758.61847645251,64.51580833169173
939,17.328439341943227,22.141546113839198,0.2447146769240383,0.7677429086532808,1.294100701810307,34090.357140773194,72.47558740642687
853,31.276031055967543,37.237627239652504,0.2808757694970871,0.7631479526419739,1.5879053535962313,57437.69289042067,70.3080433826707
1387,40.85227484754886,52.1812460236065,0.398227730929721,1.1424007422016929,3.9448425088057717,56074.08660779139,54.13083702350888
1303,32.70856628859479,47.49063208266581,0.36550160571493673,1.069073015457897,3.4111534928078644,97196.86042674331,55.67228847091313
592,21.788373246426954,25.511496231826104,0.20672021275201666,0.599207545856296,2.144297272374865,15943.051526122626,80.45379138500786
713,26.52718860412144,34.24569315997036,0.2455109801085113,0.6700510867191466,2.441089099410964,22398.06693829047,74.98663793618341
1181,28.503700835457966,47.939843735796394,0.34106328305384903,0.998278627652191,3.451122722284942,42789.9197481389,58.956090882078456
631,32.377990614615804,39.10016401667283,0.23031537613124958,0.6514451471204583,2.1834308611621482,41365.395568315034,72.9472225794608
58,37.78053077257839,45.41543338371503,0.14437802672961256,0.2721744697100099,1.2210830325372952,3997.6999062856453,89.2843261991195
127,17.966208529219063,35.02318136034367,0.10230637718983322,0.2676302010406517,3.3995558849403493,3628.716266869832,91.39541763238815
735,41.68956099052699,44.59342076095518,0.2730320594217928,0.7451389429453682,2.382203719464752,19567.910209763657,75.05527866375296
720,15.369291090482267,25.732328129043744,0.2275835000399097,0.648109086050834,1.0356490900733746,44804.04685576486,75.97924927480679
1138,26.101570040227656,34.93467180035772,0.3330068257233827,0.965383441411726,2.2695504091453915,36037.72918428061,61.62466520693853
1232,15.82260929917973,23.52117097753545,0.32192822198702964,0.9792853864244841,1.9462118320890058,38992.71296379777,65.9693086765704
525,26.789226760358737,33.9318194531645,0.17921683321972592,0.5316777862921414,3.568948861586153,13712.121530478767,81.18401400988226
520,30.77437796619971,34.41911185368708,0.20669384706652097,0.5568137425336694,0.9411940097624619,14295.004817168969,80.00463969888678
551,30.350441597445354,38.017306525775034,0.22251976505729326,0.6023471377600373,3.5632343155680894,21039.258884305724,80.02249864032163
236,19.96885041084796,22.743793659729995,0.14402378135859623,0.3467981949130379,2.2927385588359965,6667.064775047515,85.80202020956884
1304,34.37221530286837,50.4295648484682,0.37875146403045223,1.057835291954097,1.9152755049340167,56650.916776184764,59.07756357154953
1382,16.343353515140045,25.511453806384253,0.354296846559524,1.107246486876766,1.0668851454102912,92094.75465780983,56.27824627053556
1224,37.85720460397246,47.84747358573087,0.3934465192649382,1.1037430887176323,2.9528628692353776,50570.79974808147,55.24907875392773
1301,43.399333019806384,61.48403557590875,0.3932738048245592,1.0922201770169437,3.7438234818851415,79870.61227578812,55.02089339690396
1258,25.193064814533535,39.03805452403551,0.3581084564969781,1.0672354686394079,1.8138207386476193,37356.93678787179,62.923361782960335
493,30.51718145142996,32.662245311588116,0.19628384194859094,0.5173051173980386,1.345547502347917,28578.5983698905,79.4180068634302
3,26.36730834176443,45.344455155067564,0.09243293819143919,0.2014878081600079,2.4420342094970495,122.51207748861525,93.07228776258906
665,15.201311709121798,21.4699120967206,0.21987587953286583,0.6590008056743464,3.2866508195185458,41554.283216676515,76.12752270738251
441,26.57623508685348,30.51329041253094,0.20179808293156065,0.53463983009034,0.5131869309268657,14029.35690994322,82.22900217430228
28,38.75160777784039,54.57791498869627,0.12920604665374674,0.2983757979431413,2.7098210273840024,1957.0367288702748,91.17302050284607
1132,32.87966526550446,43.88825695110538,0.3236729736147037,0.9505786837188246,2.587806002445208,42029.869684023215,63.01089903430095
609,18.037797438454767,27.845667626779083,0.2062000214828973,0.5707891042491913,1.6135326503145602,25978.045805411824,81.30310008783718
804,40.41418469081355,46.9052401251029,0.29352242838942266,0.7782984612173606,2.079980512617396,58297.26457488528,66.69327364657393
74,30.932560346557285,42.78704716407902,0.1276533010824028,0.3068240120682436,1.3643712845663734,3990.384731004178,92.03434734779907
837,40.251700852340285,47.19062374598686,0.29226950505507054,0.7828687020131613,3.26460008283145,36232.53806860247,69.30779943964998
1169,32.40664556355088,50.6351396587181,0.3470844499344924,0.9783726695512766,2.720872266781377,84729.24549411576,59.69295645556562
127,31.790653345138196,37.66433398033567,0.13148353824743536,0.31825731395620493,2.3644906771364482,5264.641597251703,89.5825549197841
41,18.157775555910373,36.07616826411393,0.08339716887445214,0.20528647733843866,1.8738416944623952,1219.4849609841185,93.66815788918548
1379,20.020791994158838,32.09008965725126,0.37339826919478575,1.1055879326960127,1.5198453510725625,103207.730817907,53.80647935163718
40,44.16075769489773,61.073544105012076,0.14729949852382257,0.2940294275220162,3.37957770115201,1535.6898411178279,87.12381881087113
933,21.854602402643124,36.68583032814031,0.278802369219063,0.7979545538479071,2.0799268465174916,63036.17864183668,66.70058134918123
33,44.32356353971104,58.86407554557251,0.14017564965170046,0.3010255242193888,2.2550659694458544,1098.142311458094,87.27009176892906
1040,30.9573811957279,38.795605734238904,0.31811302682610504,0.9106553909703416,2.322900556892596,64030.40653242366,62.9395496819346
1176,19.073671411918113,25.283816178417776,0.3249505071117062,0.953267196848315,2.0692842740105175,60237.62439496842,61.483194239194155
997,17.97906608261079,23.775018180864976,0.30264494792336466,0.8616747122092361,1.3963094918344832,73823.19193076297,63.92272582669167
1401,21.2659221211722,38.6953719482448,0.3792772127406158,1.1101071432917822,0.9211915408506821,73750.76644427258,54.26918989514837
587,42.769119900760074,59.536802665422435,0.24627514858202929,0.6175572255135762,0.8448804350870924,15409.194707996568,77.08689691033088
341,27.424506729846804,37.35483023406834,0.1664913760326367,0.40222425779102333,3.1511188316924104,18821.1197230907,83.81486946998456
26,26.86302803978743,31.246311082723615,0.10080924507632891,0.22169453920447324,1.2823473780552899,838.9113932376139,93.17496722371027
1310,24.39618783210522,33.27672836769947,0.35878717035168073,1.0420640544557043,0.6948548523389145,85054.42995097672,59.032720627281044
645,19.41185551699765,32.56003769146206,0.20969919653158645,0.6119368499946108,3.291310923435601,43749.32433679925,74.19287033546028
730,29.635535915772195,39.814792696411345,0.2600193092814407,0.7128371471682937,1.039215785012268,35846.41343600707,74.03510524131458
167,18.901433475334162,34.94484030802808,0.0947677043926878,0.26447755187516764,2.688011321066739,10714.899166386695,91.1308736327411
609,40.064407091469825,60.021617891994765,0.2572804972756871,0.6598065439653646,1.6852514500675213,19643.621895414875,73.704904954199
267,26.111909588259195,31.552287180339338,0.15837759405457272,0.3777281972081538,0.9426808984195831,13244.243790250874,86.37997404135481
820,26.24410703345389,36.51782178732619,0.2791156388983842,0.7604329163652921,1.9506834273902596,36651.71485231397,70.32220980448675
454,29.220192854494677,38.97790308906947,0.2080082812545289,0.519161555492218,0.551831013964188,25226.904686104946,81.45784912426652
905,28.323831394972547,35.80469698445366,0.2808106849374046,0.8138962946864664,3.443657438793961,24637.59279334299,70.41502792462647
1424,44.84573919177965,50.41145849274486,0.43213445919294435,1.190496813031425,2.2972428646965004,89151.14608330227,47.46544933696357
921,31.361433636549076,34.54389173336294,0.2952421925009552,0.8204872724845107,0.9870600381778664,26668.90378030918,69.033176659812
980,17.64605111369612,35.61419882372269,0.26194903465294955,0.7938338463812418,1.3294311143614466,56667.10435897808,69.6812847535893
1499,33.2063202473079,42.76359680566162,0.41780095989190474,1.1943843257027549,2.067913172484843,38858.36905421882,52.16830254350093
701,19.5475287860964,30.491648119097277,0.2230525233664859,0.6846442442863042,1.1610428398544204,46682.67663467337,75.63024540713955
633,15.92812934194026,34.43308620955675,0.20845847384785057,0.5933284862029699,1.4400970652538005,21354.24329658268,82.55725282794056
129,44.122264610317444,60.095493205604505,0.18055902752338734,0.3778589713799945,2.370349474823421,6549.958720051589,83.76757913105048
1019,38.206166746036914,42.55518950014623,0.33246020251939545,0.9042993166855209,3.4141315456343495,38798.063444922205,62.75707699537588
1386,44.403269772413005,56.58082918935237,0.4058331910329261,1.150416335530992,1.9064388999147228,84729.45110283204,52.04001256406935
818,29.336353440667274,39.296894418019335,0.2819168569374966,0.7822397457788607,3.009413457437419,33593.259997759604,71.12041150808005
692,30.967725934469282,47.31752524088701,0.25396087757030295,0.674473483217942,3.5683947471122694,42371.47809815577,71.54073799386117
1315,20.050108677573906,35.086294534588994,0.34174859906482874,1.0502937874066969,1.2570532910365668,51605.28184943258,61.49585018719375
1394,22.40722280002757,36.83452579442687,0.3575520679253086,1.141795271050487,3.3251718964075603,87297.37443822247,52.194406523357095
793,40.15647644708485,48.28628348572299,0.2791395773019825,0.7635182926462132,3.150907694158596,21038.507929758252,70.7352041471808
28,25.685569413527823,42.17491656071441,0.11533415683377288,0.28187261749252335,1.7492805428184726,1096.6358695233878,90.59095547150193
148,39.80444921389257,42.74749253460007,0.15619287709135465,0.35625237251175784,3.963319858253035,7389.887947658064,81.74789806760988
1319,36.27041172861095,41.14365995438996,0.38715224864677605,1.0735434659321812,1.4190033000258495,35946.67942760589,60.34567622980393
10,20.315127758155967,28.356346671758377,0.07924495880855024,0.20460783051531997,1.3918114311109344,343.0170306856393,96.21884672503309
675,30.223390983592264,33.60592492283933,0.2540789717573588,0.6682870901846318,3.202907076286192,48415.6231303906,72.79800745854924
1136,35.321619645561505,41.551516641185955,0.32769140264754565,0.9357108692307032,2.021300613178795,83884.18626223475,57.56178001667966
186,22.051116444114754,38.993834138077275,0.12474845772755266,0.3226464450650175,1.6577824817336513,11529.674510731516,90.45125680039666
806,39.9206553156023,58.98918299582373,0.2952259492223426,0.773576137492236,1.1253198186868603,30313.662039861585,69.29888888553153
743,31.344829726355606,38.827672130291035,0.25006334500231775,0.676077515886924,3.1786635082709043,28253.223097946247,72.14055379067695
1250,19.957261513278095,26.718545985077185,0.3460558158210606,1.0694362106796684,3.2521263214762697,71611.89736219206,59.995016558756944
1333,32.48953278493807,39.52760052537376,0.3728871257843601,1.096821969230676,2.4829740113054917,41163.014446303474,58.01804324017649
97,44.99141412467742,51.99035769699261,0.1471221223211918,0.3202343517022725,3.8505976461698053,7024.300495087278,84.2593549869615
54,19.515644749902407,22.16238802924992,0.11269611014624957,0.25863293440051893,1.6135714464792899,1956.9948286774982,91.4022904871748
622,39.50270790358584,58.18720213754579,0.25494471773816174,0.678780633678232,1.26866665917768,46638.66795073131,72.9058594666107
663,21.21927009562674,27.065836643892652,0.23022890097174972,0.6829860884122895,2.8711336912706167,33008.57531427656,77.12961727627942
757,38.47164988380262,48.03172321726791,0.28852539561313223,0.7627321821760102,3.1544302427989663,48123.62508338264,66.47260347243744
405,37.0373376936424,39.21170158297982,0.1788816858922755,0.479081877166417,1.2871708969313782,10169.227913737534,83.66493984703692
68,24.01468156801297,41.457873204484,0.11797718953572914,0.2982255088824273,0.7681376749138964,4721.737776155583,91.2106166959885
1335,24.774693526933493,39.935525727122005,0.3589391352089235,1.0675741471094256,3.336807703052302,51397.63648910374,59.42779914669229
1312,38.77564175888757,57.81725039201423,0.38365855561003603,1.0938965629245452,3.9177569077610435,76616.65044235309,52.54562260174091
750,28.84336535661938,44.912443982154564,0.2620611414898946,0.7344935881885103,2.7563530012529953,48988.32302975962,70.87672685828464
1171,36.92454086135427,44.57125807829144,0.35441867398861404,0.9859728260288516,1.4725341505036296,38885.85020972957,60.71207328720685
1490,19.439524420975044,25.90124487808667,0.3928242595965153,1.1258724235677005,3.988354129934772,70216.95635902756,53.899807488516906
1267,40.57673345704661,55.13562699300588,0.3841450372389324,1.0590724401801184,3.626433226934771,62959.50684029935,53.62542334960006
957,36.326541500469574,44.880571450658564,0.3157351731477797,0.8771422263649233,2.2968322619810286,38859.91641648093,65.03660889349733
364,42.208284265045016,54.40015454859211,0.20231435260993716,0.5024282410862881,3.3886244969464183,17867.956101067462,76.68347713597836
481,18.971171371049174,21.08380584952564,0.17349300985051697,0.5274450140088724,3.355371831420384,19661.973066610877,80.61412086645507
200,32.79043501081793,35.90437764106648,0.14817769431416078,0.34987661249960267,3.7717963938572483,8607.477450552093,84.82940457035585
153,32.973617551209756,44.61024049247948,0.14551899379762007,0.36744129741607934,3.4432334532071103,8945.383517075952,86.85767525200626
1473,25.603822216403472,37.793111852470446,0.41418002836055234,1.189917390641702,2.7528773258500756,83415.49421066303,52.13717110333209
72,28.753992737077734,44.28014573734592,0.1366270494652909,0.30484072260962264,2.632563016347776,2636.156612871091,88.98518700610659
712,16.139446898695603,20.514822651926913,0.21814593401879728,0.6646473759884428,2.135750509160641,49750.390698717114,74.8964321100519
295,37.37580115881036,48.613096666432384,0.18435417909094548,0.41159170237126064,2.692699739897651,20101.131048653013,84.45858004604727
1040,31.479674382095222,36.97973198186562,0.31808211902473,0.8776005989771375,3.2832580528563398,52472.33194787749,63.34999488948893
1240,16.732231556075213,20.409761708203717,0.3327671293008406,0.9745587448196638,3.8916316920589367,57861.54604713652,60.13572339199433
60,35.42267678881457,44.811601081904556,0.1354344810530569,0.3079657209606446,2.1355057536374202,2630.5679489523263,86.94562850192851
938,29.00346231693564,33.94352198253867,0.30088207479142737,0.8301493575149284,2.50778621046065,56620.865385455996,64.51266197021711
41,16.03383778275,22.025913390211734,0.061256287747325916,0.23045918476328547,2.056819232705736,2401.9154172794147,94.3317069826064
24,44.08823180544286,51.80421424309389,0.14664145026975514,0.28563725982155136,2.839710173441914,835.4167283255745,90.89962893964888
1062,43.473364292683215,50.142355506060746,0.3453575182932,0.9098015449902099,2.7047217642144084,62204.421462049184,58.19156864986853
130,30.387072484415928,33.963715837722965,0.12972476582651582,0.2942213687777153,0.5624182656776815,4890.80276166326,90.75801498331987
1252,17.810172621177305,21.428665028651945,0.34396291202397533,1.0159030216931568,2.3940654568523048,32461.751866372702,64.33096586371768
107,37.63863664795775,43.11712612217278,0.1613455174599632,0.34671841823582544,0.809704134946549,6415.7664248249675,89.80996673761713
171,29.75793300317187,32.66799838644357,0.15060589744675779,0.32943032237446185,0.5923426630193842,9787.985301039409,88.87531572928484
1458,24.073424348681396,37.349650702866086,0.3845613326252519,1.1560432145864277,3.269190067296444,66397.99522708949,53.382500294934694
101,29.742545325856703,36.91442622301694,0.11892503415032431,0.2998208961213083,1.4052745175575518,5179.714582393506,89.90814162559839
865,30.673324362163935,37.70875178200721,0.25428420444323113,0.7383220933407708,1.6922927705055475,62590.06754127411,69.09917274194636
523,31.881350970670177,39.85732026694995,0.22018786190715395,0.6128085785297677,0.7242960566142318,28639.484730677195,77.45128479033141
274,28.236711409659797,42.16704434543479,0.16706358389726397,0.3994231202097056,1.1282509117302273,15863.009914110482,84.23697881619489
1067,33.1726590941717,50.84406896087453,0.3287266830873631,0.9012744582205249,3.1796168639022735,30084.66897263668,63.64037806558282
816,42.56204131819132,58.225606104192806,0.3076615447247626,0.7650094033751843,2.227357905814173,27172.573995545114,66.49462248401885
956,25.868042612957733,40.96356875700944,0.2797341828675906,0.842493833414952,3.5823396189255194,38285.518812473914,70.476129341009
1040,36.77149389659847,47.49053523741376,0.32983059822864647,0.9122543754212938,1.8903474601339232,54047.72453746344,63.62671174365472
329,41.833576704726966,56.32207673014038,0.19696414381357502,0.4583712527870022,1.4404525751399389,20999.92023892563,83.52027387799815
11,28.679378272798107,40.62910089740261,0.10845766970303555,0.20506643493500615,1.7165993506052784,451.68248278372283,93.80444897114714
1341,28.303675091457123,34.19618459881464,0.3864866668124533,1.0923989817036046,2.9947012773091655,57420.44196360179,58.572504816183866
215,33.06350956064339,38.8181001799823,0.15807859688029915,0.4233232240098812,2.442519853170701,8128.622015617801,86.34542546702914
338,32.742202782674646,40.07725890642975,0.180136481057624,0.40847402719392645,3.6646692264334977,12752.89766509067,83.31776944344946
660,39.19768026978831,57.592128347244945,0.25102842574147133,0.6526009428691146,2.6075906928610917,47812.50691452829,67.83344655868122
1104,29.29450151334878,41.14796864018385,0.3426747977409122,0.988665436689939,2.225563729685261,62677.23631496273,59.751210657907286
373,44.883688489183236,60.09398527521689,0.2000554147525802,0.5142459586444867,3.250134533603565,12232.558192020007,79.2003056338589
975,16.784147066018424,25.02220474271628,0.2730382998035627,0.8062334463986496,3.816368477567058,59584.61818160767,67.0250952619497
709,15.095035457421051,24.433919329395106,0.23892944158581705,0.6743872318416866,1.745460689357397,43320.64953211303,75.40027303396835
1223,34.205949346788714,38.466129762259236,0.36769433167429283,1.0396919461030396,1.374566735579172,71329.65248868406,58.32222053717055
465,23.9530473708563,29.03635661164637,0.1907043282246999,0.5175219655057852,2.656760887029487,14757.25034835793,82.45495224141374
1112,22.211471660984515,39.103889647855134,0.3170398638772319,0.9609368408448618,2.2460548740385833,50484.32648090903,65.62559698923488
1291,24.356972400128413,36.88406777052829,0.34745016492667863,1.0401352820211733,3.962149512026742,39166.121133414366,61.160180516134474
488,22.68142695314863,30.75701133905737,0.19227758145772203,0.5486434235685272,2.118266244517067,32125.540299848133,81.91781756193258
46,15.923701489813435,32.37502325173327,0.08754874458966895,0.22709046888951506,0.7601604297612106,2656.8959293092144,97.55431886084182
