coolant_temp_c,vibration_amplitude_mm,battery_temp_c,motor_temp_c,vehicle_age_months,mileage_km,average_speed_kmh,brake_wear_index,failure
96.70489886204945,0.42120227061825277,25.738498462230037,59.50671467190613,111,243922.83516894435,83.80792149403149,0.7052831866463316,0
88.27235343230123,0.27872848416502444,47.59106875377116,118.01828238721896,52,101057.92009644597,83.00012018075093,0.6779593490052945,0
79.98409784056645,0.1584305711697627,38.16469565306248,94.29015797615192,100,266229.04030449776,47.539572742873546,0.7591070882166934,0
100.16073963888552,0.37591111479301015,48.44686306298207,105.36955105617808,57,158552.94500210925,45.91006309872305,0.06032857494065006,0
76.42553074727078,0.030753872613533698,45.12230316348694,52.35347660126397,9,19175.790907896095,46.356648680745884,0.12310007245238405,0
89.85961723126906,0.3168430204599972,36.688353241064384,73.64786751492524,86,215147.3057758136,81.79755986410876,0.3514670490518209,0
83.83455911198347,0.22514959111931038,33.44861133795655,70.05840607965588,92,146115.02567658605,83.21574413271365,1.0,0
75.21422524015357,0.5380442022584631,48.66565166553277,121.21962464659032,90,206477.755016148,48.08057211793673,0.38880761764337946,1
113.60794562488547,0.28408253451968407,32.27936583787341,63.900392666025205,116,181826.7179677184,66.48132432111233,0.1540231605322367,1
74.23134048610007,0.30822458632314464,49.9353162433656,103.02887950355694,74,114240.18329488595,34.72532606083181,0.6582250559559859,0
77.01111850476666,0.3946758382591224,45.83403652063318,53.206515331196975,56,135485.68744391008,57.81451167967155,0.7868579546462164,0
68.88731259669375,0.27165077980784924,41.95142846886042,64.82630642706789,47,91885.1444588466,94.91549955988768,0.6510916515600191,0
105.26393439228598,0.13126705440944578,34.0144336262873,75.39480156907646,3,7841.417231049594,36.11874033943728,0.021327236453309195,0
92.26241703049692,0.30013003713616193,27.79309159512225,109.58793859060562,2,5688.247681897777,91.32938479720413,0.015176617807395171,1
93.71715910598121,0.519905190280989,46.99595244714523,109.24824350463503,54,92290.6850721584,82.69783053755054,0.6396789470413307,0
105.13087764895037,0.2313519336109748,23.471270632482074,121.44513963073715,37,95711.01754113028,93.0550255662389,0.6122710424691129,1
78.86058122464337,0.37700611569982345,56.88060573391887,118.75756270001636,56,127219.67985622083,37.57051324273731,0.8754574198441478,1
70.64983839591176,0.5381384619982699,57.192420755388525,56.11359462837623,31,51713.545132565494,39.946294331035496,0.3495201707692724,1
70.91229501966471,0.4581580490110849,24.94845940640927,112.24007916085219,97,240306.72424294546,26.180702721440106,0.5978383491288413,1
100.29409018042426,0.3658784318649948,23.949542272947486,83.83801846550126,96,231763.2196473321,75.72912690409238,0.46645061069763954,0
93.77633349543461,0.40743810369847777,35.68323562915514,114.94145680473001,107,243260.51971782558,70.086628540533,0.5807502302968941,1
71.34863832201489,0.5157009539292206,56.61996434589908,56.69646886483479,12,34676.48168207384,37.464580682731246,0.2613033128265022,1
67.9785967052233,0.5282661363761926,35.21181417078229,111.70768261305017,58,132333.93356104943,80.38014758794503,0.848125132997127,1
66.6378017839085,0.5332427903738778,33.824480120428724,61.973188925058075,67,200046.76910274636,45.94368542922078,0.3939136051408669,0
94.52892562366708,0.3478464792293619,46.7362322419533,75.03812225520066,119,269397.34327188786,34.44968985314446,0.9133023546789224,0
60.00652547009675,0.21774429092722775,26.79178699061863,52.16363002175162,112,187463.14243462976,54.57938655135437,0.28257354793959777,0
61.0075638431949,0.08190268963640197,33.806292375802556,59.27960661403539,26,57348.37879192619,31.367889389879924,0.45696411984776586,0
81.42542245943524,0.21819592072381758,31.069682958430537,83.4294414059287,78,138332.46521894334,43.427055939127264,0.958252796707759,0
98.02424253518893,0.5191959455572344,42.85831565996379,111.37537517258528,12,28748.40273391369,50.99333508991423,0.16494291709248188,1
98.22716570735722,0.4904904235198904,26.184609676138226,108.02523285237874,116,294604.9984836866,84.63049221599049,0.9740409064649485,1
83.65650504842299,0.2927762175139545,40.85064771303698,67.64733213322349,90,198238.76262545763,80.47841189052549,0.42225779814125625,0
98.00904836325132,0.299983934760719,52.58677041760011,61.37678368019607,16,26344.871224395556,55.99280000254328,0.14945478769793116,0
88.6602898769069,0.17681698878128355,39.53848077488887,79.19475972363276,53,116756.99118739244,75.72025404266712,0.7264135763053793,0
113.73122792385234,0.25543426063805996,45.972871449727236,116.24512604096635,72,116797.05519131524,64.80547453253035,0.7219373134530048,1
68.93531176102582,0.3958021867272734,22.85942467176145,56.856880562225236,49,123636.25772973026,48.858929855464766,0.8133652490065244,0
93.03669972380831,0.22731259184980765,37.062212011387636,90.71855077582627,49,131592.06452758395,75.81120404466994,0.8271068257517399,0
87.0181326773052,0.11151129092105828,23.605940362562375,56.66056095522814,92,270808.4851573314,72.84494081264646,0.8890908724207377,0
70.69564895617319,0.302064172565542,42.77954367989296,85.26590908731792,7,12062.422124848792,68.33661095355214,0.09123397422855634,0
101.24947376779369,0.13168193218533714,30.680066104605103,59.50936341207367,15,34479.45754949934,68.25688647302754,0.27844936581802077,0
75.15294109625974,0.5361152802468041,30.916101577686423,56.02527012495236,105,246887.13538682842,72.80873946288837,0.6309809663832046,1
80.99404005014479,0.22078355356645524,22.917136011509267,64.31369997976886,36,103813.73282417291,51.918185884977675,0.6350816922733468,0
80.61568132731415,0.5012190846689227,31.78903873474791,69.14420145265747,72,175745.87718442353,85.83530705473916,0.10616948395782631,1
73.43124602533719,0.13179915816595714,39.2537327300697,70.71990343485686,74,127151.57066663065,36.361549184752256,0.8022775506686316,0
83.68879324341229,0.1121728628651193,42.21708392052693,98.39509604354996,15,32317.90478917176,86.87198242674079,0.23282897329581395,0
86.03402345101901,0.3431266096814582,22.533290948481284,54.123640671716096,119,295375.1113383657,48.959729012239606,0.9951615555108354,0
100.93219200451192,0.4308647022837932,44.75544905721067,56.06067949290231,62,158126.45218244466,33.752213092603576,0.08433615153589868,1
102.07877159073705,0.3160528644802829,38.57727890863279,64.15296211094503,18,50302.99796194548,67.00191818753909,0.26091968555721035,0
68.72057825604142,0.13408966914684006,40.40250430074092,115.40473018860665,46,81454.99126926341,51.319066834928364,0.5430128158335092,0
92.60247646301427,0.030462955957357873,51.6462736031762,97.14536945474246,101,295658.635233458,82.08498089724635,0.9197544766784337,0
109.29087890536675,0.3438759634431428,33.00460492158493,104.77772443909667,105,166814.45739245578,55.15498279701371,0.1321696809955983,1
65.98326348865085,0.08076010169739609,26.61394223187132,77.77716166682444,109,324345.1090020155,71.79937678934769,0.18625457945497592,0
86.01027244937762,0.19531524899745886,40.968786676864255,65.99152618025006,61,169985.6889972764,46.578059265337785,0.0746292742971874,0
101.26942173245885,0.37492376698246505,55.91083286633907,52.84710207221846,115,286397.0550264746,39.66166625177381,0.9577151805363147,1
93.63202339102888,0.06293265791478322,39.67904552888299,86.64017149789191,43,111907.20976705519,52.163432166417664,0.8629892121901135,0
65.53221111281431,0.07871579908333613,51.61266261654124,93.07107231704846,44,70797.67239064057,67.47654842217034,0.5137262694835035,0
81.81333689430348,0.043299751945998236,48.76721806951926,117.27520957832839,99,154659.7596398262,70.98627174479462,0.022923362287952692,0
87.89817240192752,0.5478827296096864,39.6965699063736,116.15697340617454,66,109074.81385858518,65.47446657086128,0.711338140563414,0
114.771508094395,0.21902145504485387,44.60708155083005,81.85138688541912,55,89707.18470979137,94.16390030368763,0.5875946989816504,1
69.8234350128009,0.4991293905767027,35.453846995673025,81.76834467525966,86,199612.17911755713,73.37631305466157,0.29271116844486367,1
114.03330719380618,0.16853624474911233,40.16389018569336,62.08421725368753,79,144030.11247274702,90.20637393178424,0.972820660150916,1
80.68823813261942,0.4167293851758677,39.27685870104412,69.30867408819431,101,281821.15403681906,33.25532364266222,0.8218845640210787,0
71.01762673406017,0.1282959728086846,46.94619379239537,119.42476822406687,39,84576.29444948221,29.29610508694352,0.4693570736666531,0
82.77599951681978,0.27909534321005514,35.57929013553874,60.57770082014016,100,254326.57146874125,46.769629140836756,0.7064905605489525,0
93.76973182191495,0.455292499219721,23.79115065964132,122.65246600577386,5,12396.548197276199,34.56122568634967,0.08370530793729905,0
71.74235666510478,0.45082057540334464,49.97096186691767,87.85539126613973,57,112847.43482849021,61.81079697597874,0.723757731368075,0
76.02914958161702,0.43891158737584424,46.02441412647189,84.24550810751234,112,208852.15235232248,61.32868774662951,0.32821285121829824,0
107.00005759544094,0.45481658304081857,56.10469130737989,63.09787855147659,15,30205.26641917429,65.25330165107651,0.21585564414019703,1
114.94552039178772,0.12419503190517481,36.291214682218786,99.61559378618605,91,245243.8680305028,77.16595165817509,0.5854503682748294,0
77.49949803241346,0.27039678718260873,22.9718149626216,84.48841387716858,16,38070.644362070845,92.99307901486239,0.24685707820387226,0
68.18712421724672,0.2718305962824657,24.62152148180323,77.79973009349159,57,107177.55564538948,86.47810840074025,0.8027656303422521,0
103.62439509967228,0.4908713431678728,49.38614264171696,69.8387163938969,100,272676.9664590645,33.28570677029071,0.8504059315391992,1
93.02506280013299,0.17032158787569157,22.574776745586874,54.9865102261154,102,161378.18607487692,48.69595821394601,0.0073979407134281,0
65.52206288565806,0.513007782430086,54.49739350731284,88.94960874133218,82,208999.55512380632,42.90761175336293,0.32958778894142693,1
112.07243147898116,0.2534296976052935,30.702704229217044,73.46812497939776,99,213706.46965377266,37.3772150445855,0.43230075232900567,0
64.29272406199406,0.37168498171580616,54.15740354201434,103.08989022520791,25,64923.38947747081,63.13074136590492,0.364056562413521,0
94.39460208985027,0.15519688063084056,49.39326025443595,104.26417675618643,22,63606.22224803308,63.72850814229114,0.32395520759183954,0
83.31654907414698,0.23156097768890596,53.10563937908422,74.90802586533474,31,81376.58555453102,40.90713795216429,0.5691291709283763,0
90.61431550319647,0.39329250331733584,28.1335082872587,100.18405126750707,101,218457.75132967444,74.83280752146798,0.4724317965805397,0
71.72678076130795,0.28688345659954506,42.63635284091559,69.40064302096206,34,58699.75975720792,76.30400094186537,0.4138616482786761,0
97.84607195878584,0.5125823263117003,23.55638701875206,104.53802946816147,87,235728.8023426091,26.46859963837533,0.5846771080416224,0
112.78458290233368,0.40804748158463783,27.686669166496287,51.20578591589165,16,35056.93264611292,52.70303926056216,0.23044734872379968,0
85.21342307247036,0.31477757977572396,31.7762846388162,61.37065752389846,70,112907.79396299862,87.30984488411347,0.7196091990361577,0
88.7627052662525,0.48880166859219243,48.15087847738088,68.37564964305771,59,152136.40270325262,61.42230257706868,0.04004943299274792,0
73.18964188128847,0.36940044994592197,20.939146416762366,107.97016152398798,15,29066.669233123266,49.3339461007296,0.270271969307746,0
109.05273910630946,0.3595530556470335,54.318456749141184,54.97821898133064,82,129013.25222913778,42.75733061165911,0.8350268978220792,0
113.4145922826977,0.14304051989971872,22.690533521091027,64.10428577866482,102,291120.9052910339,42.03481639427976,0.8897690247631445,0
103.24632867973298,0.22322276138523392,34.30662742309583,76.89680791288956,13,28920.471295831245,31.983762369556445,0.13604717100164634,0
89.85254261878922,0.3789839724061716,23.081405876486198,50.688124561468314,24,46114.597914228776,82.20584933651645,0.26409414109483925,0
112.62382534797469,0.49156752420090527,49.2207780379282,107.15907315308064,13,33469.53787875577,31.066018377591984,0.2332601787488422,1
68.46175304520023,0.1803956357682542,25.36996898930476,92.00788622541009,65,183875.48182404996,45.46063361032711,0.11885516731598834,0
86.31699729423701,0.12636223584921175,53.62076258997339,117.5509540265013,112,168051.58860567093,28.197301699644726,0.14230244525942243,1
89.56831386995272,0.33059582856056213,40.14843549047799,52.32732744087091,36,91144.01799227629,79.69705988065903,0.639822437129983,0
87.05540308638072,0.04628643297546509,56.04196713930505,70.35430128247401,49,129875.35951035397,27.749857755875333,0.7759318120718824,0
104.13300579482868,0.3958525187830028,31.033714686711424,104.84387430775266,82,148821.07355537763,46.581077270774585,0.9431814685553042,0
96.87215900590003,0.38969481337523965,37.264013771378856,100.63620645867309,48,107252.91586153256,65.13081590606649,0.7190034880691544,0
66.96621562550439,0.20168165673252375,46.38138456852396,68.2293080453531,97,158491.09829255965,53.669295220541066,0.049433835435177854,0
79.05482190386832,0.4920459328062469,51.6127058776965,94.67658012260466,102,267252.73202484817,44.758974707437034,0.8076667535790839,1
78.64922666127875,0.2811778164311289,36.01156933433306,109.53182398308152,43,119160.91319733622,44.263235069927916,0.7873492469064232,0
91.10977060361108,0.3587130733741859,53.91243645643224,52.503552750096105,6,9973.679915921944,80.84532142043746,0.12972967577822792,0
76.03021297118433,0.12317238024670243,24.48351391632702,103.82212976520611,81,220699.92079208943,93.17846665610716,0.455274335328412,0
66.44994732546509,0.23536378098640004,46.93001931478363,68.90727988354817,68,180700.1573894224,49.36287493141554,0.15551606659349504,0
95.95254661114245,0.47570547174567485,33.2315613241191,121.08884664005993,14,28285.179727788844,27.74018595263116,0.1353957715388378,1
106.80703161942624,0.12498735572146512,23.850748397038686,90.36651660208312,30,76063.02884701124,27.55960445363759,0.5438602844441595,0
111.23844525062582,0.22091016389993318,34.693253158476146,52.50396369734609,110,165007.94044256143,78.14493906475026,0.10153399338158861,0
113.49181297127117,0.18176133399119018,53.44819373045158,80.25729640869164,84,243406.50446271582,63.66588751263889,0.6543958247876985,1
102.96142654149577,0.09159949982698126,57.26028710896832,122.47338936646143,8,18604.598823700475,79.85148601921313,0.15468678378612905,1
67.68363355605462,0.1664476757888692,34.92639456981834,104.77797449331602,54,131247.44798902195,73.82479072020024,0.7739904939552877,0
106.92115033301985,0.13569703313061704,53.683822736642256,72.53592527648466,66,164801.28194037077,88.52544444857776,0.04167108288463288,1
81.99780403603607,0.5087405604491169,39.36686781719137,93.14504707353997,101,236547.40610858254,87.00770037326365,0.5259514553653593,0
100.14512225858,0.41018255445310986,47.246571431229775,94.93260167146971,4,11140.58332523678,80.18291769348241,0.03346734607699041,0
89.21974027284597,0.18069485416272515,21.72411404640528,51.751112058740766,74,178676.9033688214,58.26324120295006,0.17016158946331633,0
105.5733373506831,0.4222030887510633,41.17785493539289,63.41250209369165,84,240377.75889629955,46.56884853226967,0.6524758723728563,1
83.40281530618287,0.021955574638290554,22.666153576017635,91.38327037341709,60,142409.84600106083,60.49187512112479,1.0,0
63.39865959070114,0.29432334381641556,30.207482369564374,80.20644188680167,53,93104.23254745505,60.14501251238765,0.6060503421395504,0
90.62530409853589,0.14518066441672348,41.53894438300979,64.25283608901206,99,284164.0395421365,67.71928842225364,0.8818628872146725,0
69.42098050672203,0.07173391877659765,50.67222312402386,107.95015511481274,112,282513.41972444253,38.02682974480329,0.8481511119600857,0
113.10346977941074,0.48722960530278386,41.313958464548605,86.67461605090719,74,188615.52838234673,70.89339163114921,0.2618962407442387,1
88.98296862040203,0.11764388850178921,55.57527856237798,73.24798567751368,92,273996.48157888104,56.962064694407104,0.8367692546625705,0
90.44573366104933,0.4540911901909925,50.79263528788175,62.125800981180944,15,24191.922469715533,68.41433823586014,0.20160326088155017,0
109.89961420481498,0.23314024584555648,25.9371255519939,95.83725220937231,100,214288.8910642757,41.7723376043682,0.468514543394299,1
94.35218848331462,0.017717015821978186,34.78042245386162,99.96959769960282,1,1858.6430894799228,55.40764257141485,0.0,0
76.6501157454339,0.4055677278225537,45.4024462376576,100.21979124328215,22,53804.07333555069,39.71408501167642,0.3510665748551487,0
76.28520393023541,0.3320342694384587,55.659429201153024,66.52155202165271,91,246629.79483161183,86.27136097297611,0.7134036337552507,0
87.58682574485509,0.19585281691062245,57.53320301229749,94.65038054167641,93,274300.3438904915,59.15727315290763,0.8067632129046975,0
107.66345259110373,0.16203480432018222,49.00108464258667,117.90548486438206,15,32728.412406481206,40.74869909016685,0.27515150696137247,1
103.71011374049532,0.04979327628003476,41.80323361201583,76.48907005722407,74,198270.22360132905,27.884608701908242,0.30647890067496764,0
112.95073223312646,0.518369821211047,48.751168210043694,65.8075199481383,84,241548.5005970878,72.30170652574793,0.6190695106860169,1
63.9537367568712,0.2767518377337263,30.382983939630012,107.91121370155714,22,55549.7392736842,40.0251299792829,0.3134870605379372,0
74.75793379303863,0.05618323949109833,30.776915035866043,63.266220511958856,50,93204.94143373283,94.27075346231449,0.5664038483465599,0
64.41142392975493,0.4790870475820141,44.86527515416828,69.0311540296169,48,115765.49887976097,62.35902613906202,0.8080445711448906,0
101.309355664634,0.16056991332162104,53.12975190319659,57.54832957339718,117,345726.5843919162,45.22838973736224,0.3489348099561416,0
67.7458529032711,0.11994546649671362,56.85276058870144,70.09057370560019,73,217637.1442603414,71.03742036548412,0.4522357403789673,0
65.49374748986837,0.16170621670479812,32.97071483158629,80.77512996612337,51,125640.52651433351,44.26539464066599,0.7762272979636372,0
90.89197139047566,0.31486858764784015,50.26903767785017,54.81183964572433,96,271726.2371335664,82.41920057368226,0.8136984753874701,0
82.63165916655372,0.049990501628399714,52.35817060092476,115.37816831729754,17,30608.908778139372,46.57652356509593,0.2669211398879764,1
99.33057363193569,0.2701487309262453,43.68058323519293,88.52560941625143,106,198126.49818740247,94.17734126771364,0.4079866447519378,0
86.785846543515,0.4937014603671288,33.20849152473099,94.10777239163978,83,243134.50780416504,67.36013498117055,0.6050613220781379,1
83.3934027767249,0.11161266175690689,43.52536548040444,77.84643173250907,104,177096.71857719004,84.10878042598644,0.09765139800171074,0
83.4025246810834,0.1888419369622117,42.209058363837485,100.23764221654339,91,162586.02879975986,30.097082870489555,0.1259250386428047,0
107.95320092193701,0.2239058611278925,43.04796922026665,82.38363018882731,51,108671.96783268396,49.38095921703317,0.7106816307284763,0
81.73741078973565,0.3265591842247124,43.53188812393341,107.09853309044337,37,88221.92797031095,76.62409603163047,0.6352982185467916,0
78.33684202732984,0.5063972931242082,52.18821125312441,111.60516076365553,98,235761.13118833592,70.85413121384079,0.5857944858397871,1
78.61942923625011,0.22305117245090977,26.463097504158554,100.38868339148921,111,215114.00544281647,38.59701850036304,0.389921164330684,0
70.81304382481896,0.047342533965992355,33.95717000937639,86.85017143806729,49,141165.1214993506,49.93420513567969,0.9440130280286396,0
107.33788678156942,0.1978934651727359,42.268065639327034,108.67020129516708,59,169486.34182329584,43.44103852412786,0.19532586384135525,0
68.06469482651698,0.1126461228039162,30.766454067241803,87.07139835536368,10,20881.02079578559,67.93591188332901,0.13174910585687508,0
109.97359057897829,0.3619582185623158,57.169818639193494,58.363242827717656,30,64543.12962436337,49.11977606211425,0.3785472726568202,0
75.59072470510534,0.02580153895035938,29.99970986488851,58.72551674330796,85,217068.38239504874,46.63379694002449,0.3676903408704922,0
109.46847521956158,0.16764218437945963,37.84589746440988,121.14373547247509,21,52384.370736565375,39.516458630543916,0.3106209039005366,0
103.49513612480175,0.30439369390561477,53.339871737096594,66.0172256343407,118,244666.57164809035,53.63189846402538,0.6106036645653865,1
92.00931365226973,0.15976047126675932,23.042419181088597,111.19437432664823,34,72126.45682757118,38.685181313758754,0.5218430023130042,0
96.82085021552295,0.30753745300643726,51.186144079581574,68.50290554562714,73,147610.2643046585,92.37987111643426,0.9280259653071424,0
77.92142499537103,0.07194465398107892,41.69831802103746,82.30850703926123,98,181601.59602213628,35.81512680467124,0.2883649011007236,0
91.58257378802143,0.5191149635143962,21.208477551147475,99.12110840736081,50,109360.37721931048,88.93133004711434,0.6622115709200103,1
76.08215953996834,0.16708967595813884,54.31068989473723,61.91503796719281,76,192253.4910368896,54.99311687096074,0.3982642448737726,0
82.1250047639754,0.5084204532705371,21.489479747318235,105.29348662729082,47,122808.65272465766,51.450619409320545,0.9050002793354412,0
102.05644053760847,0.18595113733223853,39.578276258309124,101.74347294174036,85,226806.39015263523,41.19238606333942,0.5191009134869679,0
73.41629100956189,0.43219370323341344,21.863187361895882,90.73121668293372,84,173216.2336950933,69.50294340572634,0.07239021456214255,0
106.13653087106458,0.1429411730290766,22.70560374203093,92.44173170318243,6,15881.723948564762,72.98696105075855,0.10310695655797732,1
80.67355695157481,0.37167520729038467,53.71376394179989,57.93288451411928,50,75488.72367689064,57.729967357669224,0.4839161099466123,0
89.26934784708995,0.1848067554642943,49.10137078457286,82.69618628263417,109,241497.66481671025,28.89948269853969,0.5462700709588555,0
111.80782681595804,0.28494592977321576,27.483764583305877,56.492854651821844,100,269085.6600199036,89.2957105481985,0.8084548814950628,0
97.46905966027812,0.3738596387123876,43.57778298214165,73.0897468275133,63,154039.2261006079,93.62303930134667,0.0,0
95.50822620645451,0.3279965528095987,50.197823600386194,117.5234105817975,12,26533.136234781137,55.17303906482845,0.14114228254606187,0
99.1384250182766,0.3211915203731949,53.80444437194086,93.0900050416094,41,101145.48340629048,67.9562565186529,0.6641192909799855,1
110.49612363183088,0.04546765125511334,37.79566321988756,105.70275786145112,31,88672.98914641287,56.52090383706227,0.5624078195408007,1
73.6682540071831,0.14450148937265958,54.10499534124576,93.04144005319192,2,4699.145401830622,47.53157556202844,0.1352354668677056,1
93.7282663189636,0.3187932165225325,39.29830276326734,64.56775685049868,16,43194.86859504255,30.412315500046535,0.2611800589836395,0
82.02166199110087,0.01989129189649153,46.15266560275226,94.61062368349187,1,2971.1140878377964,56.92474112781092,0.04185147782197575,0
60.65204112656342,0.14534789776262902,57.20311565815528,106.65410579791437,4,10233.4092124534,82.2869189451616,0.07549885269354076,0
66.891549302336,0.13376002929284625,28.966167989392016,60.380375215027065,47,110919.46635417899,26.192202276160252,0.7571006202908035,0
77.87455423949736,0.1449222994868506,26.403808491134168,111.26800325709387,116,180522.5547998092,65.74753782261556,0.22493811884594134,0
91.07499841500537,0.29922912976599303,32.99671534915907,91.65441342337219,65,134011.5950798223,86.65404761086822,0.937478708195788,0
108.48111271829494,0.32425859117036393,26.247162863371756,50.3206401626586,52,122104.53321417922,40.22846010100506,0.8273525252087935,0
103.51127650107917,0.5008589169613181,30.79818661678522,88.98338647534827,47,126703.0633052753,37.827910528234355,0.8559318784461513,1
90.43335198325238,0.21845676647415838,48.23344228808295,79.67536191026223,99,213558.56126266508,79.05936379913602,0.42664759517450757,0
64.06287298491073,0.510352615257288,38.145913365008916,72.23348834674907,77,226386.73085083134,42.85605017835053,0.5023239797218769,0
75.72484597172382,0.362055346291452,34.25156919080627,107.84429149384064,50,95384.53144677561,38.438898729245395,0.5903069822288036,0
80.16897563407342,0.5028366137863001,34.011512200480134,117.46249127441382,45,117758.28567669635,51.45924753984645,0.7820118189736323,1
94.19444518621134,0.4600749349072262,27.392139046202022,107.19898170088327,42,89398.97927630003,52.47514085891526,0.6080565639386102,1
63.57079926389126,0.38129451944015125,37.00163526290582,113.5079436193155,95,211753.3604756416,86.18707441115961,0.4317972976662503,0
89.16064549752603,0.2022971857402381,43.736151230150696,118.15857074083799,84,227115.25626704548,68.29104303535738,0.5231159470964817,1
109.5805516879589,0.140199641750018,25.2878837116925,118.44719835323583,56,108882.08197874327,53.41730194377126,0.7142327958525284,0
98.79879826335716,0.1300913751764974,56.96688873586815,58.597860724756806,71,116810.48402738274,62.40715750000368,0.7758825650227568,0
103.8392243609516,0.5241738722263919,36.84468470421588,84.22891166653712,57,129981.85248444801,91.7775663327692,0.8388633590021138,1
97.49216065974905,0.5276298752898534,56.022514836553,50.02148557946827,104,238491.9594413848,32.925027362692674,0.6056075958262268,1
71.36240116949257,0.40140894170312685,25.11703921171904,87.98469385277544,33,88959.804725156,39.5400865207284,0.5820089534386672,0
66.07661010363103,0.4872498314012978,49.154206220561846,119.3182950757843,28,82669.40666174827,92.37700946105888,0.560157424654862,0
105.62198701527,0.5062579280626928,43.470245920654705,64.932671779863,114,180456.41736214756,92.0127393969043,0.25308293458344466,1
98.25274398085406,0.2862403461204286,51.16243654264809,97.98399715749348,44,105051.50526704518,37.40157948853408,0.6648754229648469,0
91.62838573490025,0.349692232937593,42.825761072297794,98.32842848134203,114,287498.6286838308,35.15761719877087,0.9464922936043961,0
70.41055757325353,0.23612742887691587,56.58779206322663,62.02654885158297,56,166807.31346287584,54.475959403703385,0.11370926541344098,1
93.18397309214643,0.2359850127140421,43.82340957533459,67.88955794880953,44,128210.95414227617,28.480280474157837,0.9557993742608789,0
61.72269818721879,0.030751616068091896,49.81495676308979,84.65163379701808,84,215768.79635370916,70.84324725995981,0.4276436259348855,0
66.53615239166777,0.24426358866179498,53.34810735626796,64.11570323407591,96,219137.67521920308,30.424721516321952,0.4956760639522405,0
77.15395823924335,0.373684498217119,47.15417190599748,93.87454838933819,73,127186.8694917691,29.06207389659965,0.8486801358662596,0
84.40560525761404,0.23787036969754843,39.920992949400095,86.34062982667018,34,70593.00431542529,58.963085534619445,0.40120480335382724,0
66.63104727021002,0.48110122551355655,30.367048993009973,88.93986338842798,14,33287.568826200244,92.04506452770711,0.1958826707320444,0
66.59671011216447,0.1895839942997898,52.47071930903543,60.08506646154164,68,175970.4404527669,54.87571552442117,0.21715982495653233,1
99.92415133209995,0.08164830514285872,38.261973602169775,88.79388690789825,29,71139.88075034138,49.95368110623858,0.45263114863852894,0
91.3345673593417,0.4482416929936921,43.58691260073225,53.71086432906045,79,203123.55201658735,94.85697008516001,0.2431441977019349,0
89.35580894277157,0.3739318758974397,23.010608439474954,116.11514735087613,17,36443.388866073394,62.23782725454284,0.24138577492759744,0
84.88389723146524,0.1405825204531142,38.89935027882029,75.74372681041943,83,215089.59767609063,51.2668984823174,0.37931383627638704,0
113.70987084895101,0.29968367826280584,46.529990472754115,114.22529936267806,102,174992.41217101703,52.010256933912125,0.17320696776994957,0
62.73901555919072,0.22700026284064792,42.19473257748326,102.6242276558633,9,15694.915208802033,38.647164722345735,0.18219012212858116,0
69.93449468888676,0.5169842792752553,37.04508452973679,107.46294419728858,27,47094.70190609324,60.855614021327725,0.3524375449141001,0
95.61292665706806,0.33795932909713966,28.49023803648743,73.5908370904192,49,138978.57434212952,55.719851971760406,1.0,0
67.50011096181828,0.09553020104097547,31.767467603426063,67.08079548755414,79,127510.03650207318,43.95567074431894,0.8219913089415966,0
92.41595159050456,0.281160164423972,46.62372561016744,80.50554153808362,37,99983.71468670791,36.237806062123184,0.6593997812296095,0
91.2268674014594,0.47578068956287944,28.51924655589716,51.81693968095995,28,51809.97771796296,46.78672080672876,0.2931780416126974,1
113.40528510018031,0.3726082018175293,43.625611381737514,118.90667576512621,50,110132.24553714381,60.60783293814105,0.7000127979956207,1
108.58625678769623,0.4649241210932744,42.41002927713572,79.02606994745933,55,158066.41912591842,29.083329059936116,0.0074318858918138095,1
112.00543390720989,0.14521562948744576,56.87586421670082,124.14174536326738,4,9515.623378125041,35.762082000876916,0.0,1
66.24813032106888,0.48970974360567265,22.309710014417455,107.10870656055596,85,154290.00499462572,91.33600868783668,0.09689286456407174,1
107.74816404898039,0.41803011918505295,24.108659077250337,56.03862573494828,98,188761.23886686465,62.999874572193725,0.1538102443611099,1
67.09998639505683,0.4036134279365625,39.231171694538766,99.5141208381932,19,54732.728781029895,29.44145125620265,0.43339180378042713,1
94.81126981991939,0.19713217767230318,40.03017336343812,70.31293736284664,37,79206.4878436038,73.5161431138701,0.5903461985367034,0
99.60429883729012,0.4893353544306852,21.51725103459651,68.2788984186035,4,9521.912898040737,29.32620090553243,0.08846905309422148,0
68.84694239821071,0.3545088637923369,51.382505992659176,69.24220024274096,37,81026.23691270906,76.7211958932461,0.48444954934669027,0
94.79626567612468,0.4699933175059134,38.79949292791004,118.70562865196128,51,105450.5137357064,77.49739052040188,0.6238946693325489,1
62.88532711015967,0.20492458623258678,33.17246237234009,87.49851320535312,32,58717.39809275529,70.57552830244768,0.3640291365551904,0
76.12963471585566,0.08865212917475251,32.116443283365285,100.21031741087043,45,113817.92628271064,76.25431812335448,0.7900421980350671,0
110.66371716637641,0.18946207731897408,52.73347289905889,71.07108693497756,112,288664.6604137162,31.157604670914044,0.9245842512968085,1
69.44521395960281,0.25584274758259856,27.475848924270853,89.22158413888387,12,22947.93164893319,75.87463866486873,0.10081123623815007,0
63.58984958476801,0.2980399825785659,26.09587280643915,76.25751036583924,41,110024.16684787207,34.56818238067181,0.790904684885305,0
84.40230098105027,0.28583697648423023,28.10078411048476,74.08542802973005,56,155780.9568253411,48.76541350902907,0.1227588785780175,0
106.78400146899993,0.3048694799157448,43.75085681077462,68.52266359776591,80,230481.01154875563,90.9921677450443,0.5252101187909742,0
64.21698100825594,0.4645211132203917,50.815372513879545,80.67551738700504,14,24385.460692285767,60.2012834361398,0.16803658312843908,1
79.55444508767246,0.10185467294161175,32.57719036395083,99.50225829725171,54,105617.81837267458,92.71985024581097,0.6286763549696891,0
109.48761590076293,0.1806676993911903,26.59155592836289,66.65328320503318,63,175803.39133909924,31.224572122071628,0.15130327312187647,1
66.49855524694499,0.4898485848351438,27.94937836988758,122.40829901580126,65,116857.66977571965,58.42896196942261,0.8045731307381807,1
77.08676782515707,0.3126474304614984,43.52898358367834,59.345875734775,116,174603.5119083682,29.368162419380944,0.18176623973534356,0
102.81313363446371,0.325030529999569,29.349338596140736,86.01554057910772,119,333942.67487991677,69.11471836794993,0.2009011067389597,0
89.87660429263424,0.26815377409153424,53.33664879135194,56.377116226651204,58,115401.10143236913,30.509490095796146,0.755628500791972,1
105.77832273484707,0.3064463028925151,23.94787146774393,51.69989908017575,96,203687.64362000878,37.27574617782641,0.3355570873061643,0
66.13774661768392,0.11696305450245466,21.230004292209767,119.20079897737726,21,45559.521810200094,43.118121704849635,0.28980690971541473,1
110.63047942588474,0.3053081256857893,23.358373346514348,110.77885954629755,4,11089.64760400337,77.41206961651382,0.09509272415259548,0
111.42014869833648,0.5484734890720031,52.134438574680175,102.06165298441687,73,146499.18983298392,36.47734831726523,0.87828441128477,1
68.54221610806884,0.31566568937905953,44.74672174729512,114.88931098624586,115,326418.2803102431,84.26424373051475,0.17240439299455784,0
61.86315054237125,0.03397733142725638,56.39429605845551,110.21363172272964,46,111568.80052531531,34.23327571815606,0.7612907802833865,0
114.44127600755628,0.44007524794935626,32.77926856825079,98.54282907397942,86,197019.98740034527,27.467111434910944,0.28494234838691457,0
86.52383757663334,0.2240967315106293,28.081768864368577,113.55067443262769,12,23861.061128294325,52.65317932787675,0.13510708865705143,0
91.46414722194872,0.09298512019084341,41.35505909392247,79.3100415095079,30,55967.02633265337,93.56091493799066,0.35059378684358333,0
93.87476035166169,0.47576069536241333,40.437474606816444,91.45638749263446,94,228992.24043160616,32.723955945214406,0.5026624375338498,1
103.43176545292765,0.1169055579888825,42.458911551422226,108.22329897339843,96,208352.75904814695,32.12029108277403,0.3893125825468317,0
104.65933829752548,0.507214390523608,33.206286781093254,56.359851218475995,60,171946.4408938806,77.58165575569367,0.15275974385989313,0
70.66588733758756,0.248570104839007,20.224083721397896,114.3984100371863,100,223745.80741710748,46.85131857954957,0.3866130003023599,0
73.01502073484396,0.411107050764838,21.331202811743438,61.76228417724538,71,161006.15862867684,75.20971320580018,0.1060184094314601,0
108.22581659205046,0.3053777591828011,45.22540553405549,114.84059396731544,81,172131.8786580241,39.00074126103544,0.13304591350281275,0
105.07346826128226,0.14857847411422304,39.88380582990829,73.34996537246953,65,174453.1422066503,57.205039593871405,0.2596691068177619,0
93.96906598546754,0.3723886942277962,51.198427866748396,74.50871344769139,14,29921.623160294675,43.57029144242425,0.1398950607903624,0
114.70845375186674,0.5272727774806799,31.415574633898284,55.54615174022759,111,211345.4429583342,56.60697504153608,0.36560389428451134,1
100.4351168953228,0.4256039620673628,50.98794501478466,116.44247179218121,44,122894.03770337164,78.83679648097126,0.8091481357599812,0
71.8710222471637,0.33616971815059626,36.16867371115865,63.08828017931522,108,258686.17186116896,78.34069583343631,0.7452357515587615,0
106.56542353829731,0.5449391784635627,23.674538650760816,97.25374265277614,102,243501.06362465728,61.10406013716065,0.5258020577958068,1
82.8102950003577,0.15327640036504978,57.16063937844638,98.29756994401417,26,62822.06607939314,89.98602906047357,0.3773587712568156,0
61.98839632977091,0.043664403471101586,39.45356530752976,71.08636275609844,91,234621.6256300735,43.46488717137918,0.593710178895849,0
77.67817027964189,0.027350667702602784,43.92018353056916,123.92457180926033,109,214686.6162526047,41.821794578346314,0.38383791102907083,1
101.99531787326619,0.3937714549617511,45.49029308660358,54.81246635833137,16,24812.264899992068,67.96644808228037,0.2339164181520918,0
112.81134139525602,0.45832547695645215,33.771665584621466,95.59040082436387,110,298747.8715447066,68.49079239517523,0.968958297022257,1
75.18750289667567,0.35295429024164443,48.406076154761216,85.96579455928918,7,11853.503065757193,28.257802769548178,0.0340546937046198,0
73.55839784253433,0.49871436261932717,53.07012568333865,68.4113080360456,32,82647.34738610612,67.54443986708283,0.58149452879685,1
90.9989122079065,0.3869070655635571,34.71310510372663,62.266378349220986,89,144489.0923213584,51.210531014431005,1.0,0
104.64261448143458,0.2103155090608711,44.96603369199883,105.28132686192399,95,195981.36748906015,77.32097677243914,0.3273622628642625,0
101.05891251885207,0.10787947748013607,48.77070531113396,118.72361558608898,16,25512.62567595692,81.5673965181691,0.23310564113420904,1
90.79773964095492,0.5093096384219444,27.224784112185088,58.06596964660418,119,271715.1418135488,63.65076736829256,0.8952660457888404,1
94.72643248879632,0.06594246099863893,32.63865120704676,64.54851590795042,105,260368.8842130981,25.119352205158556,0.689699627424275,0
73.31544265294892,0.30321373802305895,24.134242162476284,123.9702310471674,78,137057.67751784803,69.54560671166495,0.9606374168219662,0
83.79158457518429,0.17956427964769628,42.883921641431726,51.126700567840594,89,183112.28706152667,77.4216895766154,0.1445750549450005,0
74.0451094586165,0.15656410406062315,50.43563244119253,88.11889772396924,62,179512.272667004,42.428828636206,0.21799361103601259,0
108.64298861645507,0.35875082003512404,43.211868950227476,88.70846375613607,30,64907.510269835555,57.52522007985522,0.42915084060649605,1
66.19049790510337,0.13486794619115958,26.831785577127672,69.73711438593304,71,191970.89009600328,92.60086363882517,0.3419534441254583,0
97.38573068210039,0.5048371576408937,40.76200265899322,99.72716603327456,12,34689.32541108376,45.86808873758724,0.2898747450564671,0
74.31557584407629,0.22926371091352704,51.72749764400357,120.87056798202603,67,198421.7554102173,40.62072757292185,0.35130087026150225,1
86.15675753451565,0.37578268723402664,31.503542250972327,83.76604482174328,91,259120.9556878719,39.75983533346071,0.742394432893287,0
76.4677029135648,0.4029880873574357,51.640757085600335,106.20646290508928,46,90900.96771196887,64.11605840477974,0.6314248852492234,1
77.77849243827094,0.37878851509767836,49.81568478325954,98.45526944535936,83,244340.32432706852,91.48509709156045,0.6320240390826173,0
74.3216157486062,0.49783613008223265,20.826150697793643,85.47063976562862,43,116899.49309262002,67.60830904402484,0.7762701668954048,0
101.40361066574913,0.13481066634723898,29.099282935249075,53.73592248524035,101,278332.10092138237,46.2326184166362,0.9276762480885047,1
80.1143721448476,0.056469454130494645,40.63181142031358,105.63123537179564,55,83751.77119417637,69.69988446472179,0.636489632278418,0
99.94963597427454,0.03995147652312665,47.26946006073185,77.24385853410972,45,131911.12327398482,68.73896083184512,0.8723245286081218,0
85.0838461557207,0.48403584125651344,53.46015997480751,66.83710163018156,60,160028.12014638665,66.7847595010758,0.0787359544597816,1
90.0985323155158,0.5355750069671584,44.35960809417998,121.12014873411279,106,281106.8319447561,36.15983448218114,0.8781283075370128,1
89.8808111642418,0.17336433225054484,34.45307850748249,108.01270771603716,71,115182.38384389444,69.4196759541496,0.6872976368624365,0
113.67186436389738,0.3844975187304834,27.015833856017984,122.17015112577023,113,208920.36771192966,55.11151167601498,0.3759806725322642,1
80.18843506410232,0.014812903452744407,48.8813625075724,69.21626991241925,80,235471.3998165479,26.301444103612337,0.6497945421627245,0
71.42262524686787,0.11186101546263341,27.857699254316564,112.68449956834155,32,72032.49959066286,62.78351410032466,0.4427278701861619,0
110.14855672016311,0.3822081665292718,46.42635981579349,95.5791053196477,8,16774.296218847074,94.24867216528924,0.2175558145740456,0
69.61616091235653,0.04557905523022573,26.88604146010588,123.61277669774147,113,311869.96850640187,49.48177135907885,0.13773943885548176,1
105.89325652143896,0.26299542695670525,23.460046311759648,120.9737709210243,77,125587.81783016057,92.58914528230608,0.8573270263950475,1
68.26181925068092,0.3677949627619324,29.541808500848312,122.97260337070269,62,131775.60751320852,31.734401916381618,0.9065462143868779,1
96.22983838250734,0.4236174125049794,30.827332609954343,121.38257137549564,75,154766.3371224844,76.27150811071144,0.0,1
68.27974472954948,0.25506059341116005,44.59394711080658,50.57456501678293,20,40495.54161091178,33.00309962639847,0.25670883979484344,0
110.76972005816862,0.35035338132802524,26.11356797419824,105.58140576130171,18,35307.69057863297,44.15001014886919,0.30745455937364113,0
91.07545554590571,0.3013708399635131,55.35166269350175,70.39509209072314,101,183326.35595369682,64.95885847254871,0.1914492393993021,1
78.11006115270482,0.0382451169249934,41.06574408100639,102.8770321664396,6,10556.1972269147,66.49457857837243,0.12343123602687131,0
67.71775262299772,0.41111453112031715,38.655405771025684,123.54584009404314,84,206691.17073187896,79.26479220639199,0.30908912874067346,1
80.41557298802967,0.10307543457810249,36.518391543717975,52.95195430240691,96,276392.8571340497,68.07179850592075,0.7827111269365807,0
98.77610191778464,0.02717498686627432,41.53085118410726,92.52408743295129,110,248960.52146623045,66.55302930663925,0.7548060430541855,0
81.1722986160701,0.25363067479572105,20.852984752147727,105.12148685875769,108,210271.87748015637,88.86471608923968,0.40122065922235955,0
73.53517748524942,0.4774442971320156,57.62328223400513,69.00190866611052,29,50423.46860091685,56.651252654641006,0.3092314629897286,1
91.75751965615994,0.09144789633695546,41.18592629538211,66.88414528003568,4,10980.860190315565,40.76860450865385,0.14134277595205189,0
82.98020190604157,0.016943068423166494,21.337410081326755,54.52591290514108,71,209963.90401439727,36.32520095165412,0.4620504378441569,0
69.11934298166608,0.06938878731332525,42.41914897858479,57.04398928760567,43,87020.52339467643,52.99962177666499,0.6261745508940382,0
68.46933946526012,0.20637592173906763,36.608992815007795,99.25624331362711,84,162659.75361956825,74.89269286355871,0.055903461493183024,0
98.91040946220201,0.32329280979530406,20.91343247332354,87.89079642739631,34,81676.140601722,27.978043945093063,0.5301617252145963,0
113.60695425339411,0.114226552352382,55.12829258198397,52.25541706114595,100,266299.34714301385,34.03373705565843,0.7909104221396621,1
72.8201738974131,0.44306056271218813,20.40154113880491,122.72463190645743,71,155000.39857803925,32.42794220725476,0.06805595762762358,1
102.52317304573195,0.41678044509650425,41.959123721357216,99.20344021166038,33,80688.620918117,65.96751071360211,0.5124999607531865,0
64.81836863477558,0.3857663529632976,56.54804840979651,88.66014267620062,15,38622.35403052407,42.000525537188636,0.26601921573452864,0
80.98667554787,0.27323369649039375,29.028970885354987,70.45431774698174,116,341143.0580869752,36.63815998109776,0.2876566189530382,0
87.86784840445414,0.20721715577235209,29.658804821256673,99.35741636056274,96,167765.37559489202,66.49395038201156,0.18277432511804287,0
74.78108199093725,0.21281677532099783,20.01607888528579,77.31258971620346,86,257662.34170347266,78.29169408166655,0.7554722361365737,0
89.12681290828377,0.281658088876096,22.521344535543275,102.68706219968672,40,83529.39931447372,48.25084415168651,0.48152257985472696,1
108.543793521512,0.05174993091663345,21.705759639929347,101.19289402300731,93,240386.41991035425,65.47432239736173,0.5918946173114256,1
111.94408792952464,0.37844494994821304,51.26093878016017,56.9557846343097,89,209917.31945939513,31.868708923962213,0.3530096278967968,1
65.53063249051772,0.19981407376502314,51.79602765790692,118.19455312332438,5,11150.014627566303,90.4633721320299,0.10273780188102569,0
74.95152636913113,0.13136974008689184,47.61460319901186,86.5230688701261,78,198674.8181415956,48.5827329720341,0.3706564551358895,0
113.85236546347487,0.160296618069265,33.4043104756495,79.47087042249154,50,104681.53876676963,94.8253985221451,0.7029547243923098,1
74.8730125721234,0.10735891405455764,51.207669095776005,121.65966077215839,99,167227.33222851576,93.50114290948474,0.10144252999204603,0
98.09890431288926,0.49684676618500584,40.51143176922952,82.86569608334086,66,147400.44492900276,79.5176414535068,0.9861281225118176,0
73.93995316287005,0.10128025883577757,31.563790506237083,104.09156876772984,89,203175.76873608952,26.40469667848767,0.3649510885811512,0
79.6001076326571,0.4867801042032258,36.616517226346836,99.1352357937377,54,97354.07442539508,63.04324442690543,0.6170221802501218,0
70.52034433432937,0.3190114338229637,22.499175253713876,62.38550735622925,80,232274.32275943883,31.078549430800805,0.4875599300244573,0
107.09651065334299,0.47842351590998455,55.906530096496724,124.33570803073528,46,84695.81961859409,87.65966181730613,0.4621318453295263,1
108.54568201007272,0.26599467712897656,43.52642385936992,84.7703241718165,80,169107.31129009172,80.27453768531821,0.19074118185422229,1
76.33018793534873,0.5109222085197798,47.786897507361765,79.60869293129814,11,19056.339832937934,93.0638263616978,0.15186057773466785,1
105.29744032938464,0.12420500154850911,45.71016807595531,118.97101195649226,49,112881.05349474038,67.58680672048568,0.7706659071988112,1
79.70329075203412,0.3095335465375283,45.37449941179727,89.69287524328325,99,194184.18480286334,61.55209631390366,0.3578211764167364,0
65.44606825923371,0.07795289287738134,20.655917448895124,102.88077214469843,23,51379.9019391749,61.328169916107136,0.27975927910987847,0
101.69420185106404,0.25149895400927674,39.964108631824175,113.46845354465081,55,101030.89560780165,52.05138621180414,0.5867577602592601,0
92.80454368943646,0.3177479961892949,51.2249886877703,67.66207967933887,5,7903.313459615369,57.80830470603987,0.07190035222339028,0
75.09103440189126,0.33706461997351295,21.6917163536408,62.70999388958971,64,170805.7585038965,69.47888081947453,0.15336862546481483,0
73.91498572815159,0.20738555032993075,56.33429598775428,55.13801041932545,35,86157.02990788207,90.30633252893941,0.4878148589022428,1
113.65928537652768,0.051221246769884536,36.11806795422759,117.2849974434549,93,187033.1401216863,66.71190367792218,0.26486365391826555,1
107.43755724912002,0.36387607854663245,31.016028697952105,65.02753210573616,111,174407.78840960664,84.9981159622157,0.1427074417773993,0
104.53890811555706,0.27375320464477004,40.209211742393826,73.08155330482954,119,333005.1486914361,85.39459379117504,0.17967992162269486,0
67.0409739752916,0.08391458798411873,50.44613913803538,71.43551945592134,69,121073.7830108428,61.31828730937814,0.7904873679914981,0
101.53530008365432,0.5153730234792938,38.04069234720823,72.84409906417962,54,156390.11968079567,49.32287490483351,0.0,0
71.79971216618075,0.5260610775790594,44.51401571028289,100.10458451215388,3,6653.679203681813,69.77017113324567,0.014789150188281856,1
113.75639187645324,0.47256739110893925,38.99674673894068,121.55851690554037,6,12063.480389176353,56.211413934038994,0.0452084741202988,1
62.86490533792417,0.4656888822795026,43.98834575236405,74.70900769681553,87,227299.6117342708,30.700860712535302,0.5431858672419455,0
79.3676165958134,0.06328248896875031,25.24517477747219,80.57353659940226,110,309678.50200240564,51.44663703027035,0.0566118398571599,0
83.57563124282933,0.5464468591745866,21.4692086747678,107.83602380814584,56,115139.93934623971,94.58504966345275,0.7995430393255422,0
105.331160135924,0.22620556712641507,25.202253416500923,82.42534581407644,2,4222.031256510561,28.395830901840103,0.0,0
102.14225499022254,0.09808540256824132,30.861849497229294,119.45320759445356,82,176278.46097970527,73.76668383306486,0.13323482873614936,1
80.62456797206242,0.4485349332372994,29.62753037302806,87.74135380589124,94,271047.5516684923,83.8832093549873,0.834783530368521,1
91.10581614019225,0.13189461497005125,43.376663287104584,76.08011418227116,38,96476.14751631695,70.41081324327651,0.6277310852467886,0
105.95773399842517,0.29413467316157943,37.323798117101155,122.86793628007023,56,104802.27383183506,64.8823761814303,0.7409548521942854,1
61.0009775683079,0.07912867520985563,21.474855279020186,81.9336407048135,5,8887.497731264846,74.52880918851302,0.0,0
104.11979547384597,0.2663086905689798,21.32490444004697,67.3381153391032,46,84895.3687763123,55.0539916109759,0.6025246671598891,0
112.07928139381231,0.31139640643758887,23.4423440805853,63.32756110921497,113,214174.0792169452,31.395321611621373,0.39587023389038256,0
61.763548681629416,0.2507989383737251,33.417083981232906,124.63859943712443,11,20298.027607011027,92.36602280123672,0.09851032982760646,0
62.50695428930004,0.04752288536643262,20.234952136621718,106.47407698466368,65,161704.37860125862,55.26105389889373,0.12758154302143002,0
78.9482703061311,0.2718670765146922,38.771516086345336,80.64948480913856,10,16739.002659862595,71.57724660176123,0.16968840756357592,0
64.8273260072221,0.26322913545804055,33.705447243753504,111.97725071391426,41,85322.54711703958,62.19173058225067,0.620551965584628,0
86.36018441616385,0.15127494973696387,41.106769492751404,91.01045971358637,116,282759.3216968438,28.82711503842882,0.9869942408980386,0
100.07908767993783,0.5076648638150157,47.39135866714643,73.80421802249543,44,85196.75828023344,91.69226206947769,0.6313185689570563,0
91.17945792674998,0.23560785965705833,29.536966988234468,105.75393565519695,90,143812.04193472382,80.47760582800264,0.9189751170448772,0
70.80375499900072,0.476622529946048,25.96917860989857,105.94210541623639,33,53550.28418087543,35.43685261285764,0.36408380094595205,1
96.01462150166968,0.06921846800205864,30.56603512660873,87.51269218881012,91,153694.4649655897,93.71542134017868,0.006619871013017798,0
97.66699635484036,0.182193733471338,20.06700091417241,53.38687552666223,56,154210.81408892505,76.58309605201956,0.12952658692362023,0
111.2845275626758,0.10521866103474162,24.56049230997967,55.77668649302507,114,283494.6594584498,58.062515529981624,0.9452078941246007,1
68.0738293557377,0.23054182543802398,48.53155382008071,109.15621092509534,12,19161.403399757604,67.79590395917012,0.11829868249604458,0
98.07848907003479,0.07028381107227445,28.466660011210834,111.76072819911599,2,4173.206637454259,32.47156774102183,0.0717168674706785,0
110.12849703692311,0.24815879515663508,57.78338608455347,100.87173114328867,1,1917.8777592705985,64.22880570109277,0.0,1
87.58602843263488,0.20109020146204762,26.37759781186275,112.93014315632622,65,153858.91088380804,30.156275041194156,0.03823915944099392,0
79.8989823924681,0.1305901255279628,49.97332519148875,103.9615602768209,33,75378.89450877951,63.139867998351136,0.45562983876170915,0
69.3912221821637,0.35677688245317013,46.791689929370314,117.2700965381687,86,191064.99901469325,63.68869821339498,0.18933705006658458,1
107.67327875693667,0.5234922035998293,32.24102142701969,61.279870445996025,76,149854.4102224779,86.21071496125208,1.0,1
81.6835506162327,0.12184127571677691,32.56808745550668,79.0806146245155,103,175790.06478079656,75.75402501906058,0.2173633199646879,0
110.86853437972307,0.3943670535451632,41.41496007674997,84.80830954181144,36,94088.32467512245,42.4686674550584,0.650116129644749,0
106.62670639719269,0.41088568019864125,52.39021570433722,72.32478460686602,21,59215.488218543614,87.18982995314998,0.3856215694286324,1
80.71519184884576,0.2789850788699657,34.675103876539644,104.40248361120831,84,244963.014563335,65.1269865393604,0.5697688310132462,0
91.56528699204443,0.4947409068943062,22.324835474899448,118.43291095168551,36,57165.42441313334,67.44656350018236,0.3230354858850265,1
61.49457199616568,0.5318506356750137,34.227928722287274,80.93616494519573,26,67856.43975196643,36.82869584555248,0.4039122660261697,0
74.47717715769241,0.2056130841090787,27.877881583224173,120.61564734484749,47,121718.49388819085,85.04415171783798,0.7997729613350262,1
99.06500667130874,0.3615579809217213,55.68986664847066,88.75766803580424,95,277463.12001574645,90.16755805115808,0.9035630701185554,1
97.28510202154467,0.3675948136660606,46.49642516228601,89.18867201120383,1,1879.371891746648,79.24934546464357,0.06554935649891029,0
79.43532027479631,0.22796318417635247,21.931641240107247,95.01646555083174,38,99304.20518282392,90.85267168515043,0.5795996545715155,0
104.4734417550201,0.18106718022709167,31.133564415979045,70.1248298839494,14,22147.152064096175,46.160993288564214,0.11298601359146046,0
72.97098285449292,0.5142218670430193,21.908206666990665,78.75203893512777,90,220218.1723028186,85.27834178539398,0.43211309770686535,0
85.36987932337495,0.43659003662884466,51.540633474241865,91.4928089664121,46,93208.4998596004,59.22252000046198,0.49481084263894043,0
85.98918494209954,0.07181086562625383,54.43926327247211,120.64871641799463,42,111441.29469149094,36.47420420605094,0.771248011957435,1
78.74492228785094,0.07473739865583899,24.266625021884828,98.20194338414139,7,19564.69500757163,71.81604193233808,0.11812330883455147,0
112.5066355618842,0.5081730951805264,36.731021748330456,74.98374184165321,55,112597.73598294509,72.88841894941152,0.7449944463880851,1
98.31762184333057,0.053961273114539195,55.41156470978418,50.7851429987377,56,128149.23178674125,45.08471596296831,0.9216217648303903,1
89.65596344300158,0.3817475269713096,25.51804409515748,123.62492374474293,119,199456.62513190258,26.924533213929905,0.3341262848769016,0
88.07833013637567,0.13244945334998234,31.092336444939967,86.97384183637966,118,250792.53284455536,38.98930813598943,0.6504136957154014,0
68.76128508591032,0.02900008508047408,31.562436706560923,120.38713687480782,76,155131.2448315453,52.98442833717207,0.06281217992721591,0
80.4702793387454,0.04220427488324871,21.142215863675943,91.20089253762896,63,111805.16694963693,36.7294037741908,0.7983113719930243,0
97.0025323101009,0.21170193598696352,21.378382918219646,95.40986451667166,24,68201.23049160393,38.58209637677229,0.46949824824648745,0
110.85136208277035,0.05189776391225693,56.20612742915069,103.39341919279791,83,142936.93583599993,52.397346506758865,0.9873723855082402,1
104.90552326655111,0.3321851679640652,41.701519141477654,74.07318002483042,73,179113.4596495555,92.32506300159923,0.18681134850989242,0
76.52143921779842,0.3595174361420009,31.65263621428748,102.42379705062758,99,280686.18255676335,78.49704607853539,0.8671483297271058,0
83.86761441294634,0.21167302887084644,34.38963710685021,89.50939323885378,4,11471.811479179354,47.38238808585949,0.08212977870947046,0
64.5604636392037,0.4111541608879094,47.16403129611092,100.435996218688,109,293194.69092393294,91.61228482429837,0.9169752253045865,0
65.61947776695695,0.27462296089157173,33.92765373507557,112.687494568238,42,74096.89143407313,70.19527545811128,0.4655761955086742,0
85.86267128492933,0.24232339183712434,28.654895317544955,63.817184770398796,96,261710.12292679722,56.88147512480981,0.8136281349362385,0
89.1620673749405,0.22977356794666753,23.869818980792378,96.01631827518197,110,210633.19404857807,57.7810139268603,0.5046190984503033,0
74.52149026333026,0.24279750316659018,47.69945444528541,53.908349645737744,70,201851.79288041344,53.75211274847743,0.42528851490466535,0
95.35304790522677,0.5326593309645861,26.86147063365854,57.658631671177766,28,71781.64061980168,41.30944367821578,0.41238140296025044,0
98.68593770690758,0.3779598124207564,22.64663425719931,100.59456768016902,92,246366.92341922637,52.0642534549594,0.5714532793989272,0
76.45138723865767,0.180213317466994,36.224268928866124,55.32032388562396,40,65101.94721011623,61.95274688303748,0.3744775098035168,0
101.7133599139148,0.40628432991100527,21.503696548831442,94.65183348604803,51,121081.53117843113,61.96191455111547,0.8139295799501816,1
71.30827054715233,0.18834438969437467,56.6699262170297,66.5009448988539,29,79219.68252009257,78.32158315487627,0.387694987182734,1
89.93382575015656,0.07788605020372515,43.83713276784391,72.8063621383811,42,117280.19222466745,50.11585000101468,0.7524278698334746,0
104.23546014591953,0.26669459302605053,25.80247879696931,59.72273766105698,118,182067.81173785456,75.17586205127667,0.28414037604375264,0
89.53549971254054,0.4155528839347436,26.553255285041512,68.65006146296295,69,200702.98056945484,65.46642871380793,0.38714181199947756,1
109.93794951865779,0.21393635187915347,41.65348225036812,111.5968838614496,5,7825.040499768598,92.32917831687841,0.02671220413644862,1
63.21756780810497,0.4793540367055652,33.54949877883616,97.91588042048957,101,244599.57997073972,51.969944822378785,0.6089960944130663,0
92.35726150203095,0.21895446020739032,49.42213627913312,121.23198460346411,41,104143.3329483417,88.08515249825533,0.7226509716626233,0
90.89654988994145,0.19891307377363515,40.740646453518835,53.655864151531645,61,101322.09414186375,82.44497831088026,0.7222440653746349,0
96.31943306984766,0.549051713486164,36.46668726994777,109.43089978880515,55,86460.9789127584,69.63649992126199,0.5497496626980679,1
105.83737612741692,0.27053489241463535,56.59324942648032,102.43078874595685,28,74966.31048693063,70.8160126719482,0.4880571021602323,1
99.92191963861173,0.4448194532452933,34.84770413596818,69.5669228898152,41,85157.2434250422,30.925495422448748,0.5394144697409469,0
103.4655504455063,0.4446935502723582,35.22321510429905,104.68750271079384,111,184334.2337999681,91.51572239154027,0.16232741993102662,1
75.88491991446918,0.5102394420335569,45.29935200030998,103.74114124359652,9,23796.015521233167,32.48552444470207,0.14765291607379705,0
81.31235582129305,0.05584332940316398,50.760186196642394,84.45089022940579,29,80438.5935512475,64.4263316120455,0.5214609133312118,0
94.47273357254267,0.15645894927049486,43.79616965262472,101.64797141402818,78,185724.18431878046,48.104956031440814,0.17512902299243693,0
90.44038095587143,0.42458396943507437,46.54718843806828,83.34356772612989,38,66190.4980807748,55.08963848028962,0.47357403408705184,1
112.86071312337951,0.3138048058952251,34.17139960553122,75.16591970434041,62,94415.68984870864,67.71281075857719,0.6536039662560188,0
70.27589749639307,0.31219206887144835,38.22087978617387,84.98682202526871,54,137765.00098545745,88.61959645176252,0.9532193249453035,0
79.3203104848128,0.09975626300993004,27.487333285782604,117.13471111195935,52,120910.89463637471,57.0296986500611,0.7676691131359463,1
91.50153783066702,0.1618226276215221,45.84936664654389,78.84378446451636,104,257524.3541083324,94.14106887145088,0.6176502434831503,1
107.73800734648836,0.2915204062870366,28.41517373621496,80.27661330924978,34,92472.41818017939,66.49684457460498,0.6398493443501451,1
111.11416885800455,0.15967793692429544,20.047758224964824,95.63024207165377,37,79599.64162310996,36.23877598495221,0.4974586417559141,1
78.48199819551792,0.12355270805730616,55.48296055265654,106.4749606575216,49,82651.8869592711,38.30065063818766,0.5064791730661888,0
63.69096538394934,0.05738827011579791,31.628579166153045,105.09656452333674,42,122218.94697962207,75.12777249124757,0.751940326131975,0
83.18908338572018,0.09409204643860661,27.472017613708086,51.484904758861795,14,32450.504672184004,28.527845597036723,0.20257057141020235,0
81.68892787784289,0.4251885917456654,30.189575776699485,101.55614997641399,82,198681.17664789048,58.62391033555588,0.4034075425051269,1
114.25678873613292,0.3981407575157464,32.55701250950861,83.79155360741952,33,95703.86576281168,35.37533768624616,0.6127532956843021,1
83.70836843599342,0.034750189548304264,38.0327642050306,89.3067475665843,118,341890.30716691655,55.32530446244915,0.22477856223776366,0
76.81476496167762,0.11977340608581996,22.63536349870667,92.12475027072344,98,231097.90718904152,77.49421954502037,0.5732493846451117,0
80.09575559942137,0.3126458872356668,22.001579935807133,104.87897128311991,92,179070.3766115568,57.11690497690039,0.20244312473227621,0
81.83094543430977,0.1842190358878575,31.130609090446757,112.34997377062348,100,299567.0451019109,36.44157762866489,0.8911485656283289,0
105.18472102081388,0.4545547854469465,31.23911298548964,98.4695708474177,109,274813.59420740313,42.63477592496497,0.8652079440370186,1
64.45581910571953,0.43389422613755935,24.470556656940932,92.29304156045009,112,236617.3617178655,50.727771205652765,0.6838724665441835,0
77.40788768812646,0.4914535012973792,35.3820805841803,78.03269411095263,101,236315.27563231884,29.86928284404903,0.4454083745106743,1
113.14751705489049,0.3139828650127626,30.793089391705728,60.34086644239606,87,184766.34355997786,65.90363452567853,0.16999032253207963,0
68.420637763934,0.2001212990969132,20.990111006212665,121.8933261233648,106,300240.5192151669,67.52736538946351,0.0,0
100.84307268429245,0.33727493593985564,53.65738965600221,84.63817192439807,17,37803.73405907653,29.350634899279722,0.2482596726901351,0
79.60164256590598,0.05813380706254722,53.668722685656434,92.4659183373045,75,205146.9422978903,53.161792482191345,0.4171655938165028,0
91.9982039406989,0.015176449580392512,27.948925610712013,106.33048545773129,32,88328.46229550419,53.980047801930745,0.5941314527931751,0
65.47514211798851,0.0192305008649919,26.18914467024522,55.13078637348719,101,276386.34916689014,48.367369798682084,0.9121754460182344,0
76.85264170446706,0.23007318648447672,40.797125045185304,114.12582567527986,79,204079.35057836742,64.04178182317783,0.4020565183722896,0
87.54757179134886,0.13316190081565418,43.96863311329437,109.77693075068055,68,189197.52711437334,49.217024304207825,0.34642421360426445,0
72.7435361996722,0.09496236113202576,56.386617182988765,108.08214364323808,39,81152.9304079437,54.148649563446426,0.5990300744583127,0
89.80284686792336,0.3422760484338121,34.339241352312875,51.64870300508063,94,157167.5120660164,80.8266483209124,0.027636260342967525,0
72.0867622734494,0.5473513230111179,43.491613028853216,89.48891385578106,10,27636.813065587718,36.3476548801141,0.18758174324899343,0
95.75553039578047,0.10598672995238964,53.370879740563765,54.07012780493276,87,195510.97824719857,68.33802867123946,0.2599726758739418,0
109.73948871376729,0.30506756907552696,37.0982438596723,91.31544341354684,24,40585.53717100264,60.39160811835919,0.25903743936328183,0
64.70187505433643,0.07465285755994265,24.64913854397839,103.88362446916419,100,167296.87832730118,46.35501462355443,0.11840410578291392,0
71.91388196768474,0.5144876781789551,34.34299686153902,59.13876876938172,116,201708.17655772134,75.92742595432875,0.34047581087470785,0
106.44326649931814,0.16754779102811593,25.189543214725415,102.11623291079664,58,152334.6735910382,63.58318516788036,0.08267716692210196,0
94.73544169930767,0.4843035028234244,20.63229963967411,83.71496344889803,69,177073.6657037601,58.415306887248676,0.16398270156639258,0
64.32899044284109,0.16286127719520352,48.559016141263,110.8664698008365,101,182378.53004800982,71.73685203398401,0.16925254630886438,0
86.74925633102224,0.44526833930082854,29.060100618823512,90.01917045352258,107,296431.2086066221,81.16032155869526,0.9327275056323214,1
71.53671832562343,0.12306592006071726,20.076267741881015,75.20911518759866,64,123004.30037071151,93.08681530235033,0.8527836827192032,0
70.95030167385383,0.16810629228285998,53.15242958633551,74.89936725677815,19,51100.089124476,69.05452578634615,0.27051034042539,1
111.73549388482881,0.11393669731796235,36.86397586265442,117.3114890005688,101,225554.0950218437,86.2107989780268,0.4936346583047454,1
101.884785144186,0.15270033403881406,29.076675426062558,83.96536884388493,117,303886.7937855183,25.076407871606985,0.09228697084289324,0
98.2926826438279,0.4608275078799903,29.98601894950593,80.43154228823157,8,16576.65195688279,62.11649849081238,0.12514093533292678,1
73.14108493928222,0.3550775486752166,29.14043994559191,52.99052167234367,71,143470.47359059364,40.02532841391387,0.9527395544813533,0
66.52153881725228,0.229175021172101,27.393134125192336,77.32434538365513,40,110481.57593755994,31.593471995819602,0.7347483194018114,0
107.89579417069426,0.5346213546243644,51.966596533823264,113.72202912083186,13,20188.39396302436,62.237971194507445,0.08311106347547043,1
60.3233763138348,0.26102522464996986,26.472602106055042,107.07407423994569,101,299172.6475095124,77.27785543043659,0.9516275812083554,0
81.34530330355608,0.5336703844797798,41.35047798741715,66.56849020974498,27,66751.27210974762,53.85907657320658,0.4352493970859219,0
75.26868766287335,0.11615693837186453,22.93816929754312,80.97924674101274,82,176195.45674853137,71.90752145411044,0.18820002982900716,0
91.3706910191853,0.49850475064207267,56.08181229478681,64.74347570613116,88,214903.19811185615,59.2803477688665,0.4800954880024799,1
73.77796397372092,0.01746399021264713,42.92592836894503,121.566261262603,105,176831.6990672898,55.59601061715982,0.18350602464050378,0
77.11629476305694,0.30446372927750903,54.31979542568714,94.85884089016517,2,4542.157365880643,45.31796483051024,0.09791975789358336,1
106.75219202462564,0.23844829291768802,35.119355620068816,106.57660944114114,16,47642.29256015515,51.78154601507032,0.39787518449484394,1
93.17538528724853,0.2935474365548688,50.805538156971636,103.53564872575843,14,25940.658194780844,49.48569415560995,0.21270108192264917,0
68.01253900311526,0.3088602092517575,52.43887021907383,115.52670225425626,17,43918.091525426906,70.2331028810417,0.3540363472389736,1
99.95593489227073,0.22007693119656394,46.71207306478946,121.19958339090945,60,129147.42382485305,33.121295789539765,0.8114471494296156,0
71.41025608139331,0.5490268373184914,23.53200372524084,52.433463033179336,70,173508.10559123513,31.48454580814642,0.09926075720716432,0
83.8152711561864,0.5373138827623379,20.611043283424426,123.14758849249642,99,178925.75346072865,71.20090959459223,0.21873702521936597,1
95.56339802616114,0.5293425034204814,26.405267538136428,115.29068473294097,17,37496.857056748864,63.24086489152165,0.18291855645164007,1
74.9561245601618,0.5387059255833575,24.48767676473378,78.72105565235722,45,133656.25818550106,55.11400677198603,0.8765231290358771,0
81.12587480716857,0.43822669533547526,47.555231239594065,112.78019319178028,38,68131.36760791254,35.67100190855325,0.49276871265257055,0
100.3782278517283,0.5438388586742192,41.16625918619502,105.24184867482121,104,255285.4243444061,53.771897830851806,0.7725714751969678,0
111.5851024383389,0.49187452164857665,39.98613285273302,109.48357825172688,64,151257.38388161236,80.28122343240081,0.0,1
89.10847813277101,0.23460362399750742,29.60895741246934,66.55182746292915,6,14085.464276613631,87.27348650524799,0.06140588041203968,0
60.54840343561425,0.4337796385270402,25.875086396007582,98.6422776451749,60,145361.09606864554,74.1803598974954,0.9850970548665494,1
78.61550631830067,0.5025166363678379,27.848822851218046,51.94444207244681,112,252375.97957962233,29.193852311661658,0.6288293583546211,0
81.9248884165044,0.39480727973702995,35.21052628175025,113.61718494146366,102,155590.40478942168,71.9286843620783,0.02860543284813975,0
78.65454910012342,0.23830246390542614,48.12544185691621,121.32822293568418,49,139657.11564253917,41.86899126824062,0.9306474352031137,0
83.99478736135595,0.045526730688869636,29.671631428385858,99.6592580476466,21,57549.83306574697,47.06758701184835,0.3822663541381067,0
94.79664396001198,0.44723634601271733,46.547294047831365,88.45022398820016,99,174363.90061678653,38.711124557198914,0.1668511778028042,1
66.66204148487643,0.524481151488294,38.67744917538405,104.42983170223035,23,48757.924619570986,79.30290534341432,0.28332708801853285,1
74.9946779877128,0.20573016052416024,53.646752243410134,74.47709661684627,76,201842.58379906672,70.40214858460953,0.3092675756961906,0
87.92064473096936,0.09202926753402739,28.85075331378327,96.97908468594035,57,169295.3279656128,67.82845382194266,0.09127970671912103,0
77.35653194989862,0.1863120733141001,37.13255393946914,103.92297044798332,64,187309.1564584115,71.75808267684933,0.16772299276299052,0
114.50969359744477,0.324616073416253,23.673261152295503,60.70105861108907,29,82622.12518591358,41.574058298273236,0.5679056839983958,0
83.72873068706186,0.18114166177240754,32.73581941964819,60.50510041224443,27,46914.14284061515,56.12510900277531,0.3574938248553679,0
107.8389534475719,0.3397341143060311,39.261456873223715,103.71036332857301,6,17230.275954081044,69.32776050842924,0.1546840105032171,0
109.30804095876255,0.5321002054121006,47.84412814476011,82.38368706241219,21,59171.014757959005,69.56158193328103,0.381348588696689,1
105.98038498472924,0.3721966263861486,27.526930562228006,116.6901123845675,71,146645.1655392205,80.42963039285914,0.9370841749549423,0
62.57940325198423,0.20583605779423572,28.2875008794457,73.39541616176282,107,223820.87642307006,45.09727766816774,0.5293549082719348,0
112.12607023873433,0.5153066045946288,43.99995793979988,53.18230529364834,41,89784.39870024238,78.92352851877757,0.6305088091203435,0
67.08084091732474,0.3154430450986177,34.53339577126384,98.74070219236397,80,198741.07571597004,55.8129136431855,0.3358115368949483,0
61.8921995242862,0.079321095207586,38.31960495482922,101.31794199519355,5,9456.267119872618,71.91208844412543,0.15025734342031444,0
82.79032843486067,0.27944974280463125,51.77312501359214,91.51937067340327,15,23016.339662398757,56.90035660457008,0.15212098834763857,0
70.70487180168209,0.362963680251427,38.965165440451955,101.24994842709485,21,35948.73002481313,91.40271188536603,0.2268137009691764,0
70.13080913147799,0.4626573575410388,44.7949764631485,89.28157583557962,58,125290.0839591793,37.551158531915114,0.8152763598407986,0
75.83007873568829,0.5156974648221296,44.95745158307894,101.94746120742842,4,7692.015416557211,72.250356200765,0.0,0
73.66230828857702,0.18140471220684803,50.537253832328695,53.29530549163959,69,182627.46406723963,65.35745005377112,0.2505834253220454,0
97.66374711825843,0.09397667660267987,44.24930056265892,77.62980276657662,7,11620.24574076735,37.09117286634212,0.07219403658056017,0
70.27275186498386,0.0498674667846965,22.462773374846776,65.81126884652635,35,100666.9243416272,29.620443506816756,0.6966093910120211,0
89.87150678584922,0.4087114854624727,33.00257334209993,57.44946039587205,36,102347.66771697119,80.94010722801646,0.77441168488437,1
114.25346003789414,0.43938545646633326,57.59401497334998,67.5569477124554,15,42947.02838099898,36.021593355238565,0.26677593404476235,1
83.78103315259588,0.2310614885412101,27.467390974700912,64.34829635238411,92,240066.17980725906,38.05546779500432,0.48354076287548287,0
95.30302098374901,0.22379971987375968,42.29570497975816,122.98485412711979,2,3320.999914450798,93.49039567923275,0.046193517905210604,0
113.31544227514306,0.5252879970935013,52.031744315335935,71.49094382888471,57,122960.76235209795,75.20825960336416,0.8280813851752867,1
67.57014489227504,0.5050079155433769,42.28922530839945,67.32192276103696,5,8485.540288540979,42.534078912085576,0.01994757479170719,1
83.02338551111772,0.13596358703520334,34.146269808813734,112.61558797017446,71,211689.96402905532,66.36642721061209,0.43112974364144363,0
106.76058201073897,0.43163612978489596,23.04868538327282,81.43371629516292,86,171961.95661842887,62.38782868817593,0.1857178601280778,1
111.27681255096839,0.34625821396578765,33.74326629637161,81.60990863369818,113,268713.5268503655,84.11312872596933,0.7440930168251927,0
93.06798318773978,0.09328027912460556,26.918565439823006,83.26928497851138,95,253563.5102298016,76.05245234828371,0.6753568084618417,0
67.88813313971228,0.20265636542674262,56.51278701871524,81.2400879590461,32,92189.57204283099,83.22047878452301,0.688434833444653,0
109.58093711712102,0.10583538830604054,47.17120997921488,74.49240912191362,72,189599.15439086687,39.80546115841537,0.22791325304431076,1
69.59456114050184,0.16938426096379286,48.476559865674766,71.47545819160923,41,102981.98239412362,69.81534430569036,0.6898800370648468,0
79.40828165826652,0.3422626349176099,36.56683210801437,116.14697573640808,42,92356.85226840353,27.81686008928662,0.48449179015382926,1
80.6529387769244,0.21264335436345744,24.178663469004835,62.12805096015172,75,180607.51504693393,29.825842859545407,0.1299578252588282,0
84.60103469299455,0.22279214071136288,30.1352264743582,63.579676469220445,65,106680.97136315091,74.94689228932181,0.7190823506209794,0
103.45911987620222,0.3014095380132825,29.869021954520544,92.87893253187818,111,313673.1032365502,26.709407185075193,0.1525534120562811,0
104.11794079563666,0.05710103497453029,38.49761533045866,75.77439347470514,40,92626.63853039312,65.58355062303565,0.5494094394359041,0
99.58102903029628,0.408950536518684,37.517231894347574,81.61470236352704,83,129496.81377915037,83.8283568911171,0.8670402949640272,0
61.21707709318699,0.22692314804320363,36.46951226012993,110.49099559180122,108,311024.1443569034,51.595926589262,0.05470840026000333,0
91.06648062194334,0.26941442762925294,38.847143734324156,117.77232952828291,38,84890.21250870152,28.138830578793897,0.6135891528076348,0
101.11211257347699,0.5361218535815011,57.50687711529605,109.29152596674103,42,117721.11591834312,74.96932147401088,0.7239172741894916,1
84.45438820338485,0.19595811969185717,31.337437964809567,67.61961974680636,37,103057.28145839731,90.07805167249056,0.7085524254743564,0
111.97148249509681,0.36003822542591973,43.38022809305633,123.49784672067877,56,152523.13334639763,75.20199744407876,0.0,1
105.3095787034193,0.2219523313397378,29.101294273531582,77.23823756120719,71,113039.42155495544,65.49130701019428,0.7647480449410267,0
95.0985286017757,0.4929126680891862,37.73103810519492,62.68002958734598,103,192671.79671804028,41.102018091534205,0.28792519740235883,0
63.43338510253824,0.46724838417732134,27.601870859562247,87.462252910103,55,154732.69947839802,26.07629368311479,0.018962376148855965,0
95.8790436170726,0.14047710675168754,41.21130494139079,104.39643272262104,89,253515.30598295454,73.62704759353373,0.7139926321998328,0
110.13687806887204,0.38354268480988635,30.070447886379366,56.245316098105555,54,118103.57785187328,41.17183230910051,0.7895398223943033,0
80.86949627845233,0.04519287778449179,21.39797883531557,97.57151859657858,22,47521.36843258867,85.07138740276503,0.31016880778008976,0
106.09728890829486,0.5301201103461407,50.98030147596716,114.35584425699471,27,47593.19567238907,57.645488318282794,0.2994671444481233,1
77.22386285741985,0.19845465832764508,24.873694260575867,69.63361120190658,105,310024.69921885635,62.14449076607194,0.07071124761297576,0
91.35568103510165,0.4591950971957742,33.98547436644241,101.98424091325306,47,85526.26251281255,77.77555809864567,0.5812772608260539,0
95.66334301039304,0.18195293768174736,38.13274914622571,79.99314724703305,38,67883.39670799364,79.56014254623402,0.4030988740492599,0
97.28972706573921,0.35169620024631093,36.43424001603324,81.06013573546862,112,279002.4669850613,69.98555831563976,0.8425428846712066,1
108.54021229553915,0.5411390276715392,47.57529902022034,71.06105234066845,39,72706.39172552619,90.69022707889201,0.431949980938616,1
72.90422468534551,0.48344492609108036,42.67751064537588,96.82953473299214,15,43622.36124782377,93.76089054242935,0.2888234705131192,0
74.4303271908936,0.09659759134865001,31.224104942884466,77.0749439772616,119,180446.89866422638,91.28198110622318,0.1733627141854745,0
98.72225463209053,0.3056437539007145,21.964713993945466,112.31772525961837,66,99569.57297000683,82.69254297407605,0.7023363105324416,0
69.74565968662209,0.1982071623419327,49.1686144936207,122.21790672871481,61,137696.22733135737,74.3937654170976,0.9516111977635503,0
85.53487227301781,0.2445429798900776,33.39603081378002,120.13157600306934,60,133925.6213922125,71.43281005171673,0.8467000477698647,0
61.10189112424683,0.19099888977813503,53.80954015799883,62.234627974474144,8,13960.368262810925,32.26251238443737,0.0929537544821491,0
67.75386353445627,0.1914179940255771,35.01215739692351,51.06427249960629,44,98638.29115603877,44.003904277337874,0.6895144366693433,0
97.33655117658738,0.30297875163937016,47.271027033232876,82.88512558416183,43,91052.14128346412,25.39817564705639,0.5982488592148927,0
101.11038819149647,0.11366056492650241,55.70345872291781,104.666278075414,6,17012.96572808132,34.61869091637943,0.07700889528026489,0
66.34254682808323,0.300193529626017,44.74379312414823,123.30914512512207,84,127165.99394733738,55.74606340184319,0.7931531165800094,0
72.52402527261583,0.1606413360870825,35.71257870910518,108.75667261790792,27,80038.92710383456,35.257558555235136,0.5763062254378153,0
65.43974455953781,0.1660507682905718,41.56117221386583,93.541199140028,45,109646.51158996936,88.11643902737305,0.7761124013473776,0
83.83770641588143,0.4089239356792363,40.65091716459192,51.976468417216054,23,39738.598874762014,81.39894297346973,0.254526612554711,1
66.93638389095483,0.025980545922365327,42.223161392827784,111.91555186305159,112,175855.68232027593,30.012833846266275,0.21067809469484006,0
84.05128094417896,0.21571071184385585,25.57915945437114,63.285877544690834,104,239944.48273524013,42.423960082708625,0.45136935840733383,0
100.26540406906224,0.23006856528296835,46.54337553124978,54.17048856400928,81,150039.15516557614,82.33503192280561,0.0666387669726361,0
97.58637482288796,0.2719594754478133,25.511644323429113,113.77691355156983,13,25372.727971524553,81.21322885919115,0.16130427954630475,0
75.42532677685149,0.3712659533539509,20.55544160406933,92.46881509040053,68,127003.48081312039,91.18153850824521,0.8537787001274437,0
97.05694020858128,0.20963086267802675,43.741643825994416,59.6413698395337,84,207921.71151013637,94.82834331321521,0.3701188572176106,0
111.02416719947674,0.12509403632548574,24.442715742672473,78.99069973805608,106,247011.10497646526,93.33890442687853,0.716526073936477,1
79.11384128967035,0.4878313338950067,49.27564219502838,56.41562504191725,64,103485.5446580939,53.7096590005009,0.6368670498561827,1
78.10155345336837,0.5397608584078545,52.90670623303118,97.85081051958515,25,57244.74499406907,42.522991066142254,0.4553546496241356,1
91.42912583151096,0.02080793431338372,55.8999980307892,71.1820449757006,86,231063.4797576657,78.08871332989438,0.5602367444316935,0
73.50259960651096,0.3050920995403769,45.25012459044288,114.9570598524031,52,84333.17808398529,45.949102492082154,0.5933543980224765,0
95.83684103891386,0.19451928471896704,38.316565929907554,76.8347021614769,48,136061.20628859024,81.44802520919308,0.8906144804241558,0
105.77439738698645,0.159574370709093,33.386681066820366,87.09753972649384,61,144415.05842446722,62.37683112785471,0.8973560962682963,0
85.26251778042476,0.19128145106976516,38.65515357148057,54.76425481294814,17,49740.92396639308,80.57490926644677,0.3781316980527589,0
97.37290287106103,0.35499398847014835,27.233384677691912,70.66944624829773,40,68888.47306334254,44.31159158019073,0.47482690464841676,0
95.85369831356475,0.11298664552408925,33.240060615985534,100.75754537679481,75,224276.06242724796,60.56191208876746,0.5632549224304273,0
62.126605901617424,0.5029447842952932,47.28135994371092,105.21970758332301,89,219510.42760695185,64.48166555215275,0.45371403470222743,0
70.0878962346677,0.26170184346731695,28.2620729031001,68.21163912584252,69,162235.64964629,91.01756474040924,0.06060942869698746,0
109.14415009999715,0.18581148990063734,30.03455115559927,87.7865074040531,85,193198.15207429088,43.66183037812921,0.3573920923272877,1
111.63906810507606,0.42338691903570347,48.47447371689825,111.31483289033788,26,39922.5205508342,90.56817674994262,0.36174484523043354,1
102.92418019511476,0.018827199227544035,26.75776556143439,78.49326206671665,80,232756.70298594938,81.34012408260011,0.552178712057949,0
110.6686481580232,0.2432005474985399,29.34372828598835,60.032845051759196,56,138095.53571975266,76.16258378606867,0.8829990299554957,0
76.83817580052161,0.20186394454066417,20.666807387260715,82.3902792209352,40,65497.589069957474,80.08091884295877,0.477177131939194,0
73.62410344784759,0.19263335139445661,47.36196078233406,95.04714990740234,85,130171.40171255192,67.37975321160398,0.8551083164418124,0
81.1365103158286,0.19201853552891493,43.480335491524485,50.55488961442846,112,176531.65139177424,42.08560073237401,0.20684081721520148,1
63.04380992027491,0.0268865439835244,46.38664719543857,76.14256300105467,96,231752.98993424262,38.26464781878969,0.532056134176013,0
104.54293904727302,0.09214285762477348,28.1444549542259,95.55768656713735,68,164629.5723192477,85.64390050952733,0.17573118303890872,0
114.12965168132925,0.08661798602870378,46.12030284765911,121.39339625335028,102,229449.0956425605,75.75975818170832,0.49468616236453505,1
105.32161108401354,0.5438496726025419,42.66231147234375,80.64115493567485,117,229337.40152459298,39.924299793266435,0.5529424932900512,1
90.52364341689015,0.021969508180930353,33.912673210436125,62.22291991094947,8,18380.912779375696,68.0565356112081,0.09810432001756511,0
76.24050837656223,0.10021977443007905,36.637380842107376,90.066432347514,73,166035.04938595023,56.32825369899567,0.09282500116862974,0
70.87338386989694,0.5360542346756964,41.58097912438951,71.43142708247603,45,68810.55029166817,36.105861897416574,0.43813421920642565,0
80.0234579488163,0.34925856065740235,38.745102691327155,66.1084549486088,17,32702.9653733512,62.229997655001505,0.25495017246034546,0
96.68332412515134,0.25336024512763494,44.3894665068361,94.28024442710465,41,64770.8985002297,44.706336472649205,0.47772414574822486,0
84.5883855547453,0.05253090384503974,26.877223949027815,118.69126507523045,77,219467.8737922042,31.73708869103001,0.4910061000613131,0
111.37329010464673,0.37161702728175344,40.54697828681548,112.64181532544644,9,23290.51269759933,57.687080898178756,0.14987091131339866,0
106.98211886311529,0.08441361334788465,37.11062034885255,63.671940415181936,70,209592.0928702558,66.30759864654932,0.4042896206851183,1
65.63203387795944,0.37244050596595807,37.51877877253193,107.44095937623923,91,177746.3774411718,28.283448726680536,0.22986192803078323,0
67.23388731371405,0.5387553084880315,37.83651792213862,67.24014757800269,106,298679.2497933487,53.14649245876978,1.0,1
97.1931551915061,0.2972652356531545,53.495934625248054,71.80259455199145,101,242862.72159177097,43.03633438856797,0.48457102904412974,0
72.69226144891948,0.12560571343143684,51.10784276319139,119.00386301626166,103,224507.87536660695,27.14554134950627,0.48310806052207833,0
103.50664323564632,0.34765322547498306,43.923658524480395,118.32876130353284,107,196222.98436182595,33.79637847280541,0.2969402895068653,1
92.52469782794942,0.2869820314072928,47.226503552890016,62.647307340887174,24,62582.11795030114,34.732391117286426,0.4506767478749823,0
72.64067902533425,0.29789574234974886,21.626500170588052,54.8143891942611,73,208503.41200502086,37.80119736825798,0.38668420581460183,1
86.32777386143252,0.2681777509047983,48.27168533642741,71.98385774277115,106,196414.03529398394,81.23643000065448,0.34538607100735735,0
82.33419608018683,0.37381991009152016,38.47425816123865,93.63312948333264,11,19393.94052706461,55.764430653469745,0.07535989829556977,0
108.02376475541726,0.3188504956997811,32.07440745282885,115.76687583622446,35,89051.65053775551,35.296019458927084,0.6066803960247424,1
61.76893612373777,0.5429773418253614,25.311524705649433,58.912804167536834,29,85998.33257856008,32.020787684952246,0.6183324998629253,1
109.27141397567344,0.4559662473628522,22.857934033375688,81.12188766518896,8,20999.461213248935,45.85583211103273,0.06627726462241881,0
95.86454755838588,0.15293712396394357,21.70565604887548,70.38123400403943,17,32756.808845715048,80.86108630931166,0.3440608990485455,0
100.56460031516083,0.4019085218286858,26.148254645829148,51.11967254270132,71,151225.25267173917,50.51218935577504,0.06771264778825373,0
60.14341048659485,0.12572218866775664,21.145464202314184,109.13346955947488,12,24917.717438250693,36.19281522057567,0.1661857813782867,0
94.55316887204778,0.4324670603639513,47.840405212815796,110.99631598757578,112,311151.9630319036,53.288132708231196,0.03292601485075225,0
92.36673900410644,0.08968112558776478,29.44733652282611,66.59217963314873,79,209907.43729635852,63.871809010094026,0.3906286577953716,0
89.54630560124649,0.2657190701155086,34.01213622341635,61.3430187530276,117,278865.1888006468,27.07089285466097,0.8632913766515458,0
103.22267711882367,0.4369273470852803,51.26321612500355,60.84206402166479,93,177856.79590036802,68.93492610081212,0.20774510050972247,0
90.57291030180778,0.1612608592455453,24.356984867934447,84.79603923232156,109,316861.1242825562,52.65705271103525,0.18744053769004285,1
107.14034542579216,0.4620443275710981,51.75257314897608,68.48716905768273,50,123998.64185768599,25.680811259183606,0.802852688912431,1
72.79473175253011,0.3578413828783449,44.302533320910946,88.35167318663757,114,336951.5065415448,72.17225792624666,0.2744788688222599,0
104.32904239344349,0.22466205771789657,32.99712155497492,78.86388028638798,24,56884.2131895131,74.86713448938538,0.3146066298000817,0
69.86220250536431,0.23864502302538682,24.476674096572,65.81677286757434,37,101076.19808918057,69.0187851991078,0.6531612848782737,0
104.7214785582939,0.5100354283167219,23.476722498954675,106.33938421679856,78,212133.32938915965,48.935115231889554,0.43305803832119893,0
111.72549353557122,0.12760714000668483,32.74954515101418,61.277291775186704,11,22065.92481775427,62.07233978461728,0.1816692900021354,1
78.46317782707112,0.3844158121943435,25.332994963285742,109.91767361153279,99,291657.0773591484,52.101039429340474,0.9067188918944251,0
89.14374726891039,0.3919388711004292,30.172991266060443,92.10847877677192,81,124165.88831310403,74.0435211111786,0.8057330039534312,0
96.20809626077312,0.5081228343191638,22.01232041715033,112.4027857007333,59,156530.91542591614,65.85061303635821,0.11656726795195163,0
64.3709416219972,0.39510870512896396,42.61032002447456,50.35692800524288,55,162158.4595755336,30.72593796792148,0.13915182815162633,0
87.17443950122662,0.3256124057515225,25.52049244424457,106.18913892766122,27,54225.78223299078,70.01654907532982,0.37192807573922354,0
79.83217371235357,0.4973621710687982,48.75582789877383,53.86366949383365,108,266993.91522213747,73.10668900364611,0.668127177153214,0
107.98505971882194,0.45773129601013496,28.29064909856294,121.25740392783655,67,157003.43660934316,50.94915264302896,0.1722462047801215,1
108.21737352895794,0.3970592856104822,50.32311001485106,102.70546162929013,119,314429.0547772595,86.3050046671793,0.09519712043220084,0
98.54287467509802,0.02759232649177422,27.215515476582972,74.01292179660184,60,167956.0129480547,84.01100483914739,0.10407840008596492,0
96.06484610258741,0.21170102584979517,47.411929420649344,73.98878696343122,2,4809.1337078986435,37.26165667298165,0.005942895093285223,0
100.35286526017212,0.35122042298900136,32.6568378257575,114.61192847889689,68,185222.2678109086,88.2986415940108,0.2536334705993462,0
80.12927955515438,0.2920152831526531,42.15855980578232,117.7130096339494,18,35431.71054900989,55.86106600465543,0.2555405331186124,0
82.2485585712844,0.1824318963088357,21.46914894422606,116.86799607790579,20,36857.61176114451,75.66247568440053,0.29324880539728904,0
90.45375975887879,0.08798891437527932,38.819288505461785,110.65552194247456,85,182410.1304154371,81.98679048770651,0.16976442788546342,0
111.59154700504571,0.3086181546520177,25.6501399986784,111.42740156272797,63,158546.108660384,60.35786947487829,0.0413493138288302,1
99.81999307657594,0.16439549096559503,38.480168635463,92.95759271581696,78,138907.89302583065,52.9371357559571,1.0,0
90.30440844729229,0.13582026449685802,25.371646973673688,52.11732897118011,72,181478.03675240427,89.08159580305689,0.2210831100118614,0
102.3727158193193,0.22543744260966414,36.60938656529609,56.50799615442462,2,4182.280945716202,41.15974870547962,0.019255654305104022,0
80.39896717311338,0.4341653739357051,24.203591168826957,98.71649370546501,90,242402.6619755053,42.987905440340114,0.5689368582241836,1
100.17566856294039,0.27344089127780863,28.35815767390324,80.08738702452702,83,129086.05922936126,50.313421980940596,0.8858704434867793,0
82.58719365554852,0.12690579366928179,42.61299954914648,92.54822231311896,42,105082.90618325185,85.1626044579396,0.7521036187404678,0
75.38137738582424,0.07312769683122614,57.1131042139854,67.33082169665965,28,69292.53813929865,90.71517849491532,0.5056796365524814,1
93.53482261372609,0.279453122438392,37.06902119889494,98.7062880232394,29,84430.69321145117,40.40474003284033,0.5499312448958953,0
97.77826578076015,0.43895785514800667,46.112600319161096,68.21221581450055,69,177333.5417938813,85.47091033418718,0.20028622612738547,0
85.26114586487603,0.3625217327731278,40.49813749968626,84.56095984815155,107,288306.45437593665,43.07420716279985,1.0,1
91.10254022455258,0.1353603952773548,38.93760150318863,85.90399246933865,28,79992.82266583308,92.94488727249217,0.5868295990474607,0
98.17363411707763,0.24582155627232585,22.458759479914345,63.32511723793694,60,150754.67264627892,66.81855243871075,0.0,0
102.22405283566302,0.4718243962057972,25.48330128646062,115.71557947907297,105,203199.197506196,25.49605272131677,0.22736106347690002,1
109.2564313495692,0.10593419024053302,53.556193710837555,89.436579220484,112,314121.9983300317,27.38909328498245,0.10898528088775637,1
79.49993134453804,0.2973235081687644,35.58624397158852,115.00878334537595,90,235923.04612925663,35.32391715632959,0.6127487138657992,0
112.33124890689264,0.20236501473085444,43.34463411022205,69.6901771621943,5,10683.282030006701,38.13012104731297,0.01676065560638155,0
95.05038955676982,0.07705706760794047,40.072862843168416,62.925195910110546,15,38486.90638462415,78.73333859786176,0.25613989979135543,0
103.32360354844214,0.036948117291885046,34.39753042294692,51.35124857150973,110,308168.6647348885,40.593611349186496,0.041272811605602644,0
98.4872973914791,0.3101705477087294,34.73702861921538,57.03984947948805,73,216333.9083873442,92.83991340349019,0.4474403720272381,0
71.30644489416237,0.02120439181980462,41.10767022452956,61.06029536649589,32,93712.87219003466,69.52784400420568,0.5975176669109121,0
63.92911106548556,0.06586090301418486,25.36338845607826,55.91416717834772,52,103375.57048760304,73.47622564774625,0.7536960197987532,0
99.94575552099661,0.19768471182734026,34.71584352966849,117.26594713566406,90,191928.65135195456,40.24715634996453,0.28692278637800195,0
88.1078967287017,0.03350090009211188,36.98507163730409,118.35787309563229,37,61579.2815762441,87.48944198665593,0.36657769953338987,1
98.62173526245785,0.22624042228401783,57.43479649969272,120.3022004206283,15,28069.746457906036,71.7470200973952,0.23300475073239293,1
86.22635421535028,0.08039711305552115,33.35528123285727,121.98956274317516,41,115768.90432194744,85.50839370393047,0.7085833156800643,0
77.17289862290772,0.19893146897808314,44.49399804347302,86.88762537649536,4,8165.099557676153,91.95367680618588,0.118658715927931,0
75.67598500927626,0.4372262310286369,25.22178899340579,89.75184776187128,117,284406.9915834016,33.79486839767175,0.945599581767139,1
100.17926719784968,0.34823674601739535,22.488292509548327,59.81228214301643,53,132444.26665540913,31.7611061188262,0.9524505424687668,0
75.22290448061761,0.25051658200525495,53.11859653204675,60.27890283140436,100,267274.39127149683,81.2385478612745,0.7739169565212315,0
99.30722790089814,0.05958998624178663,47.76792629141609,107.95673289920506,84,149032.8038109495,85.62882413659192,0.9687463264171611,0
81.11780694745582,0.34434081602995587,32.064972928593626,114.17968131063056,27,52844.93195188464,65.863299461459,0.35650063439255225,0
102.39941223753414,0.09840321235488719,39.1739641100947,108.85358229733191,21,45622.59475593269,50.62003834253644,0.29992879238844133,0
67.85454591804682,0.05135662568527204,25.158279009169867,112.59318987462149,60,122835.69551144462,70.68407452526566,0.7862678224647884,0
71.27389687623901,0.36855784942818826,46.872091171272686,70.74277365712248,86,255794.7750389,46.396485081472015,0.6776173345530512,0
97.725138314609,0.5025123448233441,22.67256249932268,84.95493382390517,64,176154.3171085164,41.68699845074277,0.15604347169345295,0
90.81271161090444,0.25872045585608205,48.76725616376567,84.43995375465403,71,157586.63936708178,59.17016466690858,0.0,0
71.21330884418795,0.032137791728381576,40.77978739025949,124.64625523562977,47,132488.438139096,40.13076793244658,0.9171544187406067,0
109.65548564497519,0.4853607674060122,30.59632014329706,121.18835150868243,54,109159.88875424703,58.859252582062105,0.7251177348164298,1
75.17692810769555,0.04616583370673001,52.77782545433536,94.88645798195046,31,83041.01706089731,91.96245538245003,0.5381878569442998,1
83.15892690064986,0.4784571510588571,57.47073107287647,60.347984985552,17,31203.727751714567,83.78488249321734,0.15250714363101325,1
71.12583680298958,0.22158246154038277,29.665265845510245,69.39470289730079,50,132924.15339197745,90.91416436500157,0.8281423737298097,0
81.34151900878328,0.20731305085646845,50.637353684265435,77.28211662363019,7,15292.760733555147,81.4430282393151,0.1987474407598216,0
87.04057125613107,0.30311058490648396,48.50632002230538,115.49087447700722,83,137883.66546353418,49.83256551623937,0.8878615632804827,0
76.23858799821055,0.5268258014198782,48.39322460201544,62.79743427975332,28,53477.02309133446,81.84316669860914,0.38703990698602936,0
102.30015202580658,0.49531989434642826,56.37495323639303,66.48101874710788,10,21034.11936035347,89.60410204872498,0.14835918589736533,1
81.6663138255436,0.2639782476845743,38.49144950747571,76.20385187523702,27,70846.36292240971,91.2925051485938,0.3335496630939929,0
100.1230499977322,0.385744544752862,45.618385541152875,119.51826414900376,13,20923.16293725354,72.82384954794979,0.2291102940719532,1
71.38896964646338,0.3234317962654427,51.30733981778056,87.78590680822903,66,164295.15251417132,39.795665067057925,0.1295052156999479,0
80.73695232362483,0.3844692526941104,38.222384911635004,98.51270274481509,86,221365.75968033684,27.78104073552836,0.4373882234870051,0
60.443205889254436,0.4578368284335324,38.294385706856225,79.04174788026339,84,208394.09261064467,35.3040159712109,0.3878756255161514,1
101.72506711525415,0.02862666758904069,32.10888065455935,64.139158333135,60,158460.26743508,92.58828425257617,0.0,0
94.42376543817663,0.18591032112106468,49.6713770874311,66.71004030563601,43,75991.87573347306,57.34677769349386,0.5979235288128771,0
104.98028287062509,0.5280377184462883,46.07543962805115,110.20034152369094,69,164265.19724902435,84.84902103824402,0.049718429581422384,0
85.05859334564923,0.522641606603459,37.1433161810399,117.01115287398787,63,183438.19751076665,57.553090749080376,0.19676711690371132,1
103.98573540420615,0.016059280587829756,35.93479298115199,86.98067419198587,70,169132.34832947643,71.25723084218876,0.09107093495579666,0
95.61703993490381,0.11877767015807779,22.75840644042651,76.77458955944424,99,239283.44752251354,26.689854398563355,0.599241953493882,0
60.19871128938313,0.5466358228659559,20.24704357947979,110.58763523954468,65,169302.86510604373,42.49054599035567,0.19720159238059048,0
73.95318622986815,0.2761255409857224,40.09797072821005,100.4821081310696,99,197980.8284706901,55.538849602981244,0.40934091225935854,0
87.16402437134364,0.31934764214210043,35.86472838936078,53.06554831142249,67,170897.82808281484,69.14417330079142,0.11936904667431736,0
94.02780423415842,0.09986690018212437,50.24939687626704,76.3055674162108,54,155214.94049837042,37.00648316372249,0.053679219105032136,0
63.607497556555046,0.492941228729606,40.62085413967062,101.16297336770313,36,54588.35554336852,78.5186024989343,0.3680176409193271,0
98.77939605010855,0.13488272181052097,55.594829648524566,93.02598652182328,71,199167.03887809414,50.508329429536616,0.27869979596509137,1
89.8944853705993,0.11240972021054975,27.453350356717944,123.35504816346669,93,169997.25721061084,82.22046884637192,0.2544428268005362,0
88.91786187500571,0.13318609779297721,57.625712934631515,114.95865336689678,15,32758.273658258444,31.85783632765471,0.28652646916986907,0
76.06250569538533,0.5065957194261448,31.32092938386004,54.48038042984457,75,208389.12760717177,72.58296113776603,0.3987166432000303,0
92.71527047198173,0.38953722187549855,44.412110995785625,104.43267617542705,18,49245.62744132898,45.532983324455714,0.40739798761714263,0
61.512108929747605,0.42504205302474857,39.07044111743275,75.22449592478584,108,306492.25145642104,80.67682218858326,0.10388701201203057,1
63.558518177719364,0.2135996334194965,33.663903247471474,101.15620273144599,4,11642.500755795156,53.15192989296874,0.08170973875938882,0
100.36285479670629,0.5009555880625032,25.293748964086973,96.29184395685472,88,191024.71829387214,71.57447425844965,0.28979630222554736,0
77.70402383936802,0.4362802942632705,25.123697755184043,87.72876943601308,11,27330.002878216615,90.40136880455314,0.25780632630694345,1
79.0831891593466,0.4153225757539535,47.037221440371425,113.97121657546663,6,12514.305964734962,26.443864240963507,0.03612102737508238,1
71.46118617910486,0.534307753183394,34.35037255309983,103.15173951073758,51,103329.82888815069,25.778174763406156,0.7725500607870716,0
84.50913806549627,0.20774628862840827,56.52932301705182,116.71663358765049,58,124548.80072199725,78.91954765236994,0.8190697101123925,0
62.859638727621515,0.33992576926977586,32.37464248724085,71.1202811827287,60,156876.85213044082,70.24751360556547,0.12207951801198386,0
76.51997729641126,0.5013620374476968,57.37390142642259,76.10956434459516,18,40538.90017282192,45.508580435310286,0.2699980046123385,1
88.99181569777336,0.4370800293204144,27.806083750619983,96.64635123578516,79,214966.07142212856,59.60776919419837,0.44998745393783895,1
85.60975568575253,0.3142246374418321,23.906946676780034,122.48483280213019,67,175394.45695821368,27.935496591920813,0.16758096189280147,0
114.98183037176686,0.05115538978130738,31.87764987387237,77.8686574502886,17,26022.20075867218,38.471192375286854,0.1468891572505865,0
81.38205586643005,0.36247065736006356,53.65222199828638,52.422023755061836,97,237199.65185894648,54.71474621690172,0.5678282674857609,0
81.28494825898699,0.2943400007086402,39.830373890820816,83.44159665664675,34,73265.12728873813,83.38310913550376,0.5573897520833493,0
87.69699775779532,0.10945744920169827,25.154704025613906,90.79471718967673,30,65548.30451180137,58.576702800205936,0.32128049761171906,0
70.46667106491763,0.48641668660500265,27.694963884955612,110.07405565246574,19,51823.632035292,66.04537531681851,0.28354258299503815,1
108.19674326275369,0.1953542412453214,31.827905161683404,104.64503599974792,9,20892.707812143133,86.16276543956464,0.10301113327971577,0
91.47472838754467,0.21923914249934037,42.426336036882894,122.34970105387521,40,113137.30940753683,46.61732395121917,0.7003314897617778,1
70.56592015596823,0.37309683635006174,32.63039971534958,108.70120704173497,44,113045.16909785155,74.04895247714391,0.8291334411731182,0
103.63928752546728,0.27395132070227013,48.38805511939444,72.3971327800912,95,221279.7012488775,85.31670810747774,0.5380818572185102,0
61.88826941285693,0.05821178119074067,43.41915513504127,98.10352332351273,59,155276.61088937268,39.18309904873237,0.06477899639888197,0
114.0410310321985,0.2192184733718268,53.205302019426924,100.41808950474142,91,141734.6454513181,49.95347156034828,0.9130074329682439,1
107.58321341242542,0.061011703686645886,39.03654940165584,124.85153861153921,111,171009.4285288966,93.58671217225486,0.20681545019901737,1
91.88017005437109,0.11300521768662586,32.58470373584058,60.40534334200832,25,40625.59975953195,93.82529953573477,0.19143083543043582,0
66.12126145163866,0.013874196709245072,57.85831957652176,64.34941270178426,119,256605.410538765,40.626095120575656,0.8178018689324968,1
71.84000253093193,0.10790906400171758,33.51406622867952,61.66352330065167,71,131575.44050926945,29.651208722483968,0.842938113536252,0
75.36893436724597,0.1884415711591149,36.28690031165946,94.17950856244728,53,157748.77290605486,43.964512791703704,0.038556724948293805,0
73.2567455846986,0.3006379542154391,50.74683456360736,60.14758041755151,48,111044.89000881842,52.84123701125811,0.7188320742007204,0
87.36360057493951,0.5064096940386754,23.36817688793752,99.20057816784016,71,177047.27695764336,55.870392065181456,0.1266598090126885,0
111.95082036469313,0.30177650831070985,34.686624030223555,110.28305381481641,84,161131.33716708378,68.31644151312966,0.17046457064407106,1
84.42949216222958,0.39102591233674444,23.25698355065479,82.45946931551454,53,105082.85423271489,87.96519320920825,0.739997093090657,0
96.3860512495373,0.20314562930511806,25.2936229335648,92.05138114170981,108,216344.83009086724,48.12436083350137,0.5030723943764376,0
97.87207632883528,0.4158806285263244,20.176351368924262,118.45415624684681,49,124857.0743285471,84.4989174849446,0.7711970319206087,0
107.93693988899655,0.3450531228677978,20.362683118130256,92.71744381831259,43,95054.05039596041,31.543524464863882,0.6427405606566027,1
61.86017081643356,0.2582887671684251,34.450939801108376,65.64541640261506,100,227652.54787951117,27.93122892812503,0.5437350869966447,0
82.23815326411481,0.11463514924126193,50.748224588015496,75.73953488325213,19,45372.08499154134,60.28316281864229,0.3160183927877678,0
103.16043127473546,0.17391209031854143,42.30616570248434,89.73843525046014,66,175112.3539675835,29.176355633142343,0.10939702056382326,0
104.81768582309954,0.34531088718290776,44.12673367723045,61.61732641171887,34,55608.857174136385,52.47428608639611,0.42450071555077445,0
111.00329383457061,0.24007041515686942,39.731471028225684,95.93898765176519,81,215890.18033458682,87.77446818084641,0.4453453730365033,1
98.65368978999012,0.49026874064448805,51.15213947848123,124.94345689130192,88,206347.02909152373,41.903812534523134,0.327898658828008,1
73.4834670357609,0.13681374662921605,53.45439155707462,98.94012237057233,73,182765.95121165065,74.41830425874322,0.1256771477667046,0
87.8116158696408,0.04945923221676705,52.29014766952426,77.93083580108309,54,107531.69295210173,46.16557746730468,0.7472112786885056,0
61.77899083553937,0.3282482313129616,50.86102002051548,74.88098687607969,1,2114.0802552246737,28.144403866949492,0.13661665507473955,0
95.58105876040358,0.48846745370264105,26.943096795404784,119.87024919554564,106,195755.36532497333,63.968340698721654,0.2542730551658414,0
90.48623663298162,0.20695907589748588,42.5672965638784,115.36357179339919,92,273143.39964360197,83.43974433757262,0.8294783501446613,1
96.67599544187112,0.3597641208288092,42.122201451738064,85.42689651490754,55,123502.74523210114,53.66279138398336,0.8788764988352531,0
111.15773043631775,0.1349628159756603,40.06187214241036,76.50609233752131,15,44911.73060542345,68.21056785206609,0.23592892406442462,1
97.80021364462374,0.31157483770325173,38.270885993277105,103.28482126973394,85,189947.71220281147,88.0016518360408,0.24232024289782522,0
77.62474617061187,0.4348677344658327,23.38847813308257,73.5876856665712,15,27444.403448641515,80.27861589158914,0.13995475069454,1
70.93051651285862,0.4781970633394093,23.882202888436435,58.955242418940536,23,52007.10768742156,38.57134795749735,0.3959478859907044,1
107.00499137502601,0.06676433012029422,54.28669967674369,73.26141592261447,117,182449.02285073814,76.33687715555041,0.282602947472624,1
70.68826788005683,0.20244223879835255,43.94708468660555,82.57219865879014,66,188572.2103407732,60.13251176121064,0.2650998821750747,0
68.88852693274501,0.3554079986453699,29.968054150924242,69.15585319870311,46,125479.96733241643,77.21767655202594,0.7944464120997379,0
71.36366443745366,0.0287503487705722,30.613414790111335,66.26102943782922,100,258873.0781041427,59.616088536555274,0.7036809737978923,0
87.98624664717788,0.3829322080814466,43.18740360264794,50.46051219985233,114,275280.36834066064,33.9570714875812,0.8036775298920665,0
66.83030937377012,0.29513829671406666,35.46352903615516,97.3132086053035,9,21327.762154549906,64.89366126824675,0.09332163794918236,0
111.59650818281862,0.1658257907788143,36.77031849743359,96.08367067370892,66,197676.09319386684,59.44937946781379,0.31273871125152236,0
113.14395389820493,0.4499134033207873,22.304699640269924,64.10189283280462,66,126521.74596797385,61.25452135490092,0.8722196306762521,1
113.55910193056494,0.1666273846397186,25.2720891101703,120.77375538583881,18,48051.4778648706,86.52317175521092,0.34485605798722996,0
62.15186426508459,0.5453641249500538,34.94731620941918,80.71781763535685,17,40325.82164044827,87.63859326943759,0.26842719270784626,0
112.04086395640175,0.45083990212120384,46.5880839575212,51.91095751822299,105,311201.18564202444,56.74759747360029,0.0775272627880979,0
114.85782129395838,0.39230947074686734,21.8249647287967,66.48289379486327,72,197402.74379621126,56.90124288960619,0.3119407522202527,0
111.83360101400179,0.04312768129982885,32.71319612758116,101.9050613203396,98,293783.1916094701,61.06308712108312,0.8936940337714872,1
96.90163981694883,0.4983276008731277,46.4127341735116,65.12149241079464,34,81004.57471758476,61.37124948339799,0.5480372429663755,1
98.56765838246754,0.4366298650982775,50.09793003711107,54.04343441570421,69,124670.29960590077,91.52710009253788,0.8019540514332726,0
66.72391169303962,0.13367354281757324,27.228386755621905,96.32796660460046,64,144353.95542669445,70.45803271642454,0.8949925418866578,0
108.08633923912294,0.22181401791652006,47.796511011951374,88.87660929456372,44,112933.33484733793,44.42198964215608,0.771424177338032,0
63.28017715458243,0.15506103787433717,56.30564437500312,107.094937707384,29,77184.67679889909,62.207575786779294,0.48397801017173336,0
77.47518006397019,0.5415846584577759,54.458861703665036,107.94735414081063,62,93047.42897848276,68.9056508035588,0.6317038892528268,1
114.51334048315029,0.47126608019500216,49.99629094034534,121.99514403407966,92,207693.73821331657,69.78402047097751,0.42700681217558184,1
83.22803335066475,0.5123216634553553,47.06841406957085,54.27631580139041,16,29645.629919295516,65.96779583667279,0.15012559673804185,1
67.21359231808923,0.4359380876427322,28.93525570475127,52.924206486367126,78,219364.68449081024,37.44153082350761,0.46703729404238353,0
113.3112064126994,0.2564280501779337,44.08832262782827,124.03977860207455,52,89926.62463591782,27.351523235565523,0.5089896868196007,1
114.12768058729549,0.12093449489992994,44.44441176479125,98.36359082727154,2,4999.368748724501,48.64901366567981,0.10995577952196048,1
70.28734768812929,0.12236328473125627,35.45921061952214,103.65279047506785,104,197505.70169068826,54.92655081921775,0.24875135309348256,1
107.5642094807094,0.09190873811800558,38.73458754463563,57.236151480137636,61,124123.60610410591,29.326296770326064,0.8017497242408373,1
81.47328294066405,0.3051907571638344,46.373082550638856,55.23595181362527,4,11643.355564541069,82.04771366138922,0.14454136561847167,0
80.9752655467693,0.506781922346367,56.17985835699604,62.01901954518282,52,96754.95378183019,49.085420625719166,0.633306878908152,1
74.44836975432959,0.5455709578247138,31.2216359207592,82.03967020981023,41,67342.66985211024,88.95429223249532,0.3890812480323866,0
62.45906510051931,0.165141892019853,29.361799774382703,58.263213704973175,52,83404.22231264961,35.80870754895856,0.5916818103653242,0
74.7404941026873,0.3865498517602339,42.86866190735712,83.4750305330621,31,69964.60261962499,28.98544698561194,0.5009573072383925,0
62.95772979331786,0.33243292842960404,24.970366234771678,92.11519273260025,26,64026.74780908723,58.762127307042526,0.39518566842565317,0
110.84046254979799,0.274025503113208,42.13624755853693,50.0249725913831,27,53755.39256462093,38.23905357779947,0.3321229577251196,1
96.39463698160007,0.36951506765850234,23.37635643271437,58.56842230939831,51,129304.87024717068,90.61794929045028,0.840262019783567,0
108.76424575090154,0.21053603024923725,38.64218742497133,78.1396393825909,98,155971.95663026595,25.721237891761728,0.02946184616747144,0
99.45098748088138,0.5200217785504628,43.57574623911428,53.999734452260014,95,264670.18690150994,53.88337725413245,0.6698193588306425,0
67.22077790954516,0.390942388561422,22.66416629236799,60.014672998410504,48,130792.83910122511,89.87234399416178,0.8628810676189291,0
111.73198452044139,0.41726858967592023,27.864219774047914,67.38472928419658,11,32760.688477969412,51.90927447108378,0.30760029976228687,1
109.49411794980219,0.14090793130327992,32.74422282542195,82.22010606257352,8,23238.059770822147,31.517649642032254,0.11012190011031242,0
79.14418428455696,0.1010342818887145,34.00675041707404,103.61278984525319,12,24411.548950540706,46.202646000325096,0.1335689799967832,0
66.13433371934221,0.22294402827093443,45.69197644365802,59.951645886938444,99,207792.3945263132,59.86072756841034,0.3261017470156015,0
98.72851129338805,0.4240031420815232,40.102810941261914,105.34689289319992,45,117852.62720478252,37.960618114033316,0.8162922776849845,1
100.05987165051974,0.5169497912665431,34.52012187160242,114.12955472879156,34,57838.221369704144,57.659319360028334,0.4457480103718131,0
109.32559746623889,0.24075810602596423,37.1256976649827,98.8609075163925,77,151768.69903327842,83.54402370500863,0.07080721884740405,0
62.896066769809394,0.4280446679484696,20.49311348470909,53.27942715708483,91,152680.837897176,86.0832579137629,0.0,1
67.79371109150546,0.2640201145120772,49.279960613689944,83.0490265195581,72,157127.73649986577,28.44825142975125,0.0725078298572866,0
92.90368360835502,0.16942325475995046,21.558178170401735,99.50495012251248,47,109416.3017319149,36.26323506368014,0.8011295132568111,0
94.05223529785454,0.40920318139195777,51.51406473105751,123.38848509554843,21,38151.5548038267,44.270309503676295,0.27982685407768415,1
61.84853142732535,0.44102915234991674,40.55786781375974,121.38562910519317,41,63137.84874521745,66.64060956213213,0.44483947580197186,1
81.83126280839122,0.11953402880356734,40.057129266531646,79.6777365829939,75,193427.53107193386,50.2696331154727,0.26593474488113444,0
92.1288952201827,0.17479153110447856,46.77398785538158,96.19483041688194,22,33660.17042606356,84.08286394122528,0.23540662736344026,0
100.58512332334536,0.27717949547577764,52.663262240831685,116.81113605211888,21,62162.18218124322,75.16703077980563,0.4762304568602751,0
77.38828804780808,0.11072178807411343,55.82055356622724,112.32846855321473,28,51307.50478318061,32.03192161794558,0.3584604803093089,0
86.61469211620128,0.511570521327048,40.648055715271425,85.95663755845624,67,167221.95925768727,68.71902517584638,0.05239932391642873,1
104.7730179771605,0.32932031278280416,25.725012815578893,69.59309981687176,71,152801.05884455884,32.91088377428849,0.0,0
112.46422851437573,0.07544976978071405,53.387975194574274,60.28249600991247,14,22253.151067079252,42.8524968745522,0.2088183173916447,1
72.6673071464415,0.10937612692852952,21.545536698064367,86.59851163124443,79,174453.75738618438,37.45094434739596,0.17926221525878405,0
73.91732132009429,0.5253518864754161,50.67881248735271,104.21344065074669,73,166085.28945549956,37.11433644404934,0.11318836694881756,0
111.69000030886315,0.4086110362761739,45.856021804174624,122.73272849121994,52,144665.29023124374,68.14768673438014,0.9367344915459566,1
81.77511329194759,0.40657874563269253,54.37964908207195,114.63611786173166,43,111736.5149922894,64.45234457879131,0.8043400589753178,0
99.50915784864085,0.04914924076272945,54.10359970940298,65.31807164361213,71,114945.71356123565,37.321970695140884,0.8494253869660171,0
93.6745875801432,0.49346137236283144,22.019855246609026,103.98335951168524,76,137844.54591127823,94.31209637929022,0.9821230955594232,0
75.70732238867309,0.24961709578164648,43.15896347267554,71.68259403938228,19,37388.79900012601,54.52857126578056,0.3213882410731087,0
95.94592220769137,0.3662473542255602,24.737515296391667,101.26044458251974,27,45214.51130182519,31.794852970845564,0.2834947633071929,0
96.05612455263353,0.5282321783215675,22.98180724627408,99.93540953455795,18,39336.27491469125,33.43983118685806,0.23723337789591314,1
92.5843751974992,0.06400668539254073,37.03453154156776,70.43229521941561,13,38694.029221819445,65.87255996086164,0.2501429361371703,0
65.4813453667232,0.2704292881227525,23.708706514252146,67.57914651629649,107,243095.35299366072,93.53485823684309,0.6225643487232174,0
114.73445023057207,0.03679087779744316,47.660290558278525,57.79533219416944,1,2612.823252484754,65.03657711334385,0.08896981068949447,0
82.02290536439551,0.2797545285948064,56.81974699928879,53.790472760347,102,257489.48304799997,91.4329033631646,0.774890890626754,0
95.10380419683439,0.14622008166328837,41.64415239575752,114.38382941423532,85,235863.70797424758,56.08929955306188,0.5993481891910419,0
108.71689317619406,0.5019753858078901,28.93641704334409,53.73870459762813,34,62001.89801374608,55.50887725564084,0.3417866484659628,1
83.280866863091,0.22518594690746693,52.041842877965024,56.65558748938356,13,34199.61210301405,60.00051515211176,0.1435963217902499,0
102.56587812430517,0.35229112086812275,52.41792824734099,67.913902652615,109,307601.5817899901,73.81978207088886,0.0627003491733524,0
113.45034335736733,0.47455512299985647,47.845866949846986,116.5743746346707,115,202085.44446409188,50.73311765159328,0.3912494567073151,1
79.74141181391765,0.5411936035452753,43.375023022907335,74.97052703166435,105,212121.3496166106,85.472022287527,0.41016397832809703,0
82.28982636280051,0.28206245997741486,52.976113280565514,64.38496680924442,51,150712.78497136445,27.049696933770235,0.10049712505801656,1
109.80668324481128,0.2561091595451862,26.205083915907245,103.66666218463213,87,232392.8139003629,55.783493651990966,0.4951633738133976,1
68.78035772983506,0.05089940846008771,55.400804801073704,73.93023161515143,1,1923.8862488062985,60.76942949859425,0.0,0
61.57271610976933,0.01687902940209612,55.993719670001596,75.00249785571472,87,204094.40093860557,67.49225667841674,0.32741529086698784,0
109.98889526670115,0.33875312994918794,53.135710211891066,105.42324469539021,28,58981.69715967811,44.32503386561043,0.3580964537382923,1
105.18753657646691,0.04535075015972885,29.52515731903575,68.87396117062293,32,71518.32846370223,54.923597969008476,0.5031031498587806,1
113.49206679032326,0.21540462600077556,52.61077867980391,117.25700357792192,72,146357.94867019652,58.91764251498397,0.954634065209135,1
63.2030780490873,0.011947475497489209,38.91025204983229,92.1066258498759,55,105544.8090287531,73.08369850782492,0.6262400371277542,0
68.5897531742543,0.34222284944146225,42.607349021231364,90.33737833793106,26,65315.75861426533,79.14809293150698,0.4800173135965247,0
65.7921907499395,0.23972418663786796,51.94282365515752,69.85641762996572,14,37349.37811680847,76.6479129140651,0.16099825780844998,0
97.587887276154,0.07859121568459544,21.124148092719025,112.63207550974442,88,247362.34020264953,48.91081366027097,0.595521356867128,0
93.33055405609288,0.17003850769404394,33.79181850267454,92.9562163153626,112,194095.4345094556,94.96153660943745,0.21283423485917713,0
79.76343596629928,0.31761677744483924,50.996348335289696,61.66374109289195,93,254288.34554851108,84.40657182510256,0.7056117008436175,0
63.158291367123475,0.3646252187253876,50.93028178446548,65.4723677933572,68,127989.68409666048,43.201636120147825,0.8625669462519637,0
95.18140912255976,0.2596613750182613,52.250141221551445,85.11919316154827,63,134883.2888464998,38.65740639709793,0.9950446416941496,0
91.35662668132811,0.4441379226891108,26.43020420530067,108.47313668122915,82,233877.57335945734,46.981487540837335,0.6048751552036599,1
66.20967660833387,0.07071782231961228,46.82369149266248,120.44714552127202,14,30544.57562063464,56.66413970997514,0.27571281330467434,0
109.99003374605428,0.05565469021070021,25.567126939205906,99.76239727827101,27,48481.07312879481,84.55595648237296,0.33763763675689,1
70.94223403195949,0.03389190526961649,49.833724340138964,87.96074371687236,41,71331.92229708274,79.48535846561741,0.42669955759269007,0
100.8930033679121,0.29934703330269885,29.314788169271285,68.80489831340185,111,245251.79714758028,84.58722864541132,0.6414173610835434,0
108.67917243986216,0.3913651202866073,48.037073648303945,100.46509703418121,3,7932.025907894494,44.036998043722996,0.08250122308866197,0
91.87112448815397,0.08048155568816605,37.290061504062955,123.66798168901305,94,281605.9253003765,66.54228557162854,0.912563204448422,1
73.57668979140382,0.35503063580191196,57.47801165300535,85.71668566544263,59,158185.6636161348,44.82743435941621,0.03095048356881494,0
77.00866846938277,0.2675517937423488,42.035965568472676,62.16064091674215,100,281551.793841428,32.63162125036452,0.9014512826319733,0
108.71611435453578,0.5431660300816022,44.038015840370875,57.75054360906339,23,60300.21645225364,72.89384204322765,0.35535004447296104,1
76.40414360070666,0.3974357490038622,33.990213526348924,70.1942136949236,18,51176.74772041486,35.009828583680715,0.2890144384305632,0
101.04047658245173,0.365035601003478,47.911765998202455,92.70815142659326,110,177588.43464679568,71.738843319453,0.12813366207603022,0
114.4590866740473,0.31804285683106603,38.80565436198373,121.01039758184966,111,321333.61123044393,70.35750134337864,0.14345537429746602,1
114.98991956494729,0.5485777380368401,20.68653213364284,72.437381229811,104,217839.35998120235,81.71739110968119,0.393370582120867,1
89.34138615481322,0.5394479522614718,43.12610071927452,72.90433785287033,74,213299.17878412936,34.768822319449505,0.4007573057339786,0
105.46056882323538,0.30058216776704166,51.55746443631573,86.08847443341443,76,122633.54347038022,79.84361039561676,0.8627027840398993,1
114.46374273566597,0.25579900756050133,28.998467262297126,118.89067513243916,117,301025.1389747594,94.94935681623659,0.0,1
80.60700894130902,0.2595420582589463,28.400422693237015,81.4291287941817,41,106744.85804321757,84.57297140101315,0.686416785279568,0
73.88252717886682,0.24130489077461745,43.13767495853228,66.74220438956999,8,23962.93067157327,77.62684534293663,0.16333443498263028,0
66.28283457132008,0.296955085778014,51.08321250416877,62.234818623632854,32,84905.05299311107,71.35157482862954,0.5783780316973537,0
67.74948009402193,0.15773550461976021,29.485572838055884,84.27615269543612,81,167982.7052565962,54.524703927980056,0.09492017217036341,0
106.94559999913649,0.5104659428817904,55.425980747235485,110.05080767976122,41,95770.78592454054,76.13501175241215,0.6778149096003615,1
92.37976996688907,0.27472424398944506,55.24071955389886,71.85143035432922,45,92242.18832624485,75.69246245983173,0.644470537214202,0
108.05400464658672,0.464684218392849,27.620393532501467,88.43919794229822,78,139934.1815006684,69.20487978811018,0.9898873735558744,1
103.42002989676926,0.26666398432051486,30.023807658158997,95.22562043169118,101,189148.10261659443,80.73948648084799,0.2569072545599432,1
97.05595465264098,0.3978767479115312,46.62275481603014,83.7852808743423,9,16497.142212703333,56.413472189878426,0.08434000761187173,0
93.51217055487734,0.19191626081735322,56.16585814292819,64.37676810149671,90,209090.06957203374,33.48768984926735,0.3598021960462856,0
62.65863972979511,0.3473957031759607,46.97554217349996,119.13092584511415,48,137243.56568629632,64.13474093264662,0.9303084804717769,1
107.97513578017558,0.2791205805434965,36.906201893180445,92.4086926425863,115,329945.3430002486,43.553047009793985,0.18077783086109372,1
82.98131339238428,0.20824169852814933,26.42205116420712,104.68507879354141,24,37971.49599092972,51.910316820040514,0.22468481772215865,0
90.78827713892656,0.4860403809767206,37.518374255905606,97.70322540784497,87,140926.8718242221,26.21904327588582,0.9170981156158812,1
61.20744260323614,0.07086430868441085,43.057176094881065,124.85360162956803,95,177429.46564705894,51.79534115425184,0.14867858005751372,0
111.48404260245329,0.27293850009231957,32.57617292035271,84.2232600828992,103,193906.68540653388,81.61607742948182,0.3026622916816959,1
109.65072536006008,0.11495929956371384,39.389797205603415,81.872927997432,44,72262.68556579058,62.990565685677836,0.41112207797806755,1
89.8802916454958,0.47496974925749946,24.948136876490825,77.01048995675048,58,120796.31068208933,25.686036885377973,0.8204595525043437,0
91.75213982425966,0.14687344614645825,37.183147971478284,77.1221344505197,66,157184.81387643743,57.88906741678931,0.08172619719639718,0
98.77594668219187,0.3520523836603837,23.449481119323053,70.68276580379275,114,269865.73630250833,45.40161533517852,0.7700609517745239,0
74.55821930398825,0.0994042981460912,21.865372498061642,123.54725938599103,18,41672.601393982,58.42854587780198,0.37391918960687404,0
72.20535924923163,0.2286533815142518,52.57511679277444,115.3086525726434,80,160640.63098649966,53.328490501351396,0.07181860545884029,1
97.0712620630898,0.49565288565065674,27.793100197550846,73.75047537179121,29,74230.82231127126,90.2385453690167,0.41680499958681394,1
65.74323453873996,0.09967479997704785,41.85590250686147,72.89217834873767,75,205479.44336037053,27.882410927411108,0.35580081041897,0
84.97341025978594,0.3681257456881034,25.66134481957971,57.76504903887911,2,4038.822799432225,72.85116078973526,0.030058292576338005,0
87.10182331994996,0.12043560010021559,29.97604769455307,115.77731453821197,78,127007.63703803705,84.57186174112191,0.8691659580320911,1
80.97353373033424,0.2345044883673696,33.73089795124041,77.88245381199546,68,132225.68561136938,92.14670092553328,0.8686330445369203,0
70.18974966337541,0.30193311756228364,25.45970458148127,92.94615441088459,103,175723.45713182248,37.434535858100716,0.12091120042693032,0
79.54239453789451,0.3217454658224638,21.74656728642219,117.52832966606984,98,215701.7329023956,62.19133613763357,0.38326252177702325,0
78.56564894582475,0.3353561222787039,53.33207247668442,80.60754863556542,117,202866.61905597174,28.051270412204833,0.319764162780728,0
87.45961210568127,0.355670964311098,20.44964776343134,110.51510325671313,110,241369.38501356627,59.9428467118562,0.5812404652978369,0
97.10744628681857,0.15675509674385066,22.33019734773258,82.27142196865678,39,71428.66920099189,33.782066267868736,0.41944241976164975,0
113.25293179393938,0.22673844228726592,50.59274211146789,102.57057042633146,73,190391.05604813312,83.65276722890994,0.2326330489323692,0
67.92897930958806,0.030152078330534786,30.71631679737613,82.33883053941358,104,160300.64557039193,32.97090018237554,0.10164389669124736,0
108.01594104675951,0.4251287673269426,47.4671714423585,79.45693509160195,41,95616.89768566343,60.93018522705467,0.7198666149558138,1
75.62979002146443,0.4620337309660073,25.556578470280723,124.3031929671431,71,124550.50127898603,61.47672482949276,0.8681097608867885,1
92.5255023500773,0.1175878522821946,29.016706446675336,95.92623815026812,115,172671.09662101066,93.01553485521238,0.21643369844941174,0
90.07053213911274,0.1187797409000282,41.765507630685754,77.55433862172345,81,227107.81069987407,70.84864858272218,0.5627579947441788,0
90.63216302455446,0.032699657182827184,57.568161862592774,69.33646078151133,87,218134.37630973585,45.14882051537614,0.4958856918181563,1
99.78472364453471,0.5340072643079433,22.79088986605048,52.982477767221226,109,179677.15140526058,41.855951695669695,0.18095786288220406,1
80.99285681619477,0.44588074678330375,35.22107472330963,102.99247551865453,75,187208.14136443374,33.97737439515454,0.255099819682239,0
77.55049797802705,0.20477972956925733,21.637076860225143,77.91180711464465,22,53184.36198034075,77.95603068343416,0.3335314460794706,0
106.90590152520124,0.2702304665937057,27.570604820927045,111.59406228340737,82,181222.872506314,73.35296593276371,0.1971971252587451,1
72.10522721508487,0.16766215875146903,54.48389901986317,77.2901345466739,49,104315.47023428263,67.69139891156742,0.6988448232478802,0
69.91353205211287,0.3325117428939256,23.665483944011246,77.99968943187727,28,79256.93004246087,27.858831006499184,0.5640578411953571,0
60.858409016039346,0.3973465426600945,52.56052501227408,108.43857548050671,16,29883.55247753883,78.39802064760062,0.2203898522593484,0
71.58177801160527,0.2515789781156109,26.756523048183087,86.70999925644904,106,222331.29906512794,69.93213040039355,0.4741171972834684,0
88.51922883241896,0.4817408643774767,52.74782416843275,116.36710779510446,68,135569.77211527238,92.47222076773419,0.9065754178130658,1
89.61798801577625,0.2891939655981574,40.444834599155655,94.2601817528414,62,164721.69570040694,66.10414909137684,0.11981782171238922,0
73.99312701575438,0.08789676530201783,53.37185362062005,68.04836101357824,36,103489.12653655713,46.276633466319566,0.723297232146606,1
63.97507935226599,0.34603734295232647,25.764738496757776,92.6203890725025,22,61042.79605842761,51.70643865325242,0.3310022155599906,0
100.95524379898634,0.2596047215902134,48.95738894969739,50.30012569510265,11,29662.11484994618,37.308849376476275,0.1438779841380277,0
101.68864417092648,0.515262806064132,45.86654665106192,73.42980310390394,85,253315.71806018558,75.60399275409696,0.7441369804315378,0
114.88100179603589,0.2216227173053933,40.631468720932574,65.5964255373358,104,264754.5498640201,74.54051620152077,0.7619868539302477,0
109.50162637940947,0.2275474991410562,50.80231908761697,99.0640891702201,105,275790.97211613157,39.04550108343734,0.8174026511058614,1
110.93341354847034,0.36141763048206954,44.634488928227505,60.202893762485374,80,237936.30476460228,36.0942526227595,0.5730670581177132,0
103.90121041591681,0.2945725578962711,53.327783135094485,71.75730850711048,42,63440.419480147975,30.39034532415362,0.4097508645888255,0
93.85265693603745,0.21220293387075484,34.48036157785151,74.84814157425465,55,134808.99105600012,88.8383020577231,0.9266234961162194,0
67.07002766824807,0.5444781844672484,42.41708077440497,50.246992164791365,73,190417.3827488852,41.31488835863958,0.21404839862686306,0
94.22723136007328,0.1731801753996851,53.082832017877045,53.50749261896252,35,100685.92032225273,49.09144687262628,0.6724783561398562,0
63.077572322804464,0.15986554767191544,28.162934435957116,73.3344595983142,57,161068.6880077613,44.63531558642435,0.08609713985759553,0
108.69145111991558,0.47679091940193585,38.45817155144046,66.67673398939341,34,93939.9947429235,53.95372218275537,0.6460800274477652,1
86.50017344778087,0.011821389517299974,56.50818922568942,58.768005396136665,73,213064.14427761658,74.98341595677384,0.4315708283279584,0
98.36100575866901,0.11867670688865013,37.99686845679801,61.56212422654685,77,177567.29620403322,85.94169436083992,0.20957728620925614,0
62.87340150327802,0.3288412116614671,29.607518917430532,112.66527210350647,70,105726.61003640681,37.78191246699781,0.676209259356463,0
89.3836632607554,0.09772328503611903,33.34089707224305,101.2489681634527,4,6066.326392182057,73.04886406188156,0.0,0
76.56948688193494,0.5423341182707376,53.63319653619097,86.30881482512373,46,106580.09483763222,49.679349956973965,0.8333841877467405,1
75.67325461554852,0.2606656361076808,56.28555547316691,118.16560821776994,92,198067.5689632239,93.63690178081049,0.3053872255261141,0
81.43107530867503,0.3325766004786975,56.10409042207329,52.21645932062139,11,23945.5433805299,45.92434114988538,0.15041423233747092,0
60.03517034732942,0.09660167115680429,46.55981089480571,75.87012019578647,98,205859.49636987544,25.503506920550198,0.4062886473517305,0
85.66634849460954,0.16626417447084105,39.364871775335274,111.75377881280441,61,175471.91153184808,61.094798181389166,0.24961720815536587,0
86.7611675984366,0.3418973826468844,26.94217952647899,97.1216745938991,35,71356.44343641396,35.55117589931564,0.4484832170626916,0
107.47220037114853,0.3067588215746547,24.682398458677653,123.62655758689903,69,192119.4884724791,28.114609877287936,0.23085582640705116,1
84.66890843353653,0.4335565305382297,22.271131090371156,120.83861924661569,57,162694.9398691853,73.8788462363396,0.02252526492165486,1
79.99559616272201,0.15538591643013075,20.67316656134083,62.745686830623775,103,231673.0234648385,76.25814977559196,0.6241421341740698,0
114.71108782493549,0.3629127592215284,53.368435440015915,122.89902478967537,11,23874.477616523956,57.248930918155175,0.10725783478710799,1
91.41673285313729,0.16712677310438734,50.74528000052709,120.91510894805543,12,31698.37087587804,72.38198617296041,0.20994467568007527,0
85.99372647487768,0.32684641466290504,41.57721245901789,78.02082088052619,43,110164.16224277242,62.67676137729937,0.685563506683001,0
87.27647090016087,0.33671672255001267,57.95148367243313,123.71602187667146,19,37863.25082299187,69.08607754053521,0.1800038762553639,1
104.50497136298428,0.07579312013142395,56.21597874366236,52.688311424342054,77,127344.30854429667,66.76927812315728,0.8343432893072935,1
78.73720029335885,0.3062618797705837,44.89414088715884,99.55629161849735,68,129014.94481861299,71.60759348389146,0.8132102988070286,0
81.40382544772702,0.01644668197525855,37.65383354752963,69.96108531983066,78,132330.33518003896,38.97414540712199,0.8476208132624276,0
101.5730347635606,0.28065380574233345,25.782487212298925,59.709732244648976,108,209746.628675824,43.809463402569015,0.49861611270969675,0
64.01410567875732,0.3866618198483605,39.592564599665394,93.3151193707885,59,111671.20855390072,55.79742046553844,0.7657195289012917,0
107.58430369787922,0.04932967365459391,25.994259569650037,72.97627311388958,2,4913.13427166014,56.228960659343045,0.07932770445543372,1
83.66114830573835,0.5169038408651947,35.141149561355185,100.01190078583632,8,23453.952341457356,79.2088198110833,0.19759266041884502,0
91.97111365281066,0.25772798727430535,55.82062812044454,90.49857890858152,22,55629.54316690596,50.717556146067245,0.3658205749587552,0
101.66118875929094,0.5167447888369935,32.99520159475422,79.44420506814946,115,332347.0228911382,36.37536092414277,0.19366090130537347,1
74.63285573416397,0.06799514879321156,25.80591639845175,63.63666209861734,77,206067.2758692752,42.60261793437531,0.38622856972155734,0
108.9672814576358,0.5229474009865488,42.13107096097615,95.09376481041325,21,54428.145095241955,40.03134516689599,0.37127683913157106,1
113.85737347411359,0.06896643368968723,42.88983861684394,112.19229721066638,85,180292.897377201,76.21620134792154,0.17351237832307476,1
87.18508987733685,0.2592077311637215,27.364561213780803,95.00033513819609,92,182821.64139514486,57.92377302381875,0.22530333415764203,0
111.53155507679703,0.5165157160325075,27.47029032811449,95.78919168302643,97,268633.35769480973,74.60414885796884,0.7555725659639171,1
60.06207423898405,0.13566242820999064,57.60289207034343,88.38780231108262,29,82884.60563241172,54.135377653033885,0.5439911410173696,0
109.18308062995406,0.028783889663716387,29.244680768764056,79.11800879962188,101,219960.1977881162,87.28149217527336,0.4496371448615745,1
77.10749258632181,0.4382797645152393,51.851297321776194,84.30935312251596,86,130169.13966607714,93.84642154059142,0.8043506348102254,1
77.13224836001811,0.33177716434126536,37.87230537074722,124.21563178400615,90,241991.69295237353,71.88897560918281,0.49572004236021494,0
72.54488756234667,0.287517444166778,36.529591078683666,106.22513765789675,75,144570.24455313283,85.46687900653532,0.9168484678572338,0
77.4357645632996,0.028545427550737926,31.20857181422259,82.29195979849959,75,113612.38481440357,60.555328702044385,0.8476211319920055,0
71.74165210342493,0.3627448851556964,49.40538028190857,84.29722999658904,109,295115.62939259596,90.42345882477355,0.9519534401821366,0
109.82280084704844,0.102676610017665,53.46511338077909,87.47240058123067,98,223059.88575608403,83.21105399709796,0.5258643130853804,1
109.44630499673515,0.5128462073105355,29.92284353924505,99.44856457841097,83,209808.7379191394,94.42450002362274,0.29250266230626154,1
65.62162232063424,0.38029255358086833,23.613673435266332,84.9468675661636,112,321667.8899522722,68.61656147294464,0.09403829628359828,0
67.85721358765709,0.3917982995382717,25.202943009653175,101.46343388294325,37,85535.14757266485,79.544471818776,0.5025098362829814,0
107.41102514558666,0.13559334721009145,50.126534321117276,74.68908549858858,78,175873.706491739,63.00076979847494,0.16237637610723746,0
81.94157739800103,0.48560707255062796,36.56142263014578,80.7979724015843,29,56143.80227864946,43.138407298999596,0.49538978921775856,1
69.30994225366031,0.3003755882229286,25.01275701960747,114.80398435278855,83,162496.6323877741,49.83286197908304,0.10632282974655663,0
88.0868171340112,0.4728254560196845,32.930951843945735,74.6679241026157,37,99708.08466464534,87.58037903119212,0.7495011910948732,1
82.91674274560522,0.15631163640942905,39.540948348416016,122.33275498812513,21,45644.42123595702,28.916356261903438,0.2915743051887636,0
72.05388545558809,0.4179493250730529,52.37796398611031,62.93787102386697,88,153585.4595362719,66.40359202520857,0.09214653226789964,1
99.64137200526989,0.3202661279764257,44.38624366055665,68.12598617803795,90,147761.3831400669,51.07388227528761,1.0,0
94.7209121783002,0.03614642513771408,26.689246441040027,84.77598130661809,105,231984.91840573028,52.0684776603889,0.5410976693843457,1
65.48138874554922,0.22888485483757495,26.030703069616784,109.80565445415272,12,26369.190425119148,86.91998444896372,0.14883136727275942,0
110.89626928789383,0.10931165116667103,35.668700194066254,104.86816082212502,48,119048.99603078852,84.76756621823586,0.7277694266890824,0
90.7158481151538,0.2039537374545283,22.857328212666744,63.08495132107923,83,183147.90097927002,66.9189662900728,0.2055329935996183,0
73.7612467884948,0.21700988250322015,48.711933420787176,67.75137694758777,47,80615.03714146213,44.104319318303375,0.5415284147031205,0
71.34604982897999,0.2664613106353278,35.255245171543336,93.14472417881281,113,255572.58897334806,58.28194423134168,0.8053649406897779,0
67.47713897547108,0.33415683907337007,33.034903365692834,72.13735589740273,94,268857.30594792956,53.58053756524512,0.7276333409480595,0
83.35505735146928,0.31832793234902756,39.34611663087456,81.67439933597026,15,26087.43176145478,49.75326204417467,0.1768993064278808,0
67.45475571999603,0.03105535854069734,46.940358542988214,86.49456316152717,67,169820.3414182638,32.19499049901075,0.0414202033856112,0
82.86990269273744,0.4153721779839098,41.63518389073598,94.56845040128034,113,270159.14541165676,63.017972070072425,0.7797228279691167,1
68.18237355287647,0.5225592976152948,50.49130570543551,68.8288493329449,13,34097.421670880154,46.12819085121385,0.2428859123431353,0
96.12441368381391,0.198287896051882,43.91577742706446,62.235510766621964,59,101828.12419834196,71.25655600492699,0.7044833189567076,0
103.18831119274971,0.10706332672265963,49.94287016151402,79.89225408455198,73,212605.7843912064,47.34427550778715,0.446823049923472,0
90.22375111375173,0.3016008440823081,46.477726395457644,56.15196686417001,13,31608.84534145959,55.18144451943612,0.23059583725407287,0
97.40312811701935,0.39065298125183784,27.338667930021987,89.50738783181842,80,221648.53652293643,28.66522619360853,0.5066780071577216,0
111.61083053962335,0.3766086430449382,21.98946910706035,112.97038694262307,115,215039.66673484063,94.47766489338343,0.435884734682404,1
95.11043412638342,0.3405391718504635,54.3290784191285,58.9231744574539,78,203511.30805956153,60.53272682926231,0.30434873843096166,0
80.02870090011355,0.08896541614923263,55.9349342845192,58.45478990971468,72,192351.31606806326,26.696631591492096,0.18975925893641893,0
84.72140872712035,0.46188544297761913,47.62342727199594,56.01633491505141,118,247346.04321251236,62.886146113280084,0.6216392303298883,1
107.32888743396204,0.23983564370616028,47.519821262446065,113.58959673214265,19,39442.67340717753,85.92477995139548,0.2562203843946887,0
67.1896175422553,0.1295930348372098,30.26558905877616,56.05286711961222,57,141741.58065970155,79.07864939863418,1.0,0
77.9155362347738,0.05658371617407211,40.61278493750965,123.7596526538302,32,52483.56872449037,74.06346788906178,0.3448603744054598,0
91.75040379337662,0.2350283220854465,57.70510722077511,76.87484705345885,99,257740.1863073001,34.76252582193244,0.7084394570044993,1
97.2014263174639,0.343705445297546,52.53345672666074,74.65716193568576,87,136096.72215904313,71.04159552912307,0.9265878374023765,0
101.99244914874379,0.3693039629418142,31.566985396975873,56.87238140727869,21,37503.59448530602,78.64088646085823,0.23652336386281336,0
77.5013737797848,0.5298779321545186,31.439742896519835,93.92309094788126,82,204689.68214068818,65.06933447758476,0.40512498088526805,1
68.02225237050327,0.09269996517842902,38.375937063626246,93.94116592645938,112,184518.37607144992,87.4924303164246,0.32908918806219345,0
112.51615653221079,0.5423177792066781,35.37474931437581,87.0354370467607,14,41408.68392101259,44.38928472494198,0.38559716851728565,0
64.20157194226218,0.3635249755090031,34.10381575864664,73.32651104119128,80,224207.54513542808,41.95012898174754,0.4995689989317449,0
65.2692945682787,0.2552836911618888,43.82493253463193,77.6435667549066,24,58546.88396664252,85.86988214598523,0.4071571780123892,0
87.22183980460828,0.4896248819580061,20.436713846074426,74.03775452553035,49,133700.7229916972,68.77787700940166,0.9702809592966556,0
105.05990654789791,0.38501906065483216,49.00690616926452,81.96098062103763,116,328438.9284545848,25.101305436469953,0.1820947552190851,0
102.59772584954297,0.19830729602278824,48.122013873679826,75.63410791109195,32,60454.83117944728,49.719198595773676,0.4369918149591908,0
111.57345964067505,0.4874062761512893,51.552375862598645,100.66379898989375,75,208058.80364429846,85.04991900702721,0.3303006844776985,1
67.78814165871437,0.3699723466825488,51.97512558565891,72.18398542604523,109,195348.78362474788,26.91236581492203,0.28678326675123594,1
80.66499913843398,0.38737217212887853,41.5231884008978,76.31286736208406,11,23320.147358455455,25.227354978305623,0.21327337988863507,0
75.51781707969405,0.49405053956645417,49.64280955368504,82.6594913591861,60,140243.36681237395,44.68815033675909,0.8990459970597785,0
107.34785679550696,0.25214475230328987,38.71101476825973,50.29713757031752,68,174816.8782335513,88.98000259064945,0.15904329595385824,0
86.85950411546602,0.3647282172182686,56.158133783895416,86.9061930665669,61,94257.93057161132,88.10343070290115,0.549675721530636,1
61.47663639286165,0.4121320716844014,27.24654413192252,69.1864852394701,90,174218.7707250555,61.313336206105554,0.2617468862258518,0
98.93804237611181,0.25512763139062206,54.79344949880817,54.211284051838845,110,265405.65120471444,63.72658097977358,0.8325224115222747,0
81.37839538046315,0.05506414249840846,29.824153728173478,118.32659740735961,5,10180.26509361839,48.24056079220322,0.07727341226509335,0
89.21307198540568,0.4265774753109548,23.903488200100377,74.1814050415199,36,95851.35300399264,42.06156634194669,0.664384663630734,0
109.1583084855499,0.035820830481415385,36.68596900146476,81.95639477545282,97,240315.38944742922,82.06552979484827,0.6218975016633632,0
74.12057760480464,0.39767377693027867,43.366855211810254,112.05073687536813,64,118502.53955747864,32.4406402349749,0.8592325180347302,0
73.21455715866975,0.5018726126032587,28.777615181598186,62.50917280652899,78,134073.69061230298,59.1148059615045,0.8678846019634512,0
74.47558772990492,0.19736325911981,41.120257163483316,113.77316071860058,32,78194.25569217841,69.40780816479591,0.5579084189442677,0
78.59593951928365,0.06511336397442649,50.69994756351118,68.12284610580333,71,154474.7704005567,32.25762032597204,0.08370262761298677,0
65.90446860553548,0.1357465544870542,29.769228700541465,94.17784187114879,74,129754.23156224636,61.372496683064234,0.9257945089387987,0
98.34708134447241,0.31363204462771194,42.05224534473972,101.42587851246337,66,131311.04632651937,65.42649015387101,0.7624384313185443,0
71.40692948060251,0.5190362612772866,32.89387865533705,117.87604594008316,10,19545.7012247788,76.97472423551554,0.10034095091860144,1
110.93801609988222,0.2866326741385031,40.13120176615825,95.5728496013099,99,164557.5978923972,41.4385234403273,0.04609212155088613,0
71.86274726504288,0.07087813562621599,45.34292274384884,83.99238509375002,21,48727.63410685468,45.53292523035308,0.33233030832423216,1
74.06031161198263,0.3490029138068225,33.31605772901151,92.92020142563331,40,105818.91803475324,64.86648026431234,0.6046579425893079,0
76.3361125845949,0.4057362658654884,57.79034953318109,65.15618470551529,42,99254.41399773819,93.818848698713,0.5594149487709743,1
102.26959533562788,0.22237318179610713,41.42345754032635,101.6805750612388,72,197239.46741323403,40.22452279740801,0.4234345323487066,0
83.51835680931164,0.39961759474652386,51.32953924553167,64.01605340379164,46,77802.22975786476,94.01326789864248,0.5495660011322654,0
105.06340432168402,0.18540432017516248,47.55513847061006,91.79357090586927,82,176580.25851213356,75.00397731381369,0.1832521855741644,0
103.16695417956836,0.43610868186206325,52.40660192071201,98.57027460203668,73,176230.95385056184,82.82574487410162,0.1930566580623614,0
111.12197325221067,0.19417896616783725,26.60443627246558,117.3937385305816,118,296652.27628671756,31.274888776543747,0.9849988880989093,1
101.613228530723,0.14829782946433803,28.457040969651498,83.76423694832108,41,104290.85784504077,46.029413120144255,0.7451399184611813,0
62.855114331798454,0.48475795918145054,38.52162475983103,108.14999199419094,94,243784.12522080124,29.041539575568674,0.5936052918688094,0
106.05047005344821,0.306175647434714,52.388489706446805,62.56478662282074,4,9908.5788731761,51.00828965022227,0.07538793379151913,0
111.59399281879762,0.16398439592050978,27.509050092852632,61.714735905036875,99,162492.87120771885,93.69027619440364,0.0946568714483449,0
114.6529055902318,0.5149469204094164,56.900501620077335,89.35985102899477,14,35601.41922964823,32.369114354443695,0.18499989694140465,1
66.88971767728559,0.3830596347516666,24.848887715975373,94.72555738325772,14,36220.435792262135,64.36609476598396,0.30531872490156686,0
93.7300298129594,0.1291782158140063,26.652961916859304,97.42557805496811,53,158481.65477952335,25.424943596966862,0.034260528201751794,0
70.97022662362876,0.34190687148010157,26.354883767910867,105.92555315178338,112,284484.88936578913,74.88779712308438,0.9474370125957058,0
74.43803025019294,0.4799937688960733,42.26822621531554,72.11986158209075,101,255554.80495635964,38.80348846604287,0.7094443360276382,0
101.00713860225719,0.38592269697163106,54.866561100672165,96.69557913893416,84,190866.4745629285,34.0709175987334,0.3541224053733095,0
113.77172447344832,0.14216994141047046,29.694232712324656,64.1104340604742,29,81254.64652345245,48.591246851255136,0.48962868906360674,1
92.71705258046626,0.360378097495038,41.015400431425334,66.42482817909217,23,68890.79928765996,78.9731008557287,0.40503405517554386,0
106.7821458402236,0.3443460612689085,26.679355381803507,55.048166628041095,111,296210.97088787245,32.46291604178476,0.9294550263689342,1
60.48860921058554,0.4532555783324919,43.98320205589634,106.02504396040477,85,205593.79817687056,41.088729705908676,0.37729009870485575,0
62.01474019172906,0.1061916023782179,24.683360774821445,88.0244727789188,31,50171.39945231792,25.592509513211667,0.4115494161376964,0
92.81983855292249,0.38780272018073436,38.66980916548252,67.86392791996715,96,248650.43496906635,92.78904038869327,0.7373242473687049,0
81.39407058802415,0.024780173752199094,44.896908919720964,91.71782942752178,105,269098.4470516572,66.45019199922046,0.678491216989126,1
108.93667982352346,0.3859346623433145,42.006860836709386,76.56801489753407,71,189098.00774170447,75.39297454692897,0.2731387430058233,0
76.60900521971536,0.5286361441268208,25.320018342628217,112.79074327169513,77,129886.14736014101,70.59682198092102,0.7052599685418556,1
83.7628065127226,0.10416966377479343,26.132188117563516,89.6110910596523,61,151316.5237615421,35.105519120877204,0.04852841476619907,0
89.03500588073625,0.17810187732226482,45.51285818334955,52.23580421403696,23,44702.474720832775,66.64579572957959,0.3539249688836455,0
75.01713580874362,0.32475064889541766,50.738553251411496,123.88214647548043,8,21123.254920834006,34.199091659888346,0.13880948573761742,0
109.96721770993119,0.4054933247629181,54.506827296124456,55.57239036769507,76,141402.63075958716,53.086551777418954,0.9468832839386521,1
85.54934715619534,0.19596055081844857,50.91723758315244,102.19686416750524,100,252596.8015230616,64.82741951477051,0.6876606214674226,0
83.32855850154593,0.3686998476556743,57.0091073977134,82.79418794019578,16,31079.830727615514,64.12167798715092,0.16797677558037444,0
106.7364176913883,0.49561054796961984,35.513568558275146,68.69883548900722,26,39350.777419879814,33.335139818791866,0.2839238053986061,1
77.15881209063441,0.4023417451011015,32.584298660437305,100.73436758471773,29,71051.06917082965,27.410517875256552,0.4621033943895348,0
104.96059394810285,0.39395226750521184,21.07099398911444,59.44230152787402,93,155301.03710066967,80.87640197116697,0.08185483280227865,0
66.72500689967423,0.2162641555449726,37.09604252754755,114.36850238423688,6,14933.623255093928,75.81457058972038,0.09387614164133136,0
70.05336933506948,0.5021718267726285,44.75211899170284,68.79589894348491,37,106871.32438381003,30.727323319531664,0.6694243405676539,1
112.29629163944541,0.159754388658982,50.98552837025407,77.10902437879754,33,97477.67374344896,33.91908631610874,0.5730579247463843,0
106.33461199442394,0.12085139257463837,30.163304545426072,97.44827272281472,95,176119.0399441848,87.48086434727342,0.08092369170844643,1
81.33443958010234,0.2066809242123121,39.516468502033035,50.0771986674025,46,124838.47270789518,78.83902311352459,0.897881951917023,0
95.11510467943663,0.3610843591987868,45.15636345533377,85.45614607916502,61,123850.12483382829,94.73122073516718,0.8027780312492376,0
111.86336041870257,0.4753061125450337,40.96090890739557,117.06866911262536,41,116878.10997400091,42.77912144435152,0.7961161093307552,1
71.65223965752463,0.08132254246755122,30.412787261291495,101.03117309552272,18,48262.2183529931,59.14620922081704,0.41090961694051326,0
63.245575862265035,0.44945317572048804,50.25873265521237,79.09252737039759,102,164310.02264680184,41.552170324364894,0.06725993441378425,0
89.56074354779179,0.4489246331212574,26.58771847393348,99.5318321108264,111,234288.3094805667,68.59600969341169,0.5305481889847203,1
67.84282832649762,0.3269364525586465,54.389233683881834,120.24270686775047,95,190567.79020637856,33.078996736392256,0.2638438470914243,1
70.30255009912564,0.42074988737213387,56.19867646408283,64.08539876269874,16,42844.344497358645,33.90702209201232,0.2871005983367239,1
109.03465543523687,0.10821557700185719,33.89178395885996,89.88560066290005,104,220004.57086189283,30.032152398358583,0.5610747065920779,1
60.40719022546902,0.10157644044318524,34.29490803846617,67.60531859098215,51,128871.0124204609,73.55102575849169,0.9374311125077783,0
104.92510145551277,0.47591201842951264,48.24457383885338,114.06684793780283,37,88935.15668526944,59.58508042032447,0.6239448153638003,1
88.43229269845841,0.2790001561066662,37.33896674497603,104.07876887011724,14,41488.41310105031,68.2411851448241,0.34906010912351215,0
90.76119132049152,0.14280609569653852,21.08718545677094,110.08069401871204,103,299387.7758258495,86.55107326125513,0.9870075548772707,0
96.94723782509993,0.3819143931074148,54.955315651659156,120.72588893698746,68,145625.35050334933,76.82299393287511,0.9857938983817528,0
83.72947457694058,0.49161259014447933,36.36851299469899,67.42315822866362,30,77561.01952385172,57.320604271668365,0.5019977812654101,0
66.35865385058281,0.3514542288098949,27.732813820531828,53.653937863681094,60,164651.40845830995,93.90491918759585,0.03315763725975092,0
65.6551123092653,0.1975663231876093,41.11523477965387,71.81777901266948,53,150961.41743204053,56.93792707993813,0.06660318663661666,0
101.48992095511684,0.2709483932582279,28.318434178470028,79.93544814712027,97,155413.5353794784,32.87154712634732,0.0626751725626822,0
72.15693287970068,0.4162255089104834,27.828835987901098,96.88698550046499,36,70312.25516076882,94.48583230769012,0.469652041409642,0
61.54559259897043,0.046450663591089264,40.737790440844044,109.82784218567828,30,59410.351843583485,26.59745110103931,0.3959456198249478,0
113.87876390044175,0.12726883861647884,34.85960710319983,76.23524660351622,64,137706.81131710834,63.49184916414265,0.8427346652353969,1
113.92153356483813,0.2597949207907015,41.77374457362245,85.51227400526967,14,24554.559765023798,46.636684208979645,0.1148232984425229,1
80.79777355390789,0.33629012061243335,57.87936659882713,108.9100449489644,23,51619.102858275284,60.24865057118894,0.36093501089420316,0
61.40381145064123,0.19314941916285522,52.6426898660892,66.89965447465815,48,119751.43156548883,64.10990668161651,0.7718872437395337,0
99.99955622260123,0.1711310978097356,20.29149037301197,66.28489459538238,28,62889.28464910215,41.80671273949413,0.4083762455998065,0
105.7056633267118,0.0323474656778495,21.92111696242081,94.19247423725253,7,17490.827499574963,63.98011290160833,0.111372713424878,0
66.87575295636954,0.027604956907781673,43.18301872498729,82.70426228884003,42,67185.82280452772,77.92427784038763,0.4137820469126626,0
67.45022382000799,0.16049522132352584,43.79773108302732,121.16726022765764,10,28139.809975611155,43.65568860707988,0.1392028171695385,0
105.22231998332349,0.29647329404835326,53.37125207488775,76.77729072384335,68,197785.05759430898,51.8398293319735,0.2379491690824579,0
110.70490637933791,0.3104406080805222,43.904172631829375,106.96667026301247,44,106781.88999183082,43.77698852148406,0.7045533526616284,1
103.49151601707823,0.2767748461481092,28.653152463598207,93.73195575980267,102,287852.82279144524,82.43918116917418,0.9499492459901491,1
71.04097220432412,0.23133556936153052,37.80361665273873,54.09320689622572,13,22063.19732464014,75.74875814467177,0.06490627505327008,0
82.63366706888215,0.14623745820111322,50.74144522550516,56.32891610070863,85,229174.73730972953,85.98375060528852,0.5266291908098722,0
93.04633342262528,0.2263749930601024,55.06734865473812,65.23673661424927,33,55397.8355768934,36.90349250311615,0.383376066480534,0
68.81614106014558,0.08493038130817729,29.002774520734945,60.73644671367695,104,219649.5961136157,30.150574671182607,0.4148516205709807,0
71.58313709478796,0.07223998367405987,40.50497993050638,74.7028617233332,92,182686.95776904194,33.35684527010714,0.28902014237101736,0
75.55873396377052,0.17196935867944738,26.039246906475302,93.42416869990177,87,206919.7331912693,36.27128329769655,0.360179119489875,0
88.023229865996,0.5474883500706986,38.88598855924763,95.17719072555397,32,62472.69769149761,62.31578624723617,0.4114216668538252,0
88.09426879476511,0.18630835165885518,23.42433658848104,94.08258388720549,48,117886.58133603356,92.96384492539354,0.7778470672103248,0
104.7861985641154,0.5156864507917568,55.78566665811802,58.820647597486555,5,10255.404668639683,50.006479163174745,0.0,0
101.4155610378194,0.22182155871455478,44.24614541473939,95.01690581453721,61,170262.3198642875,92.09557885521436,0.18551973601278554,0
110.25546213104681,0.2470653952477891,52.46023618511973,80.73101651430387,90,220574.31842964757,27.67405564924258,0.42271951777668854,1
105.8095947553528,0.440413956929204,57.93521661891244,117.72894989395452,103,187763.58693616342,89.88105419702609,0.2399312204708027,1
73.963265156811,0.06056469682162662,26.941307798804374,118.39881470807708,90,180377.47197379175,37.68068251134798,0.23239952988917809,1
78.22132231171999,0.10844919474056533,46.37744976846665,107.61303700128795,3,8313.393994319951,88.87324900035442,0.12846779793602636,0
87.52327839978936,0.535873743086616,53.705479153260605,102.73303633244181,24,49913.270999548506,28.935920108082282,0.27875852590214806,1
60.784912401000454,0.2831953635787751,41.88565036164802,58.62145379881048,117,269532.73600677075,91.37536132465229,0.7745607274320836,0
109.71461034560468,0.03392722839266036,44.30846237792932,56.35206586900229,98,242394.4645849929,39.055878502320255,0.6850840287336438,0
62.438931690928655,0.03558559585026728,35.49150140165122,113.06252681855644,34,68738.29212888176,46.18998420512125,0.4814409748229841,0
77.734269894915,0.49990996923979214,45.64091168122753,82.02618623430914,84,163041.3074755166,59.36596408720707,0.12050061778935788,0
91.30461351580237,0.48161714836170755,35.031960758452705,83.85217064007095,119,263333.0001155331,51.65046168648326,0.7029967473147457,1
88.48127637337763,0.25753551775035405,38.11154624975504,113.58448175097728,94,171298.21706508327,71.7269578484205,0.12302763727089396,0
95.99529410542311,0.09813992641008333,23.910646219667345,96.60732192955912,42,80905.266975901,93.23654370750542,0.5309766748869852,0
89.0136096411815,0.45835368743573907,20.2967192068545,63.45554306765793,20,31862.354520961086,67.44985435634585,0.16952095893925853,1
72.5950784136669,0.18528405793101127,22.09574271727998,65.82599217405203,41,80194.17197221683,75.50397866055845,0.4508993318644169,0
71.05930032866296,0.2362915352780715,27.315822355628864,50.478287677612606,82,162446.60348371902,31.160367521399106,0.05745242861994709,0
109.89858879915242,0.37853724468663175,37.35094514461248,103.30025704561736,102,300160.4744425719,68.94687003490037,0.0687842395963678,1
74.51817052045759,0.20083511084013342,20.797774692355247,86.42087438708639,20,47691.8647639764,56.76948439324892,0.3209044383712008,0
75.45374786337324,0.34948176041707824,25.925592287860834,121.24729346277738,6,16086.44182874225,87.00476505437399,0.17595749120361714,0
82.71240928551896,0.4880526636389956,49.69489494760867,103.55096009362009,57,89379.75511271757,52.17477697501714,0.6048160797962597,0
67.66910799324857,0.44058156513821783,48.96232921395779,57.736449557492506,42,69711.81169732743,72.56179008349434,0.4265100248361181,1
87.90000644327822,0.21606997988826665,50.009751083668995,62.11560949544521,25,68045.13603234722,40.97076097813554,0.5175151908772342,1
96.57674689361723,0.1654857395400168,55.01855584147741,87.62934850874944,41,99848.2972891846,43.15607734669372,0.6762716222946257,0
103.23002706425518,0.16417564231936188,24.52469802791173,119.36556264970494,41,73245.39487822248,51.32857016455915,0.5363945741428531,1
99.12998330253261,0.19823922120335485,26.199315296659552,68.54383174128361,3,6321.579326377821,46.28444762545519,0.0,0
68.11997802441451,0.27649917283137704,32.67503735484995,111.91851514343294,108,249264.9449970229,42.77151875730524,0.7137041144608778,1
85.08369297340082,0.2349626395747293,54.77536556127457,73.42043151017563,43,118912.83397936498,28.47680941305665,0.8461966903063097,1
62.122241044449815,0.08182217133333525,49.468154234225906,70.24228921668336,46,73168.4274269201,83.57224322267213,0.5022778733972941,0
60.97888981965221,0.09826616350031049,32.31660834862815,117.60445619978718,57,136519.7557409095,29.501107162389903,0.8697856006489074,1
84.20717300505903,0.19518198907501905,23.330161075743927,53.543119405448955,83,213770.97223754213,87.11558609220774,0.42283937348131684,0
73.9128271951696,0.313514614031783,43.4224409936557,99.55557790503829,74,219545.99622806098,33.78257723476422,0.4942045322156521,0
97.58484371803495,0.3300385330720872,29.75912830061479,53.237563571091734,51,138247.74598935212,29.56832159438613,0.9333801409258408,0
99.83324327473768,0.27255181504418025,40.183797506805014,110.05728399286687,5,9571.70485173955,64.4103334786488,0.09386550258365188,0
109.24720485070407,0.4089389758520579,55.788527664837126,112.20532662166299,86,220535.7160102962,60.17092548023052,0.5208504021179531,1
101.83753824464713,0.40811434592863777,41.759455321944706,117.00174309947381,73,193078.928399504,59.38641981823196,0.25477052332809713,1
62.653426772509796,0.24091883471118986,55.105708584087836,63.95675461955453,97,251676.51523812648,65.21530292509784,0.6200896538728361,1
80.43926556967722,0.0771980378109099,34.935473867805264,59.33736169448004,15,40953.241528917075,45.0939624283409,0.2711446701241684,0
75.01628434636672,0.29629437567424655,44.06735081697329,87.76512849186003,88,251292.35686020015,71.40644914007278,0.6587952211245075,0
81.23728474049386,0.21599329455666963,53.96781900998464,70.3724466170042,94,154878.61152749698,60.16815537950283,0.07181639750778744,0
68.80416124327859,0.0844784144723998,42.34351784114726,95.47231041852989,100,165714.57865216784,48.43204268701277,0.05103893819817855,1
65.37372570298264,0.5401812933810132,43.36614972702996,88.5310467928068,39,105089.39934308278,82.85504668865097,0.7516150893294359,0
88.65414983796204,0.2096679102112552,47.21970331908653,60.86390826690701,70,131499.11003475444,75.9404767428697,0.9443413390423679,0
99.62097209765169,0.3479308333954647,53.520094773153616,105.44528703888284,79,125437.15850108424,52.552723936123535,0.8362629715536761,1
98.60509960625686,0.2746695851217622,23.350842327152414,110.28382838944478,38,79870.06331589453,84.3332449660211,0.5355038950516954,0
84.80193771969249,0.0871272707770537,32.800656522691305,122.22822667956609,39,106462.79934182558,89.4180775078242,0.6713746705506628,0
88.72534424589203,0.039993556621188114,35.112019591062946,79.66541572708546,52,87872.07185749047,62.58063869590537,0.5586807674345665,0
88.39807973797528,0.3479154841442578,54.568967284788755,75.33012016111657,86,215667.6143627763,40.04667151098445,0.4173672617195578,0
98.03637077724309,0.14339180998785822,56.32830113161565,64.41969920149538,3,4516.271377972054,89.10545095828908,0.10225547924504358,0
62.63588467758132,0.14157315979140614,24.574457657274742,63.5648791406899,117,194758.92198578495,38.263573406686206,0.2947992739480276,0
99.04428598791732,0.5267671424435678,24.52609183197367,74.0789964034989,29,58761.99004092917,28.38962584920884,0.32563795244086075,1
92.02104954165081,0.25935758432809736,55.52474818158977,123.63625267657011,93,151162.51820290575,47.92409062111916,0.0205178384583051,1
70.89597930693658,0.025890075910372193,31.23933225253852,56.91940060431172,31,85834.42753582576,75.88764411227278,0.6135440231366188,0
62.698236956044546,0.19351506618089567,29.188947923411803,69.45246515581127,109,304775.52726428414,89.62918604474847,0.03056627996248119,0
65.96902848068386,0.32562543281620243,21.353668898655748,56.44837976562812,66,173801.49960685289,69.6099952770108,0.2321373360320353,0
88.85802377805983,0.18742640599924523,30.47264552128466,70.52235445518032,99,184508.22526224918,91.6286982876662,0.26893026844495604,0
101.71246915502056,0.02450005517843685,46.35400423458755,56.930107439802875,45,102819.17757869864,31.46595874931276,0.6330047473635982,0
78.40615079184757,0.24992808335203712,36.18937418410334,88.12316500670211,73,129668.64354480917,29.252761071161405,0.836885983012241,0
80.85181508878719,0.06718942153438004,39.64107336276689,82.87667401402372,22,42282.188852412655,67.29343655205648,0.2931925730873148,0
111.37805282753618,0.34434641331786037,54.857232671365644,63.053774778992235,83,188742.65887563702,92.62814257449284,0.17497493060291647,1
71.71571962179168,0.34457703412025154,24.358211741510026,63.11059203313896,114,296687.36124679644,60.19049162683068,0.9947335785188405,0
65.70621835164434,0.030389935383136387,22.70714717921876,96.95818052895446,101,165840.13862963632,28.60606581575136,0.017521802834843073,0
78.88755625900099,0.16695978126366373,52.37336846670798,79.03410042429074,10,19450.450464421294,40.48530592542193,0.18084134254103412,0
101.02571657207505,0.2333905824190621,49.44452030236685,54.21462025499427,110,317892.5225143672,42.13550344910395,0.1646471676687002,0
94.43425100808726,0.3071426128439561,30.021899103911235,119.01444498253011,21,45017.38451012948,48.6499990395865,0.3253549647799501,0
82.8687491653263,0.16987425204242537,32.32089680221515,80.37143643573502,17,49441.17668468752,28.052236851034884,0.2958139263469679,0
113.06138930575068,0.16538311677775502,31.79055775947509,94.32856661425161,67,200135.75442598964,88.34248903485414,0.342748504070608,0
100.42480410620153,0.5408281843751401,44.61673432483263,116.40589624387802,7,16029.928174169867,61.089476130504664,0.08119731345206666,0
63.40237834108116,0.03260590968928595,22.326037265581217,80.16192479552359,105,202866.93154111397,71.96515550678764,0.3009054464015897,0
100.95472941197266,0.544084523609222,38.59726024002162,111.54950295584369,101,271302.6864987457,29.702098582650628,0.791747426069734,0
61.32212057482221,0.03578604818233413,25.087172826284316,118.60641684522125,36,62602.77971835081,28.78808274625546,0.45226514161361014,1
95.7677827714573,0.16570437100913038,51.1500645551974,63.055053774752764,67,125830.70939704309,66.05274404283831,0.8410621056218753,0
71.57655599609623,0.27659306168344905,34.465194163778676,116.93693450024817,77,206153.6295471671,87.11072073529456,0.44689302652116847,1
98.30432149706567,0.08738110522773561,40.04774334233945,58.98743350297836,105,225799.2331452947,61.99374006716829,0.5436172479426451,0
77.03787616562879,0.08281703576011087,21.114069133593866,70.63455570344998,30,54069.207164445004,86.447342079905,0.393395921791581,0
108.01534693755607,0.14840886516091076,22.214043914559987,110.61585857376774,87,215471.90971627834,81.76938911386675,0.356033070636242,0
78.53026101253033,0.5356938791297275,45.65208356787171,117.55134112157087,71,184539.13823714922,30.30976500564445,0.21600299507323084,0
94.08327204723633,0.21526310379226465,49.137280715370615,101.31040912797928,94,158635.04476253022,39.13702320699829,0.004348344561824889,0
75.72601578096936,0.3156372126653636,46.98135221488365,57.861938714186955,29,55548.64130890964,71.03974684087397,0.36117413141153576,0
110.4471849828198,0.3903173572860891,48.006708185398686,89.22442076785644,72,131897.88958020118,56.04509677850291,0.84465545767185,0
102.95477895654948,0.41079979118307364,23.9755543208745,92.94755817873286,74,153163.86379263218,45.34898695528444,0.0022121776313176883,0
73.38165819895318,0.3815421218264916,46.351131961706564,71.13947975004932,33,87290.52233101519,54.304369923358536,0.6349949521587938,0
112.18381919072628,0.19194122432353142,26.90640814218556,124.34718551752984,59,151663.16705127768,56.1639752389444,0.034850276792142906,1
79.64366742669256,0.07033302677227374,23.724586411317844,75.17209676445479,20,49875.717311511115,88.73865755751176,0.3828605035258225,0
95.85257212169532,0.16212689667993388,48.772111557283964,65.76910769706944,93,140376.8336486685,32.24207985934671,0.8558114022069906,0
100.8569277112918,0.12355942245553359,53.79743244985946,58.260202148903666,29,49683.234132046935,44.581152276533054,0.3341202957110961,1
61.25961888057018,0.08358974462943106,47.23497648139603,78.38759456548534,53,97252.15515361431,62.62953716078997,0.6966829500939254,0
112.74320403864854,0.0232282351458741,50.611791206960625,101.94640187345401,85,162174.37036995334,73.88008486414142,0.15647726487737995,0
78.94427183480506,0.5152919584915436,57.6613498946214,67.35628199693625,1,1719.63981247335,69.14461022714706,0.0,1
70.43783913871734,0.5073585687344827,25.12072463345401,107.71581630976958,115,243279.43262924597,90.91499164161762,0.6042887023869147,0
106.78892854506739,0.037225183040291404,56.67579699245547,60.15509507912953,34,54834.20983571532,80.69262473736312,0.41727273260500697,0
98.6594605552878,0.10346566932301697,42.845516608623896,83.03509482339281,44,115501.46456559352,63.99537893821012,0.7603958481300512,0
64.77087999428439,0.08533025458990857,50.90361997911078,102.67803050795307,119,319108.1605323547,40.02778841714552,0.08186685317387885,0
66.43745197572233,0.1618603845876194,44.70642890033146,60.14820520157283,96,226694.4033025293,56.561196198156786,0.4337960630920617,0
99.33555288595069,0.12019719005852021,41.66143597384327,94.8381657496233,109,178166.74739636175,73.53675709361342,0.1403432392425868,1
64.11307907774962,0.5207609101948417,46.73752177282414,109.92143843126792,14,39691.746560481915,83.65735223852595,0.18016656030835965,0
110.44464893182358,0.05545203574251008,32.16982925149335,94.6661672216905,37,109092.78849330035,92.18153570956711,0.7302082794637037,0
100.78470753211982,0.12430224658243176,55.12231789269268,88.35979432456381,35,63124.08691689394,67.38169362965424,0.4656427554015593,0
78.45207132818439,0.0535905844747738,24.381117738119592,112.87246649021304,59,150860.6240205037,61.88435571131027,0.0,0
79.9616328573936,0.5394080882679957,32.08518499528556,123.90652625009125,24,66309.79070312949,26.238434618480383,0.4549517584147492,0
87.85728529122558,0.5059432949123828,21.184169421619124,63.598471426638106,113,261003.47707098804,30.046934840512595,0.7822867319455469,1
79.8533177506697,0.39698105847332193,30.310275810551484,101.85097559956529,65,129024.00220385802,35.92734983461802,0.8600245983499694,0
103.09077032910737,0.2400254373987532,28.292096931373365,56.049316575465255,110,243962.1879882582,28.833195183273965,0.5458798718425256,0
113.61053192558886,0.11269619318295598,21.885972705787985,53.21307679804604,6,13610.41875706007,53.06042671634485,0.11004670278019228,1
92.14868334910062,0.1296044515108769,38.68741442624764,71.06142276732575,113,237407.9789898707,48.58149815972105,0.5799875126942478,0
84.53205302171409,0.2492416046202462,37.808169590513174,122.81898413951598,68,196843.93435063804,69.6147910507875,0.30446766324087754,1
72.25257771475195,0.4248402425217001,22.95432686814942,91.41467385267032,38,99401.33732372262,62.49655755533819,0.6353337198701275,0
95.93883805862902,0.15295392783943781,29.95032019351974,70.12035079665584,1,1861.952463382446,66.71795315715018,0.016752387736251702,0
97.70672739984684,0.17782763276870922,56.22624209772153,59.94395723037191,41,97511.7670201719,58.038404205635786,0.675569342223494,1
97.68548338579001,0.33396991735841414,24.20799173139597,119.01375522600021,31,78524.04551829929,44.441600398798,0.6430260435054543,0
61.48417697276708,0.13837385563025695,31.59070865665979,77.17749364035805,36,61568.44677191503,91.69777204625339,0.41607291523212714,0
109.4517155363259,0.3254780554981139,21.362771141277026,73.00229527902486,73,148747.6187906263,31.048641183209728,1.0,0
78.59586098860471,0.21905068236703368,25.657713699703137,114.34725739992538,105,300123.85435261676,90.7223699625715,0.01871344985545578,0
100.9291169364885,0.028558831186727942,46.5770900837,95.3302123783153,54,126941.02111500133,46.78666328053143,0.8412970577176212,0
101.7893798905176,0.22745869456526052,33.93522702519167,62.647708373122036,109,198979.1314808618,60.88630117571082,0.3339549195913099,0
95.78052383467318,0.5065436509403383,37.17890968580658,81.61328986393788,87,146523.41615454917,32.61896259792823,0.9157359558790357,0
81.71765877293606,0.16828041473206873,25.965179014964935,119.6173301079281,31,70597.55054658181,29.96517478597065,0.48594335051481397,0
93.46113192490891,0.18432949029569326,45.921326569869464,117.59026809232658,29,67324.32895176776,55.0681814103022,0.34922560643738315,0
62.210928019183214,0.04560807955201492,48.557820727467636,55.258234454323315,113,226183.2495046068,76.91881634657747,0.4647550121362854,0
101.90426857033485,0.34212562222741894,26.88225788163611,70.14598945644667,85,207878.0436234376,43.85553442839843,0.3913457788129412,0
65.47737565805863,0.468590876721103,21.709751617557803,61.590454852186205,3,4809.081087987249,64.3643522254724,0.09175965424552386,0
81.8213009189781,0.2005783622702749,23.075763103742702,90.03587856937587,58,99627.15331415423,44.505523836597284,0.7357122419442813,0
65.69903332157317,0.13973260106079377,44.96773877371467,106.24874877727387,90,208746.96583652002,52.202914262512856,0.37981910992808676,0
106.0390945200502,0.5265704012484836,25.149402894803877,72.16574083669757,61,97156.13598676755,88.45124229316774,0.655493439221639,1
90.26663163897776,0.41233921187940376,38.76891569841575,106.84970580389913,6,16928.178884919907,84.90877378464437,0.16207264937856747,0
98.00253160930998,0.3162683220129629,25.800378175194464,100.1536679801876,20,34264.39111369551,61.12122803923409,0.16195459548165742,0
97.54201934134372,0.17498682982623742,26.465625831799112,104.61666570556376,111,278707.65903507534,41.66739392304551,0.8782884354996108,0
106.28834274121775,0.12923092970725647,20.165699126977707,121.11827849769898,61,127295.11491686992,38.5228738913116,0.807239456077509,0
67.2913171839824,0.39650178106025236,32.19132172261874,81.84588955900271,46,96585.35458041514,91.7861147125,0.6353111116355983,0
96.28504772226863,0.2917659612541659,23.412296110768693,75.69260184586093,13,34415.3458079173,39.19016175574813,0.2064844761947329,0
91.63237299220116,0.2911239010736098,34.97052846293616,101.28854060987658,105,236165.28613223397,81.57178176387774,0.5962031472339672,0
61.699341741422344,0.049803302083011654,42.71580376546819,110.56678561083427,23,59535.11349571338,50.82791466748761,0.42441594033854374,0
71.07825998525414,0.2865850174501872,33.96621402126844,64.35839687819538,79,178365.16060720317,93.99618932907669,0.2336550045845577,0
74.71643477580214,0.45428177676132664,46.79310197174274,113.5099700611071,110,262829.38133186847,50.77090182539515,0.7696058169690122,0
63.990600648604136,0.5212716100097099,48.17516718549561,54.33893682493186,31,81873.2301959394,49.60616374375083,0.5544042231380407,0
79.50958932443407,0.06760849464013698,46.47104271971085,50.479531405701465,4,9643.852457527651,69.62245402143361,0.15699353973878108,0
61.49613797935116,0.35082921377749826,55.59511526599693,61.88203620546346,75,181756.69980623873,92.30617646387735,0.13549337853173266,0
90.42509207417513,0.31690751543105333,29.01718252581574,123.40003902299244,118,316691.8676826842,93.3346724057503,0.19605961089102333,0
71.6325528318883,0.4907687451119966,27.19934521836911,89.26740332133323,66,192959.59476611795,74.50443025268896,0.27190620299736645,0
75.78517080300593,0.41567177629983065,43.16903659119095,53.4925558635582,16,33041.18769444808,77.82244559454476,0.24881916394806913,0
110.07593943942062,0.5312414093492691,42.60532635849897,124.78817630372846,115,272052.7096214766,64.43815231811193,0.797401746780164,1
87.6549267017939,0.528417570294278,39.383736679642666,105.86834411202669,31,50511.70183460987,77.90430173926323,0.3016175974198178,1
74.79576621844288,0.13186995040641925,20.16542127678205,112.85038069634122,48,97833.87940095842,85.18457584793477,0.6764547223127676,0
92.91539670364364,0.40168947082622797,41.09905273642794,65.97053948600626,103,218161.6053999101,59.026671223651626,0.5065171180967895,0
71.09192891771225,0.296482469337043,55.446326161173204,57.90870756772682,43,118372.8069351513,68.39035839810721,0.8128024439827123,1
64.09176271703016,0.12588507741626495,32.71395218628879,88.63137070382258,108,245169.56914435964,62.61216866631334,0.6073580049615869,0
61.14984949201477,0.1152293043973964,56.76876934616952,107.91317632116818,4,10386.398239790748,64.3729429470074,0.2498101580727218,1
112.3340974956941,0.053785544283794715,33.55675380951238,97.83354892388732,62,94767.68820238744,87.30335369117586,0.6917132715592288,0
99.85359532787139,0.4395944492660921,25.314471095677078,97.32944986386283,48,105443.47221323871,49.89317811438992,0.749623596631954,0
103.99714815608102,0.18523258153480515,35.13932976723126,106.78220627662398,28,79855.34193687054,39.572881792043695,0.5147207347086934,0
113.95047504983576,0.47276317107764193,38.79522989109468,67.0265619165134,16,29383.533823338843,56.93960771915404,0.16463193607447366,1
111.23957868773917,0.3384902976525359,43.91964758671046,99.61394613582421,103,159370.17762994894,39.565963333688565,0.04847589707417937,0
100.53022592506338,0.37376201161276884,39.18537015684869,79.4083001851518,89,191360.0659507491,59.88802979634134,0.32980410022461815,0
98.16928884006256,0.1675038247895062,40.39530784143629,55.23151139902544,77,196861.87528479728,88.2455673749941,0.26288228504485717,0
78.52674983144571,0.25693891087366916,20.914547457589006,65.1606954682539,69,150536.97295809208,68.22034643377344,0.0,0
65.72094884873061,0.23265149216488742,29.637566427091596,109.55028044036693,30,65699.02410800695,84.88029973121544,0.46497087072143056,0
91.55474016021668,0.13727187851928466,31.806473001688538,117.19480235603427,65,162805.99152073616,36.633364373085826,0.10133309903701382,0
91.69393122987258,0.459556571004468,57.509364439495066,71.21163586462826,69,129829.24165729557,88.06115147760238,0.827012600820759,0
112.37305069786592,0.34592563313557545,31.231574062507278,64.27707035042616,118,310084.49312063,67.1251015084981,0.012669775216771949,0
84.34139436639401,0.03021326782465788,54.06999625532284,52.00433781838811,14,24215.384149020403,27.223185211833584,0.2333307439952243,0
97.99441933683376,0.4527551904644918,31.579975620560994,121.0773041440109,75,157021.94309467362,69.31832686995257,0.0646631752294689,1
91.6233845068197,0.06726038825543938,23.652192579610862,101.28911937764059,34,84456.41353201681,91.59778693826425,0.49486596369371044,0
69.72181260055771,0.227996074107582,29.409461164315886,121.77725787823702,56,153582.9966073366,30.541690033275344,0.0,0
92.56353692652041,0.3184787268804041,30.36747862674332,114.78868872279162,29,77931.6015956799,65.77192913287004,0.5014684120153424,0
89.7064190149551,0.014131672657057719,57.1734465677814,75.53499445178058,82,211767.32871484684,89.08350220088003,0.44842428178219396,0
87.16482966501455,0.36257037693918553,45.623077211555014,58.45122843166301,79,161052.92144906236,25.67866178340622,0.10343658309916298,0
88.23826135066611,0.3662395873625388,55.40387783359671,87.42925961451033,110,185180.21218846441,69.16390485260763,0.291118674773157,0
69.01933845773787,0.36236421125162926,51.72981084378323,52.01103483632533,25,45631.28316348715,58.243160428167386,0.22969106405020773,0
85.49127521768673,0.09827268657738966,41.986742645767706,61.243747110758726,94,262941.5678552844,49.28925230540274,0.7641361201908787,0
93.31092995018783,0.14809545645771668,45.6647411213314,67.50744717613127,109,303673.6790166898,68.92755429617633,0.09578671006066687,0
86.91970592770467,0.14358294254767973,43.743813360449195,99.92349471083564,66,193204.52440136258,28.689146621119185,0.35467024919955537,0
86.8777407319381,0.528436170917004,45.3179949952879,88.24081054655721,115,185608.04245198093,77.714413240118,0.25533244875050715,0
64.26347403861422,0.046465221101973736,30.0613992558365,72.68146670845984,40,92208.54511664736,25.313563384379535,0.7321245595436763,0
70.49257836091958,0.24153121415989215,35.508755099901606,92.35762993935049,91,225045.2356294279,46.48550206546466,0.5307658266836457,0
77.65349810265253,0.48047710914290487,42.51940084072956,59.39019866662755,118,302786.3557408336,60.277104637927486,0.07071303658095776,1
83.06408466592487,0.4255116370017667,21.36528167212257,106.67810951139595,113,278634.81833426794,51.39155753965862,0.8597878515005616,0
92.66655941222324,0.45411874731042046,38.34772625326435,103.40263540649632,15,39825.25627280134,46.52331546439078,0.22645294384312792,1
107.48398074876833,0.5350385354260598,52.66962346911842,66.23770067603971,32,65254.635661888395,83.15846018276673,0.391270444373652,1
68.75406059487597,0.219121378627522,38.70997364824254,95.479366683223,20,35382.98316406446,90.43828019903363,0.2449673151668174,0
60.82984166158822,0.17721384816544902,40.988288008908974,87.74769532229284,53,95764.37808595986,86.15988794341222,0.6278540868972221,0
84.70804219267536,0.02655612468110655,27.67239457957725,54.56122338873498,78,118401.50666800923,61.570191913499976,0.7009140942910541,0
83.76565935763955,0.09101045536652554,50.18504707144664,70.86154376271008,91,184318.93554249936,86.89149226354381,0.17750322437037522,0
90.35456701723449,0.31348791345323307,33.637374945426096,124.96120280178893,67,109720.27711343771,89.46030956270806,0.71554833538688,1
105.82719742543253,0.09513672132880364,56.35032703222269,57.4651745833112,49,97129.41892007903,53.64668779332234,0.6838934282640515,1
104.12983030403629,0.4076047086296918,57.76116271386401,87.98084802666206,67,163635.1127552079,44.84121016538118,0.09009705739328228,0
65.50238064365061,0.030105606654606248,54.80802061864203,113.70003159609328,77,218812.2154202777,31.878564406932423,0.4551448922768257,1
111.36974516721705,0.15012353254845623,23.225316303013468,72.5488904753873,89,245587.32770723396,58.536434473446036,0.587903220031394,0
66.07279170709445,0.38554468662978386,32.66095990884902,69.55314792453129,82,154078.92807078196,91.2407844306909,0.028351157808318022,0
94.90137796938299,0.14797152508909445,55.91523013389566,116.80947887677428,1,1701.1247132970705,64.26352696492597,0.07729588279427986,1
96.98234614775666,0.40353065068121063,50.57226520408863,72.86224602361798,39,69794.72801710879,71.729347125032,0.4730769424186531,0
97.39326179726984,0.547766492732579,54.624976393682324,98.8619983439594,61,180345.27864918002,32.90186729442933,0.12693617858710704,1
74.5943144421465,0.440425335942516,41.757021358361754,105.5234738248237,55,127831.64457405299,35.046376489957936,0.7896348241117933,0
78.16898004707456,0.19459114773094138,38.25510835112615,109.14633119803288,69,122388.9800805595,57.51312833717708,0.8453659777315543,0
90.17722813321683,0.4963196263392611,24.04686004616914,124.60697279802473,2,5522.238464060445,91.58853592886081,0.02559914933260532,1
70.97731226900541,0.0376370572608331,51.899918608277765,110.23940522824252,94,196721.96544807023,50.254924911407024,0.30775075814862596,0
61.117075730834316,0.40150368520154855,48.31537883997819,99.27591176656507,17,48430.16487535554,86.42388289222735,0.2922310570849657,0
90.91794499797166,0.022594059043844525,22.237310914585663,117.15976683192302,29,54839.45501730016,33.420201539799805,0.39076697739199673,0
85.5903214606604,0.10425996749276112,27.957754404620843,117.93084767292106,117,244510.41867014344,68.1912044853597,0.6150235721386887,0
96.1202163422904,0.5432963004308302,41.176547405970396,122.98748432447113,106,239286.69428362342,67.04290838373628,0.5859139674710593,1
68.0685316708513,0.2048778527469258,46.00729127845627,108.23489483573645,4,11355.69200453419,85.19123250491879,0.03314344378040495,0
106.25086920244183,0.453069664208689,25.231470041918246,64.61954979485982,73,204628.93876075363,25.232169308343106,0.41027748997882935,1
68.042181865329,0.2130868249312251,29.303343101568306,103.23545666779926,64,151138.08674917227,38.29521670383005,0.0,0
109.0238982684013,0.4636153634308205,27.33818804494253,55.634633123286385,85,155776.37749706357,40.37813378006372,0.06890319996974519,1
84.72366449276366,0.5313373624684581,28.359891801480604,73.84721959365451,43,90516.52467709294,91.49762616635161,0.5437639196455853,1
90.23928926549821,0.24518957144634995,54.987098695613135,58.685563273668755,76,225222.1694516676,35.75855593889265,0.5881752865967146,1
109.31197347801938,0.31204856359807087,47.20114377547266,121.2456955165655,12,28939.91802979324,27.587364515439226,0.2568014887909494,0
76.49521766623869,0.34946532458032664,48.01006525532553,75.40655841682715,50,133582.33163431476,62.41230463192656,0.7950589940791521,0
70.00048479326334,0.5148107931746272,50.171821813032736,103.49117348324373,68,147886.1989268648,61.999092370357715,0.9458111190925796,1
84.51633914506995,0.14864180721466128,33.54977562047428,92.84888268395954,61,140178.66570521277,84.0832875757505,0.958406157585246,0
73.44019756902387,0.34007466133021247,49.15301534716734,58.06335597928526,92,197195.6674880911,91.42017551244615,0.24865135044649045,0
89.03141513471743,0.18534892324049695,57.179708984271606,92.10083359106581,73,186469.8492877855,62.69818094980917,0.2365526244770704,1
75.1391825444374,0.12714391729850652,46.53898134575579,99.57676575686547,104,288829.4781663529,90.09959276937589,0.9468614437411925,0
107.54692445775014,0.05585698307253565,35.836618267116485,116.11379429852222,51,115313.3110566791,75.76114059098808,0.7595191114455532,0
93.40285257417493,0.3451838664174124,47.221671857017036,55.256423181435736,96,213244.9140436165,43.51913895969095,0.44857469546763157,0
60.01323683585962,0.486326158590647,54.23019860998903,72.17254888226304,77,154803.08694986484,89.98944976607484,0.0,1
104.30105540739036,0.19975215997603682,24.892938659686997,101.92557079344594,98,173033.2140612303,71.72102233273124,0.04134568329979582,0
78.16167851993802,0.3084410095442078,30.081197672219414,52.57487269038589,83,241436.34149795107,53.98671529198437,0.6586813755945935,0
77.61143912852265,0.3567522494588225,54.9332561824984,65.26650921331031,78,153981.3270855021,72.61694591618514,0.07533291325014041,1
81.0684546673957,0.23391109600941015,55.95685021689203,66.4002797303501,5,13505.18597680714,53.09189794206256,0.2152164052931309,0
94.66443904462443,0.4978078391976714,38.39728683048191,100.19948095801804,91,234144.8684057402,32.992863759157146,0.45060646347488564,1
84.31333907168226,0.20588778704863536,34.23293660932531,71.44705096065856,28,75218.53921168142,75.32851230238299,0.5389985335452169,0
94.57495506133364,0.07750584284851558,30.74570861291511,94.9696746695118,90,261463.69800523383,82.68613285195207,0.644657213130723,0
68.07293968996858,0.08777099334791776,38.9525585614568,122.40113350072305,10,24350.56140331346,76.01643393135714,0.2501617401058557,1
113.35904554882472,0.4910631118341649,55.51218376045996,109.49322365009255,88,250529.44532642988,41.03802674296736,0.6945896438609996,1
100.12834578961251,0.5435243431378983,25.692765842129308,74.96771034833796,81,141875.22473384367,91.96445094343291,0.8982383891751452,1
73.76139089481107,0.16602643930872715,35.953564264794366,85.42999766295232,52,126883.58092462944,26.767819318380916,0.8849016632276013,0
99.82934494411268,0.08754547185354418,54.64109856438458,65.05054265757522,80,212673.07354975352,48.28797081629484,0.39016823994584343,1
91.62640009439016,0.27039463214835313,33.26653226548157,51.179000772758734,17,32426.848833976437,43.20647041744269,0.23119979720407302,0
66.00539480219331,0.3931451543313629,49.18709346765441,71.72865485936437,65,169723.49562596658,28.368835933039566,0.1417880066502314,0
69.80080347334693,0.34069757037560494,34.791871877161874,77.70564584037037,21,56022.02011716146,53.40107850920679,0.46068854092177447,0
62.27194780568056,0.5235984183246108,50.58721377627558,92.32753796888565,54,148326.22443733204,68.61803881139421,1.0,0
104.50809394210746,0.4516000573446792,57.27808929837393,120.80499869477973,111,218595.0049472228,86.77870044395709,0.4274367643178101,1
90.34376139273792,0.47924496913456116,34.73723640186058,121.08890548038752,49,123598.08437737073,94.2782801334029,0.8768925100822734,1
77.42117567576166,0.3025002657784979,52.11374887381962,55.25737241444666,107,209332.6519872668,81.56627104830787,0.4132930210269603,0
66.94896961155101,0.18672860439898303,57.55983934393143,96.09842596483777,22,57388.33278744902,57.80763630989774,0.3119547818993145,0
86.62252317782085,0.38893744564871274,57.38554543442766,53.17644881658921,69,151417.77434258122,75.65930981769215,0.0,0
88.88937406948664,0.24708864157375338,36.483301098265706,98.60608061117776,64,153364.2599546131,84.05366520127485,0.13923570467740204,0
98.6071675539278,0.16538728990365528,38.4589225808677,58.827729670635996,36,76455.35899725072,57.571503749307695,0.5275951133702376,0
113.34654657459004,0.09222617026304067,31.529259342434077,120.98021187665753,21,36602.46219828947,79.95381038178499,0.29400539363113926,0
83.92200417240561,0.29505207226036373,31.93271302144987,114.82540119042271,56,98954.48048685055,58.78566928190137,0.6490943209606541,0
82.33188136269031,0.33089692628795614,38.71388366002494,51.67466229150375,73,117993.79534520373,52.05471936137059,0.7596282065653911,0
80.34615025245674,0.3171442686332545,27.61970642244373,108.65987933433922,91,220866.92078200684,61.826358644863284,0.473809363928436,0
105.48081499317736,0.07293611625411917,47.022685253887246,97.69228378779583,48,133101.96465262026,72.30983163390015,0.8740412282551575,0
68.59744717695808,0.31779315255092133,40.37972432066159,87.15268929757843,76,116375.39819387723,75.88174394230181,0.7011733414076016,0
78.90970969992992,0.10094361767477615,54.12657857258473,95.19758650643664,18,28788.466556385545,49.97153882244755,0.14175683750320203,1
99.8733942681465,0.3684056493437933,50.80213248480056,100.86875453473532,118,257971.6576376151,64.99241760892244,0.7552052766380456,0
60.863221443834554,0.24186735819938804,32.253902288153114,116.33431066703848,99,258051.52932097614,88.6909611856313,0.701308994351387,0
75.9159397983132,0.468345837379144,39.22057567467136,107.55182457820591,15,26048.422006018904,93.34190300774479,0.17494139080818805,0
95.27959395150904,0.43026350218864057,48.51956725027342,93.15333644974929,114,217452.37564291214,40.907366382876816,0.4614286568109416,0
70.22736539004426,0.4011663078189822,27.34160484417888,111.84617455587563,44,81312.40928459927,38.4981815999339,0.557735231004931,1
76.64908130183491,0.3883980336405233,21.200713733068167,124.01922173777001,94,197266.22183263276,72.3679943400054,0.3724370986166536,0
86.7324790965776,0.3126635413181751,52.38757199971479,72.5136515669971,45,82687.41069868606,54.02787200764107,0.49631461390448045,0
83.21129612833279,0.04300133110930594,25.226909784732033,58.881552051370114,97,196803.10772826156,26.69556368926959,0.34053335436559173,0
65.83149544754583,0.36396439670782055,53.79763437624084,104.85861955315248,36,93341.30032774499,49.28033094530989,0.6600267251942823,0
111.60294272405979,0.26213797588440624,54.717104907483495,123.39472504347374,40,96660.55490725135,81.47213204305764,0.693696288331751,1
62.4360996320151,0.26355954555650785,37.50661664921198,58.75294409018507,51,82710.40046246452,80.81988512682278,0.48075678977901987,0
101.23585160325499,0.21467198555178565,50.65770506939797,82.37804435061817,117,287424.36442612344,59.62796041716073,0.9289033904248396,1
63.92825241001366,0.5116982940145237,33.801267361457256,54.67007316392917,30,66468.4727201646,58.08045544212747,0.5289269487876899,1
85.70126916637936,0.14470368415431348,52.61405284344638,108.23989570780923,26,75448.05741357841,65.56552097040642,0.4980310234660249,1
69.6476210410476,0.18096100484128103,51.33791159833524,121.15315367878341,85,164386.3004307668,40.35776973945032,0.12008340463665981,1
67.7603788035909,0.5300420226772363,22.98369880864569,87.42456158389999,101,261514.21258442273,61.82305374236688,0.7824478636254107,1
66.92438870979488,0.44748301704941695,42.138866148589955,80.71408604451419,107,277803.16209865344,25.773245203965388,0.8007475884377766,1
84.90326501824383,0.017606662567949793,44.31995833667643,118.07892674378907,31,56799.78631692721,58.289168834819364,0.4703564785628468,1
88.35167001630107,0.4992981039254119,20.03257704615221,60.004129198783744,56,159870.78449755863,48.52357323754148,0.09078026983216936,0
67.3361471448562,0.13238954136985798,57.23689611171322,116.8688233606269,61,136443.26283930868,72.24087241325617,0.9355968929717292,0
113.86676516464317,0.3912035711496743,35.44956784622701,79.40945021010256,17,42811.52585567721,69.68475089068393,0.2023088034706546,0
74.17712377742227,0.3086594779782964,39.659041822650096,91.9554809268423,81,139221.45040434581,51.65851161279663,0.9678702426063044,0
85.23627367815307,0.2998784171455034,27.402555032134796,89.62190788462318,98,184897.17579781948,25.50910870350141,0.2579683557210867,0
71.89482566810494,0.3976775146320684,43.21490594565593,96.19843808078338,24,57099.856245740026,42.65915405764723,0.46187527469103673,0
87.165745499725,0.12187799482299744,50.80355491861564,120.6592485318128,97,191918.46754832237,69.33434951324136,0.26389318960693137,0
101.58091203558502,0.09587357061387035,42.26390913734967,121.33452742005333,4,8998.157511425841,30.066134011225316,0.010604800262916853,1
88.66061078619724,0.36203280763579404,49.945331740479695,112.33612003727642,9,18549.070191539406,32.53496952834247,0.08954851820487937,0
75.71068788949303,0.16691278360851763,47.78210250729034,64.36580577783495,2,4921.661389932144,70.2924517196961,0.007562164182516009,0
73.66181348036659,0.5359331121351909,29.030996838031246,75.01372432913445,35,78075.13154599247,77.90371806645047,0.4645585510667144,0
101.74139234248794,0.25381639310032367,36.56088796214785,86.58686376909085,38,57262.766350470585,47.508479560889846,0.4462597768581036,0
66.50309966494449,0.07026239080376125,25.647821608583527,117.9095704526388,45,111353.45656131343,59.27711458615933,0.8087412702220063,0
80.34815719232282,0.3803401897329041,21.593563252853876,89.06486178846589,15,31997.73503362909,91.1997955488561,0.20352864850052452,0
68.33154941596369,0.1753260179317109,22.396620300036975,123.30767485015984,107,215342.58364868077,91.18804935231786,0.41597922822032873,1
74.1886706111965,0.0902372109155572,55.81499733516984,123.78808787519118,42,68931.24539384308,46.525194212440105,0.3687675402929883,0
68.39757778667237,0.23832461596055732,57.412423447106384,94.8938194597237,3,5491.6636075492115,81.69915125119631,0.07140915348217497,0
108.77248796983346,0.5306800301671302,23.609145305893918,115.81215046608584,31,56905.41155850968,66.57608369648011,0.4620414158313567,1
100.25473094571674,0.2321725112490502,32.73735053653785,124.94170340179242,52,150958.82095356888,93.2839145345266,0.0,0
90.85099853243437,0.19756023349477428,24.34798584592886,113.72873885159147,41,88099.54794691263,58.43294987977675,0.5814910933572642,0
72.34338723725432,0.2500348395174242,51.700695288020825,99.2683259889691,57,89096.62993689704,79.2294807610893,0.6156921059784334,0
88.06247549595572,0.01654248102381012,38.8592894823307,113.38501441403712,42,71745.45098132921,78.76959907304096,0.56452392457269,0
88.64582635461647,0.0818748308432516,43.607946725170876,56.19912963423658,53,85783.0977207665,59.82030073431533,0.581876129230198,0
92.47220491096483,0.4688242937926882,40.51661289793024,97.61159881473795,119,283613.18615198723,80.69410800081154,0.9005260701479074,1
63.30468364725023,0.5381385825310374,46.989636185947205,66.23915241762538,56,99676.20529161344,43.272823331489754,0.6734739603354131,0
113.50960841581885,0.09528840222598794,32.127025246048305,58.70477379880055,87,195561.77205677176,33.55771254031602,0.23249352169996146,0
85.59914338301778,0.29917962192893055,25.224747472141228,116.96534392460764,76,156187.07516717722,54.761462125872136,0.0,1
110.95924757545068,0.5318200542550476,20.669560103729133,97.97337078185403,72,194818.64873157354,91.05414596435092,0.25839123308808,1
60.5394463092687,0.09455394313664048,36.93632976778565,68.26599094414428,53,104978.92616259631,60.05212257417701,0.7505040364525107,0
73.61571175994199,0.11060719345132314,54.49770829407461,79.00867233051115,85,185928.84900559307,69.46813970528488,0.2227578065099876,0
65.71975636723346,0.5104808311213351,31.600128444466133,122.99574090150439,85,219463.9074462228,68.69137191355128,0.43661251386803734,1
102.32888975451245,0.39107132908428655,27.446359203153676,114.66365396597214,32,68800.85793267068,34.28010070886713,0.43131365601061616,0
77.60687772770912,0.09206201089476682,55.18962435739007,51.1686346625387,81,217875.6876256025,52.32078176640472,0.44562174024704954,1
106.22708796286608,0.2224860424040493,24.007048272549177,123.48507463492582,54,134596.43285516984,74.48572810453123,0.982414949072881,1
105.78119511437214,0.040385769875943694,21.968439269800783,77.63971050098431,37,78284.36582404273,93.03930690065084,0.5143359028754289,0
96.72871360436135,0.2436426283155549,53.41770064830664,102.15636244894436,88,198525.61419059988,36.761241680791834,0.2841892243352564,0
96.61799919491874,0.43006680702300004,46.63455651427819,103.45074234568952,8,23606.44147010632,53.73093232373814,0.15863855792145712,0
98.50878306402242,0.3091449094765087,36.03860824922169,118.37633267802705,82,204378.21407053224,31.656565986191055,0.45027560742495837,0
97.0570109046376,0.3596187457807497,48.58907097433596,116.3795657152711,11,31432.42122854336,41.96635217544792,0.18440823891017494,1
81.2799596726392,0.18648287138811298,48.17471817768223,71.12971935872457,54,95479.4387811562,51.37315403283052,0.5774793414528275,0
97.55552045127003,0.09715379558218823,21.52230140390215,98.26516087142981,60,133491.25406206367,62.84502735666453,0.8648921302605703,0
109.35738330557973,0.017083004917681582,45.69737885834992,79.52790671967533,10,28629.92504767576,41.13968175673567,0.1973043538019267,1
78.2915420532143,0.45350866593784656,44.35315034320308,89.41578023447899,90,178552.62829459138,40.929386282508,0.22476290283854292,0
111.96889644182245,0.35379346204672546,56.62360718381954,91.60088940762043,111,327616.0889913791,79.44809853981427,0.23445143887663938,1
60.74698733443233,0.13383347029535173,56.73165918607101,79.72575843732776,70,115193.13649973403,92.38491640628169,0.7156683796334438,0
79.19953960458804,0.23595433844173921,34.35637439567767,84.79205153303201,115,328210.77687244385,47.65290774260193,0.14052957909333896,1
67.2654120950807,0.4427793651131817,42.413992651752295,65.62567009407584,81,175593.27283100184,73.1594413044976,0.1544587059039712,1
66.9640905974763,0.3008981004893483,25.37158024575839,95.57347874461038,87,140123.61355092147,43.06563229505445,0.9683820749076546,0
104.84862217063626,0.17208633328082829,22.52534798637109,106.92198615820705,42,118409.86033292352,89.95665784759424,0.726398674003544,0
110.51025731125677,0.15427963927217017,36.445635145838295,82.23059030924558,37,69482.6817887058,72.10316521157787,0.4328515330704871,1
102.77670398281421,0.12751157320236584,46.2155164117304,123.32600661530515,92,141070.51731834107,81.1873798246299,0.9108329289850097,1
113.71386454459079,0.45481413527245174,41.57492264731362,54.29198055586014,80,136296.85266830307,28.454783023941538,0.9557331272235723,1
71.8980933591449,0.32420458936971774,36.326963043068076,94.18705113104109,76,189139.08057657283,66.89541777684373,0.2873402418770407,0
67.74399517153297,0.3929448694787907,51.08827677743446,93.77005800828215,58,172069.59955502293,61.93286319508676,0.19231658175264882,0
88.63870801217874,0.47446503835460324,50.18824394298238,52.72222088080621,85,141711.4227968984,45.50978348380724,1.0,0
105.597068810844,0.5429053193663168,47.81379809295493,66.84276292983036,59,129382.40225904144,43.37009895401226,0.8472668436391556,1
62.19114999609328,0.14472113672662226,22.92722542984292,117.91569377371741,24,42502.91583411117,65.60173616218788,0.2239824644847237,1
114.75611135499351,0.10768734322727298,50.26584586003445,90.83855334569104,28,73291.53443226687,74.45399445050576,0.4295620486560948,1
93.12352610629276,0.2594791051087322,54.9380100077986,82.72894062259104,37,62052.26893678068,27.322092992463226,0.32177641465892926,0
113.84179966997576,0.028938490918407552,22.258799355054826,81.16223341526292,21,39055.01507714802,64.7181107346593,0.23742842569767714,1
80.07948982785773,0.4375276560443053,35.26351277472433,116.6120624015082,33,59222.09539862903,36.932167026264004,0.3756028385826066,1
85.19131012934741,0.4872303993705664,57.55750860923033,77.52733817161894,2,4657.559341100934,34.82539119702704,0.07042806594759195,1
101.37987933185657,0.38046143732393534,42.771076621794776,114.43751467446933,101,283787.38993809576,68.61836416662791,0.8927616437794685,0
103.59852478087252,0.15471731326434907,39.515941280843585,73.18944494820876,119,269729.60090642073,46.76090820522311,0.7736809171590078,0
72.81681793426321,0.0765039559539469,26.742953603812254,89.86279883771326,83,131751.30987004816,55.86161631944048,0.8725421294922918,0
111.13905974692474,0.21635786147673972,41.48847876669846,60.78648271519316,28,65662.33508506691,50.199916660784105,0.38580022638137457,0
107.70827170091007,0.46000123507283686,36.68364389783921,111.87727341825834,15,40444.22248465521,70.38354241067667,0.32089847843526575,1
61.00129167067592,0.19782701404450193,24.842836111664674,105.19811532536208,1,1698.2342959564842,57.90838362465282,0.0,0
67.07124582203507,0.028497469758385588,37.6446407994853,89.75697976060749,107,172170.14990230696,92.44210634265633,0.09080443575191827,0
87.2853408523887,0.15811140316157124,26.2471735966599,51.94259806092296,28,49887.9266574179,49.66679313745257,0.3734802760514928,0
85.35255327622505,0.5445706294408906,47.765217625590154,86.09429988931656,50,130956.47421162204,76.81990381839846,0.9017513718290062,0
98.96149702691595,0.375401128059577,56.99863791345767,66.88973961689351,35,83563.22202543008,43.01047973081312,0.47090387790824995,1
64.93412568291687,0.49646160818764906,37.843927840176455,81.00307219062645,96,221845.63017049184,60.61271648383028,0.52172094953879,1
95.46704186834197,0.4284272444505981,44.02999661275529,114.23198666439833,28,52478.15557453427,63.67988263313699,0.31277473854219234,0
93.90034621240203,0.3014409782763806,36.37706994114001,107.72024790130497,9,17985.194035832603,48.037649674391254,0.10119606719402136,0
72.84907791629244,0.09029199109328936,25.261246438966204,68.1464682130698,24,70771.86046596032,58.02463702388404,0.48116340849109895,0
89.83166803476198,0.19826801831208754,56.88110088606895,123.87150746941629,63,117239.08392592696,44.54950465289445,0.8109251369703542,1
72.22139638477901,0.32521972164808,24.92398923519503,117.74078797178508,4,11409.87253953053,25.42005471717874,0.09833977566457985,0
68.08076649053335,0.4801414683152757,24.241818723514545,89.65050823503248,56,132764.6463744499,40.09538111465151,0.8826067259510325,0
91.52242140597387,0.15508452476704582,37.44857178350942,89.7612740215935,109,183658.97225169902,74.00449207452404,0.20316098189886464,0
113.76108530653137,0.07546250944372394,45.037716099143424,117.59494737524767,41,90239.71125653667,78.96741171397639,0.6222091097218502,1
73.03133420444598,0.31176945147960144,33.48708429696987,97.7108606329424,67,195829.14609476805,44.6142006997244,0.29960824876457565,0
79.54348821453335,0.10531066015975006,27.315646843482316,90.25163088970797,48,102136.72306588982,53.563009917265035,0.7711792100622283,0
74.11152742945256,0.3395953554338296,51.120607985044096,106.1861392760697,86,240376.86685782773,27.615596209702776,0.6318328962173466,0
74.65529019055721,0.1523015789412153,33.79792618316294,67.63228364530642,104,196002.8763656664,41.594403076837644,0.2605150611882581,0
82.23056738026743,0.13472002232233732,27.384196988588474,115.87830647716996,58,136670.22720663244,79.54534983606094,0.8872548504755338,0
98.6020530857841,0.2255576130940012,33.87322534526106,89.85614303060407,39,107865.34540481547,67.41903891855401,0.7215119115617612,0
62.13424882170198,0.3303235490812908,28.153059890426057,95.26244712287756,119,342842.8867487907,39.403936536806,0.35059080574546064,0
112.64183076270581,0.30447154339262905,39.73901403686894,56.745790344112585,113,251847.06073214547,43.02093965857025,0.7495356553365765,0
62.54539337190861,0.1421566177068895,45.39499667323257,73.21317190716736,25,61488.303830453595,82.17614160926921,0.3901152895180791,0
108.46892500695078,0.49120300420482316,50.383180333569065,82.00515025040708,60,90268.21177040978,39.63589420614306,0.5551063676399264,1
109.19079543190995,0.06933626365700857,28.647357152154903,81.04321425770146,112,210541.51566224947,48.391040809299184,0.3505352223546871,1
88.84690531753378,0.03131248406014106,26.34425221676893,108.37132746338435,117,224413.97420758897,71.5051084158251,0.5087145992447153,0
67.53482557404321,0.3354613854793467,20.744929994018367,71.1741798117506,86,141060.59850342156,64.2778669995655,1.0,0
91.08302838063192,0.0766398707553573,28.66733519719522,63.65819467572995,114,218827.847284043,57.260914366367,0.4858070204397086,0
94.57476879465673,0.28264103971063903,20.908403394916256,93.69629385966898,112,221948.50155376736,87.9818763685821,0.3999610506909155,0
107.17674267939113,0.5239575735812017,33.12801974018426,96.12611437753118,47,138798.00578955762,40.37973239005362,0.8890198334347508,1
90.29924566732633,0.3872333465845067,25.536337375541393,59.118748031468066,98,245284.54994244315,76.89939236040999,0.6040346228573753,0
82.5890167746836,0.34342655341479067,42.0360327326558,50.1851377239497,61,130479.46476659548,36.134468843272835,0.8287629724382245,0
106.10601566197626,0.3203948214310316,34.581616860668376,118.82368100163941,84,250494.86204763417,68.10136834375017,0.6505710557375167,1
113.95234885439405,0.1069511961877801,23.556242960688863,55.97277478350006,100,172984.84803519168,85.94364943879192,0.1717020632856084,0
95.48067628368634,0.24362982529917637,35.19492559539058,117.34001989565002,101,223621.7558804684,57.05312498346965,0.5249107643359218,0
108.09128705165452,0.19496269397805177,27.95522840677836,79.94111557898083,103,254471.11098907812,75.70061550339302,0.751062247806353,0
92.93043120559854,0.5246601339999138,45.84673935092401,98.97919309963002,27,42751.015696605114,82.42753470992918,0.3112168999630597,0
97.93833952756681,0.1408529249401915,33.84857730128812,63.92110180297972,111,285880.3098708393,34.52184974143219,0.8081612204558198,0
97.84919146519053,0.26461884055386775,25.587140350175552,111.79377708706168,113,186427.51632027727,74.4078826697477,0.18998487942528275,0
98.76328427621459,0.5165628561691751,33.28486583136289,63.51450401749057,96,164200.65243835349,89.38887167920734,0.08676631441273029,0
77.65573941607485,0.43615755231723013,28.526376689347046,78.98818612361801,42,73060.4392851113,65.34594268988809,0.49443358802244924,0
91.66137679494418,0.5308382292135885,50.23960206225867,67.85193346106198,52,150453.40647913038,38.02855711701292,0.04609362785468213,0
92.67745711855875,0.33849833777937516,57.36796729386792,112.81294682652026,93,234811.35854677443,33.885977211226006,0.5675682657893348,1
77.32893946922776,0.1902449015628044,20.96867278313116,114.37518602366596,105,260729.83142373888,43.18147313267235,0.7407342388514428,0
79.2418802237015,0.4563908787505919,46.22076521798071,77.90216670276735,48,111995.53174547944,32.24592883116778,0.7585267464601492,0
101.92357207591931,0.16738638654162014,30.03039767769249,73.05338532532052,32,62054.687937364935,60.93758501095332,0.40094683264337283,0
92.0498112339487,0.0989773130324184,22.523528467033188,108.0174031396374,24,58352.02936557665,29.87932778947142,0.3933577860977349,0
68.20661313797427,0.391395959581064,20.545349764241152,115.88839788584384,3,6345.673739498879,40.63832372453585,0.09859610054724674,0
106.07003437755797,0.3550360583085541,53.47836743007223,96.80149955855478,118,202738.65856639284,55.79373107385501,0.3473955121700854,0
108.57128578908758,0.48463240740151353,33.43704707895638,119.55527567968275,27,68428.69025827319,58.1740325281415,0.4546806320492737,1
85.63776313767978,0.5294393692206674,57.792667899442954,78.72828596375626,73,123689.24738832653,64.57789396028751,0.8229157123504841,1
71.48990876126098,0.47288669710125925,36.810332369948064,61.39148015130217,40,71440.1148612704,74.39304739255086,0.5411561230980277,1
112.11835724726978,0.04241177069766621,27.128714567312226,63.4732236737781,23,62710.626258742406,28.30600477658273,0.36266817538347723,0
108.5248260485767,0.3688372538104248,49.53145560385674,100.2373964222915,7,17431.22950931412,30.643466652304827,0.20500054146832056,0
73.44099604880113,0.4337555029465847,55.206704221957345,80.56448173089623,81,198165.42523695756,29.260140626334653,0.2622837421872748,1
65.25765549664835,0.5402415111490954,50.99359916946866,61.72359487563633,37,78710.25453102119,54.62052208254372,0.49202401714041993,0
84.23594841520087,0.21231710173682222,48.31757089304605,71.91701411777059,7,14660.945441513399,27.9293561418054,0.134976549762522,0
97.20183425715568,0.10173605712641987,32.7185883917284,89.79538040245615,94,238327.02789514157,77.22568867819284,0.6403626874079607,0
69.64637218709693,0.47058385337049946,22.45063382801162,59.10839502216023,77,200970.63970934477,40.61001267269345,0.26962931387904077,0
88.22669621374614,0.18143204156157988,27.649375245283412,50.25818742083073,82,185756.2238908102,90.74487453029711,0.1837397327763803,0
83.39785218498842,0.3330290237286838,36.97878966140124,118.79735356217094,95,280620.867319665,59.0482628567978,0.8846979226046924,1
108.98031318232061,0.22054317267501994,56.33559506054735,72.86458930835643,22,64538.08544432277,56.24280267095411,0.5474748723503416,0
83.62616480439208,0.22725617864967707,47.468458827663454,66.61236090072397,78,165254.25033149275,79.63770848476501,0.16400814125988566,0
89.35770165542706,0.4055308187558239,51.474755716393396,102.38606072961416,82,223936.53727682788,74.92077887250937,0.4805053960305954,0
112.54074078010022,0.20519656768356687,30.537168082446087,114.00520416356588,99,229175.27447736467,67.51163286637001,0.40687870627864337,1
76.48304712310106,0.384260561004063,45.98527504323312,97.42090755076431,17,38549.77513270795,90.4602694375259,0.26108063760577765,1
75.89450125680678,0.017737365944243137,52.772649448363865,69.08620655738987,19,30066.475749291578,54.55814826909539,0.21855801184427157,0
103.97772939681235,0.18530959060209304,38.21763756607021,114.62274675157315,95,224291.39624173418,81.59721730406005,0.4761412178907543,1
75.26464423791828,0.18228377693097786,36.33589068876883,88.28203970954145,39,111183.80893794513,51.6065062022073,0.6986891933923044,0
105.75262285402627,0.4143710543842272,47.33737151040759,78.58931022201851,117,312413.4905337387,83.68419720072734,0.09071486657432729,1
65.25445851489047,0.17986084265383906,41.27664407730036,95.35445897247304,36,96461.12581376014,43.1632240276178,0.5959611123970362,0
66.11936860202076,0.3519966514771448,57.74050116137367,102.54591677287374,15,26098.403367967632,45.248695098522276,0.2676117888268871,0
109.57278557895245,0.381803177138247,36.15390642768534,94.53724055863566,63,128373.47275412177,72.45086738122178,0.931660391570836,1
89.74467553653395,0.3655497938664422,26.685844538349492,119.01840842921044,29,53644.41387428526,39.88993064662574,0.3905250574082064,0
99.53478466818314,0.3357785877662789,37.93353200587989,97.10133544992902,60,118432.37542100724,41.04079309178002,0.7940346979293474,0
72.39088905243993,0.23335309864867315,28.937789737713793,115.89355344691823,56,132681.30485347292,46.36837003121903,0.8515338280258081,0
69.14509026101595,0.21158468794925764,41.32764519019104,94.02188263654051,40,81887.02880221487,72.52501387622631,0.5448741661535541,0
105.92248442279521,0.31487539152298044,24.78028571264194,74.72596802975937,16,37456.747619142385,87.25716646962623,0.3316765075546464,1
79.72428738627869,0.04439967534153621,56.09909839486907,89.92226131123965,33,71205.81178959156,72.21973557888907,0.5181381148524419,0
85.0267940517097,0.48294271470782413,52.67326949852612,56.475251723870194,89,171763.17705303864,82.94699710408877,0.15527246094408065,0
61.53845435014475,0.4556701772363853,25.911485090137077,67.26309754218457,16,26289.682420923808,63.04924127861288,0.22146326618120515,0
81.22344038061316,0.19704774720008242,26.55093106438637,107.46737466527875,30,85132.73058051521,29.82462549416017,0.5948320703724762,0
102.37407944687381,0.3160823266282409,39.47266963054463,99.61067080133195,98,148671.88480268334,32.032634805595045,1.0,0
105.17013475073932,0.5134029570196103,49.36949270758556,62.4889032900396,66,99163.59632605515,63.80743848568408,0.7101188051232779,0
98.4315133885398,0.15668387060253222,28.32501475536612,82.85113821935609,104,284980.4474031132,47.946067804947674,0.9257210315953257,0
98.06988534490581,0.41092584455522085,22.31692534326221,60.64941544476873,44,131789.52206150215,40.439765154585984,0.9215243872485166,1
87.84315966284369,0.054675175953342786,40.730302510139374,114.18633922804806,107,277200.0038480418,57.63798491118346,0.8560693781353377,0
89.60811310929027,0.2926209596343244,46.28069033587638,58.18772763157166,38,57870.60876958443,71.65477186330111,0.37309776730439104,0
100.84474607472289,0.4873433299015408,29.285888669123246,99.0676247570251,51,93841.80234014126,51.94943634151009,0.5982038716539344,1
73.60159893552476,0.3079230134404997,48.11117593452425,95.52500007336269,60,177464.0430235765,81.17795800101392,0.14972813988362874,0
72.73343875353308,0.34277652649203477,56.12446382789513,85.45824842351374,18,48832.31480869354,76.69662725999756,0.24529024326921361,0
112.24586531527301,0.5001252183871538,25.20882882204797,70.86759669981063,5,11750.998828535332,76.44404175116968,0.03274299484965232,1
61.52294377173264,0.39629474562689354,39.41910448173042,80.2967374994772,111,205937.30812181978,93.9632782774172,0.32587271099968945,0
67.67060050158499,0.3857696273211034,22.159994125900138,110.47934753457852,40,60862.21235560494,45.666098416014435,0.3803808225714978,0
91.36828344106864,0.3266473719301652,27.85311827476719,107.11631116595768,6,9187.75325373668,70.13079104386266,0.1393638988901591,0
100.58091612840917,0.35181385166390594,23.413135431520786,105.41068363708523,76,183765.81844244583,84.88348381122195,0.21722735850528332,0
89.58400956417564,0.44400092896897336,35.3522516770477,106.23676882707933,115,176265.998670793,65.56671037397376,0.18719500229950217,0
79.52851978906862,0.538785864980512,51.19160803424079,60.791478076650435,12,35885.34255465671,80.26515232807749,0.2529015992566411,0
113.78868656441321,0.43947569116442153,41.93095711982769,57.432233777182375,12,21300.90900288729,54.01165300879386,0.22138510566136693,1
98.71189768230651,0.392069889078578,28.45822381228637,114.61239671405166,73,187322.45612468585,66.33439419583632,0.2200371014723078,0
105.72649625868935,0.08319423715021802,21.524204589637478,112.78809277583329,106,183654.49570457375,28.89664749630298,0.21323720068425517,1
62.213578080351226,0.45122340921851434,41.02913142089661,101.09887280347725,22,50823.08289622458,94.00373240773693,0.333510584052788,0
72.9756060760361,0.4074369583952997,25.0462751696417,95.44293089866537,49,79424.92970226699,81.0012937013892,0.5863262741371851,0
80.5794101475369,0.4260333855166663,33.023893039822774,77.51537798617913,50,132508.38183999324,85.81663501420147,0.9505944969543443,0
70.0430768945253,0.13479209825138844,39.387305838717026,66.80619436835025,80,190190.53136697956,73.60059947000623,0.2916660667645609,0
64.0094599990031,0.497859596132101,54.34183635607531,100.07423282973772,4,6517.00016040849,38.02350229660896,0.10509213643915058,1
72.38004155270741,0.06253193890730559,23.109286429371245,118.47759785618577,50,138643.9641900004,27.171990969262257,0.9331761444234522,1
89.34995971803734,0.14695051007365115,45.40708850613956,82.77474318036126,3,6961.58376649516,85.52596254152095,0.03778039606245994,0
98.26598865961878,0.36803265669517693,20.535088849185385,72.74093526671777,16,46118.21544031963,52.743145761528616,0.36639097393141196,0
102.57115076307946,0.3738058104687482,43.93652498969124,70.30563601171184,14,40249.09084724037,43.470541322794396,0.2927081560766257,0
62.36148851772444,0.17919526580244544,40.958234594562555,51.77789321748115,64,184368.7477907119,64.31710711872611,0.19234845197603367,0
83.53923947169251,0.38882067964038003,50.85093156342257,89.0237541645549,41,66283.78981232879,54.462896573300355,0.4917629789884094,0
66.7216370971952,0.21948249033363093,40.203173968850216,124.11770223911236,102,171506.53754844208,70.61661969812899,0.1329522854386,0
83.71602125445695,0.010094778563278584,33.399430789593225,111.14282871044918,68,202745.9925910522,58.865526313815955,0.3350987744708045,0
83.86867170161624,0.0978073114351871,29.22453311047261,117.31060386239437,59,131652.67269378548,73.80631983081895,0.9223347030352221,0
87.4016427691734,0.4866138686178142,23.239490187718776,96.58730722066295,2,3714.642158487443,84.73962886564,0.0203226740143373,1
109.10568444447817,0.13025476633388616,40.31528162326438,86.10848078620631,119,315885.1111970105,38.688990766905235,0.1253486681154177,1
104.28025264432492,0.070971582983793,53.756233212645604,124.28427555528135,10,18964.27831818723,48.060301639584075,0.15952550132478815,0
95.01964648250156,0.37838832720392507,39.5602907703162,83.53715829791352,75,194311.7649020973,55.57709105994472,0.25626461205036266,0
108.6974027613442,0.24798147890125752,48.08590858370391,118.7622931785085,103,283860.65267778805,92.34409136193467,0.9116468794193638,1
97.31577390775428,0.440159105654728,31.340527652267873,107.13836065878012,90,240875.5559348629,50.57335294832397,0.6733106948288339,1
105.03702284196913,0.47518026466552565,37.02897267524118,74.82338189285394,101,193018.2429419872,51.67698947148407,0.2389649290929342,0
91.00780655412696,0.46683399378910506,32.334921730945396,87.72966374397387,26,54663.12438909025,70.74307660716929,0.386916273702163,0
88.88700383969953,0.1790249783663224,24.1521122314861,78.8246916322776,4,8479.506019399658,54.34397969229645,0.015056653400316672,0
99.82534835248116,0.28299480650280867,35.84556692477319,60.21674556244737,90,201321.8439441037,91.58566219477237,0.3932155104860445,0
61.08291215866631,0.36107653670936063,49.04291480981422,76.75749361716447,102,178608.04628564083,87.61281323328107,0.24131558775842737,0
97.9707664397283,0.18387086713342693,35.00904998269166,116.67296632100708,28,61003.74211740238,60.93861444429711,0.38897549710356094,1
111.39850201224006,0.0321936302906298,44.706810444294156,106.4476764011801,2,4532.348971546439,70.13426637634949,0.14069709241985273,1
99.26681439047147,0.2776587664403363,48.82738839393269,70.81858057262465,66,151639.1906615242,29.062139331853437,0.06625920320035877,0
62.02365483634702,0.016921900071420592,32.26397663422026,77.59349848231538,16,43677.610319627,73.70113696226787,0.32653051805432176,0
80.78371024249981,0.5233486373520115,50.305553265008115,96.23254422548914,57,129732.09961999684,74.50406110643226,0.897411208938619,0
104.52697162492073,0.4402091688794343,32.87917724484897,81.21048612563655,23,42462.045326721796,50.143950695024564,0.3322766476384565,0
112.72347025244311,0.11368527932274104,29.73206829749733,87.72830872734222,23,57377.94146942446,40.377801853769085,0.33273748943395504,1
80.35898456000075,0.16528874440164135,28.45295437487487,102.36263083219868,77,207589.7836420052,89.05548812719117,0.39366227086975253,0
106.26567307322995,0.5407328159304967,27.59635753754389,85.04381361080155,21,41560.207492805246,54.869343056358936,0.2962275692209014,1
107.50954314158321,0.21171621923630438,48.010714766909075,64.32273422503968,103,254199.76603322,70.75942733611974,0.6746583037230053,0
66.78075196293275,0.43321007301430187,53.72535192016287,89.0430452986122,25,43010.174847975475,27.333015648337916,0.3099742624587014,1
106.51836566952781,0.2512803529463974,28.76464201904099,76.70886726628193,58,116747.58849829157,53.98470166037854,0.8399019716769774,1
77.83374426012382,0.47661179901432954,23.23913131625385,71.8050671343967,37,105961.92809000469,82.2081167709716,0.6853243995450693,1
92.62807468609795,0.39002689440721483,31.92314509896066,74.60814208298893,49,140481.14999244895,52.13032002805005,0.9338197849310944,0
89.64291656460315,0.02237143234122605,44.99819507901163,82.92516631175043,77,181949.98884482385,67.22128120958138,0.17197066083946186,0
96.46796250548664,0.1689705384071881,34.00376350458948,116.49598571537157,15,38302.9078694649,39.68990603391776,0.16600326863922638,1
100.72555580196017,0.31131585004246437,40.868708490026314,105.05428282476501,28,77868.64743864954,54.15679541876917,0.5580709252836892,0
84.2484603690219,0.5101339837976671,48.28358869565742,100.09114538760214,67,196834.595123919,89.93464026372307,0.31094394441749745,1
108.85709521820228,0.06509614310640481,35.522184183891845,85.34451581613001,87,194430.18045781492,64.6516224790726,0.2985801739097389,0
104.52241318588587,0.3346277703639762,57.988403592105406,50.13724603622626,4,9369.454419756206,88.1352021365052,0.013124348556365024,0
103.19816009563229,0.17317543496283508,31.322071888949097,75.54130335793185,47,99802.73044867204,88.14135096426803,0.6560763598726708,0
85.20357630638605,0.49023700229049777,57.17343737115945,110.98940299846052,50,80398.64527923215,91.09034602971357,0.5908206579873205,1
62.06650872145356,0.4231915892155972,27.71512727885833,79.11281821383048,60,128052.31252039367,87.67741620560737,0.8537231503082641,1
87.07410235084194,0.20963946988501408,24.215406244043013,92.28643438007305,62,166528.34256262617,25.229679030721044,0.1116481383202784,0
109.41450437793006,0.10023570851065139,48.531563753585985,65.35548622603226,67,181390.9925481486,90.38104241071179,0.2196496975474952,0
70.47475855841354,0.016208905094540798,46.68776695274553,118.68933063843431,103,292372.2642046648,34.622160735976344,0.8873293216107758,1
114.04258596058233,0.34541260336285234,50.824435195213645,119.23778268027999,72,113558.40415900465,27.794837577780537,0.7883020509318155,1
104.42298410072442,0.22930685612087165,33.05643602586559,60.955278796876534,43,98501.47102795089,28.8771974204637,0.5939165677738811,0
99.04063857551357,0.17996850614481533,55.37069084641338,104.31192119047492,89,147841.1691395997,49.42413366235035,0.9386270152000465,0
97.24379768572764,0.5421712374838913,24.540294278176997,55.64288808139347,118,212531.36642033656,68.45628596881555,0.36441503768521877,0
92.28642350635694,0.2617167532025702,21.150529850582792,94.89107134850734,58,165318.83570711277,53.161783756329825,0.09336432304922457,0
99.63686777870227,0.4149132131685291,31.42142763425492,63.39902381194973,105,235744.6232026771,26.788799925456562,0.5540081861742876,0
83.20480559206263,0.10580270531566757,50.29832960920952,60.92789393669029,52,137166.50382993586,58.35378439223003,0.9143821069508263,0
106.49084594110712,0.01726583918057944,45.57332767639863,50.30898630445024,76,121339.78807586963,55.949151958926606,0.7636691125169753,0
98.29902758524045,0.23548381450192865,36.57593304045968,120.56428526505525,69,146641.54315622218,77.97944858511528,1.0,0
102.4189211808752,0.3694590108690374,29.737637339384747,112.19393686403434,97,243601.96083666114,44.572902889780686,0.665714450680724,0
103.58680821912887,0.2835632959390681,22.252365897183132,55.81066679434693,46,78205.04720819672,40.2271821656057,0.5126763057433921,0
65.06385251398964,0.4908517791171712,32.82521198100395,94.95317075502675,25,49718.17046646312,42.91572703736384,0.3075361339470239,1
63.060242497825584,0.244348849641069,37.480751174680485,67.46736760994247,25,39920.54268839562,46.26178758408936,0.23716907658871078,0
104.05422276666047,0.17794151910266925,46.1069058467058,69.80119116047051,35,86695.3468956493,66.94154113570166,0.5624617295537947,0
74.26612115710354,0.5046662851521275,44.546934287964376,115.56277412569943,61,180336.55020381784,58.00678398164559,0.1322314065878934,0
92.00833941314978,0.2296732304625657,55.99910631141136,58.574430920090165,15,41108.52355071367,48.582619562534056,0.22607645806083243,1
84.40409703704424,0.1556098452853903,23.81504492400872,95.11176017472826,106,313965.0755724029,51.20199107985749,0.13610652341526763,0
61.212156201719885,0.06273698147744343,32.780924669407185,80.09416512342568,90,249156.64733828354,50.96465621112833,0.6761349398923505,0
62.215469199144934,0.4383872775365433,38.299967113602136,64.31004497227173,74,205926.73448786463,93.06846862972222,0.4545586208845908,1
105.49188832533376,0.4555493888308353,45.486440166451594,83.89385564469968,88,208187.38978901724,41.309789163706675,0.37295617441831547,1
93.42226588187981,0.027980803125192875,38.82716427477344,120.53669653295961,35,79708.24634919352,82.2643092190581,0.5133126476392801,0
88.81136933052647,0.20366862313682338,54.684812813976066,108.62075369229142,29,61172.0605896105,74.5747586311731,0.3874187910368876,0
111.93936459094627,0.41493328548289826,43.12954913279292,59.908355102275024,38,103631.40901761515,25.389900392248542,0.6749178359565259,1
69.52132642608647,0.5210461976435491,21.50728556826618,113.70723047882355,69,122343.99787077555,94.52233526878416,0.7826289518145071,1
74.18839618123391,0.21402187327624872,24.318926824513103,120.30803967405824,24,38024.09696967095,77.95075594435015,0.26704339053216636,0
101.62064930295949,0.4809088529449265,48.632831336261226,70.77232106316555,19,55514.97394651324,72.7714710445554,0.3715550296675088,0
102.63793753768611,0.22260901952738535,47.19993246115918,75.00647716365107,46,69260.69477903993,53.37272953736461,0.4362422401016859,0
82.26934580415404,0.10692709871102997,25.832886069376794,59.473244496654125,49,145296.9551578751,63.86421622400027,1.0,0
112.3038139054068,0.011860917639509635,22.23852912049531,75.87050783163066,44,114104.32241166855,42.72896269672291,0.8555246288687723,1
111.60400177433438,0.1882977525025551,41.991278506715005,100.48555978547093,73,145470.63170691213,27.483838360198824,1.0,0
60.682534328308776,0.21437652739278065,44.15807561701587,70.41162613222008,26,66214.9738803661,83.5215160912181,0.46933935985661046,0
69.47803462873988,0.5203634655991616,25.141386225487725,50.511875807519,25,68170.31839444228,87.75391455768202,0.4925572756094706,0
105.11206929261292,0.12127793630713633,37.997534199550984,75.39084857251036,35,65381.50793928788,36.37294456299679,0.5286974954865693,1
78.43691766543046,0.21640458232945256,31.621598106499693,83.98805217265495,114,302823.1618408085,80.09392670920131,0.05683704472669473,0
65.25044732849057,0.023583230104481108,55.38961453420173,92.47670280655319,36,97435.95975044498,76.8806871299961,0.6203137723730023,1
103.1749545932971,0.4223114569493487,28.329592528797374,101.28688282685148,14,26236.447232632254,37.48625013552633,0.1945232745500758,0
85.00209280663653,0.5041762675776928,47.86390758432538,54.633825817157756,56,87521.81376775062,54.52801618023557,0.6147909717548367,1
87.08259326934545,0.13842314952930562,39.68908870708483,85.23139589745809,6,10837.100561022879,54.593054458387236,0.022511473371689857,0
70.25031638488942,0.24165735974568883,20.437798456989647,69.97718470130138,32,57631.027626690935,78.1974980813674,0.3699603099124473,0
96.34922796664102,0.07594081553763676,39.645946162079476,121.09771741583731,26,41544.377712843845,83.63626340432388,0.3319821092883989,0
90.31827249674397,0.256691132368961,23.779941696941055,76.9923882345442,15,38835.166154741906,31.63425849739597,0.16772647094580007,0
71.36701157839917,0.08200493036781152,45.044363441361845,57.509277403990275,49,101428.156947693,64.4078464432942,0.6136662857325903,0
78.71823296415637,0.29260818698634217,41.489894154499744,53.11186180786783,95,268525.02886217483,78.32239478502197,0.7813465063997491,0
92.82836080348946,0.4066959018334059,20.396234638672034,69.90544156961799,56,105182.37287587562,80.03334158456109,0.7188997989477893,1
110.86797404883755,0.3088050983996508,27.77832752415329,63.41590541619819,37,80654.38516304597,35.359546710128626,0.4698142788395277,1
110.62069926768204,0.14241857232918304,49.49655200913686,98.7349720159057,102,250769.6666257947,61.785360020555586,0.6654583149220008,1
75.83482474186157,0.20104983215320876,30.479359343476805,113.52249062807249,53,149258.46349890635,85.02910944538921,1.0,0
100.45915377679367,0.3548292783610415,38.972769244196016,73.44190276026968,58,132642.0358408856,47.29630036096989,0.8877128117929516,0
102.65354942880953,0.3284679256062356,31.855947347548984,93.33435912203679,101,208088.981113576,54.7581829238258,0.43421432127206316,0
104.48527049905371,0.08385838558552008,55.018020543106516,104.772895773579,83,232443.37726976513,81.30509579354327,0.5200168090650173,0
91.3919256613314,0.4662727157256955,40.389926675770496,79.88657668545012,78,153298.83168845042,31.252366482863362,0.0,1
60.57793989547733,0.26660201261338834,46.45459356452879,54.97442085035507,36,58288.87978015913,85.16453029222848,0.4310362233819799,0
101.89219569954366,0.09767938124425224,23.1720919784901,67.18886831958389,101,218923.87928780136,46.78097017115663,0.4779558053181519,1
65.86285974061425,0.0763263329903538,21.53276752624458,116.22993560665125,11,29454.03955721687,25.101522161378902,0.13708046332605617,0
66.4279262421221,0.5313979583083703,29.850671412550973,111.83601996911712,27,41746.62368601769,41.39114015394508,0.23826877876531177,0
93.3093641455384,0.16202896003371486,31.747103105638853,56.48993966179378,2,4757.646734968776,31.265044862685453,0.10994670695266258,0
114.09362865639159,0.500640537474843,46.13186056483627,66.79615425254306,22,52617.31360139879,31.46694348973709,0.3045543297025261,1
73.33967102961898,0.231716061335227,41.62695910307277,107.687396159249,66,190925.6345793108,73.4985013899814,0.319554001198372,0
95.51959840281641,0.21839757244472277,34.23402506352944,86.4423673991615,84,162094.56696027276,39.97834349473454,0.056721111540133394,0
76.70095051556805,0.3885016436106933,44.856464398764416,106.99752737717932,108,207171.5313401328,90.43196540838878,0.3809847494291954,0
109.42993624857914,0.015336975398749175,26.215498398778912,65.83193537466099,112,242001.25342506595,61.15111826139128,0.6280713205476084,0
92.64342906626253,0.1925683416804109,22.412608402958824,121.45236043777061,17,34601.32998752364,57.206878056844296,0.12562647272517768,0
71.41125302110589,0.17342868458357683,52.471193508091616,108.77055865999245,4,10418.07517613596,55.39984627541062,0.0,0
74.41720777449855,0.47877297091338505,41.42995287421735,64.8089243619506,14,34476.793619762546,73.48113477701423,0.2341619417377751,0
83.78644017299665,0.29572671107122295,44.66562039822201,91.88369005099916,7,18468.670898015796,56.65839337665259,0.08690909446424464,0
66.7123959116397,0.20686788490109603,31.675205528483815,58.482284607219334,79,215674.95225704464,34.00202493576343,0.48766207981069537,0
64.33033525449149,0.15368282756184778,34.13428839403259,77.1076111344877,94,271140.3397155148,86.61205264485295,0.7272962207266924,1
97.40337676613758,0.32887529675773974,23.129962991813077,99.47160263566406,16,34342.48156283154,54.987674424796104,0.25721262989844296,0
82.39407841490161,0.09190349589341693,52.56555113646739,74.75957659465787,104,309612.7927575617,30.180320298965174,0.0,1
99.94241855286523,0.14295057499474206,42.51269910299953,99.2568796818476,66,120350.4205269616,62.055619124843275,0.7847308871391893,0
66.05320102406918,0.16855056913496488,23.177851200837743,68.35845984955715,19,48859.40711549886,70.31428009189924,0.27251049255809423,0
93.54260513456026,0.3382708317077482,50.572124789550024,104.09050853998002,1,2301.0139759607837,44.2907724910431,0.1104615871966318,0
84.38187363533572,0.21155767786889673,36.87638404164503,76.96921804399469,31,84485.87765284708,81.02382853716897,0.496264576203812,0
63.18992599513657,0.2831229820648267,49.073851306460504,109.28609531835778,119,263603.537928247,71.88430922261546,0.7512539347531956,0
89.96410880517872,0.3612366624339568,20.479554759387625,60.25174360383602,4,10703.631812174588,70.52388184851034,0.0,0
64.55423510930002,0.5263866644361511,21.09210848494066,77.14834620142139,91,263468.02954940806,54.457746700745595,0.8364320364329166,0
105.52458612850545,0.42301219443548627,26.4897524337215,84.79493403310131,58,150709.60115418758,92.33407109879015,0.024794795170110778,1
94.75766059645159,0.22883866150893817,28.014829133345835,81.78841433754324,56,149191.92004233925,44.193241756447335,1.0,0
90.63321435682467,0.4140687021745187,49.03031015178524,82.4820878390255,53,84840.44678563556,65.43938507108169,0.6393186255354901,0
67.34079524583125,0.5228348576963748,46.85437823263073,83.36025000088044,89,160861.84790800945,46.63386102308323,0.07978344145786026,1
75.81014124272457,0.27966549465322743,43.41134852693347,124.16026439244884,86,254685.18252496357,77.13633270800878,0.7088797846401443,0
87.10817434244146,0.23166834388636046,53.62463806636688,64.4867827452241,43,109210.56174428694,28.345403870908502,0.7346566760318372,1
94.83059325018284,0.05213009746039774,29.39165377894192,107.64978728814532,74,173320.8409215215,28.212570751253445,0.18365398908229938,0
70.07768953081856,0.49188000015146566,54.36738634836903,91.38415858299935,114,233752.95985079295,81.7602678663154,0.53373099647589,0
60.48764529734929,0.14307451162857404,54.55990063207693,81.02213135823905,97,151958.59967560656,55.398771274456976,0.002342965802543666,0
78.96181029981126,0.044537264282335357,36.50187088710083,97.51465378814484,49,100631.48923536392,48.8826038220249,0.7113933263252984,0
86.5579300005934,0.30008988275918486,23.586675615966417,114.0148582324853,112,251817.36271264873,67.5268803522737,0.692651065662219,0
70.14384280782417,0.4667858088192236,47.60927651120195,84.99787729648145,108,196256.44052067565,74.13295407082815,0.30266407443273136,0
87.06910282203631,0.22958293003644833,32.80328956058901,114.86010267208007,60,105582.31121464493,39.08409427910846,0.6338559552127639,0
78.61672222130979,0.4328564338858688,50.20732166259577,57.03487512192874,94,212686.73374140987,37.98018689833121,0.4928140725028955,0
85.02993163585242,0.46165384393335773,26.22023078834452,98.98131664948242,94,223612.49722348372,92.07055234319171,0.4576772759923529,0
79.11017628182267,0.25537792176272645,40.501574315825884,74.98850459906474,16,29758.030052508595,66.27650144691985,0.24774872893768682,0
94.56573173827401,0.3291157356078558,39.306801752092014,79.0036495454123,73,173819.14745295534,52.30815341059877,0.1675819989374399,0
62.35933560464644,0.29831264121102763,23.811950641645314,92.82648131782278,81,230891.30561072682,81.10091862686545,0.4746028446016852,0
69.39979094693504,0.5171657652826308,33.80664737556102,85.99375987231792,99,218766.22881617103,61.761127114454204,0.521055299317671,0
83.80129780110498,0.40177306994955114,23.220701910975666,78.63345788823908,60,167165.11526284635,41.9163967262207,0.12716113407228594,0
79.59631935535212,0.5096851178158611,37.6601317614654,73.12425663647986,114,329563.41701519745,39.47147139491017,0.2638567146048353,0
81.53975757745994,0.12880538815346482,52.03037322732413,96.37364766736492,47,77013.77904006455,52.78014863188752,0.5043047585636343,0
104.20683821842638,0.17752789998964205,30.267781005557005,87.9184738872219,15,24655.76054227793,85.19271021819158,0.19957429844687224,0
108.74824120360512,0.048293275517236556,49.06475551312263,74.24818441331603,63,139486.17528287834,29.301354123098125,0.8417814796519382,0
73.67678309236635,0.27995029661573617,26.970241793273342,65.3720764158169,112,266801.210645374,40.29682005283342,0.753663944456139,0
106.0015083157468,0.48191878686839185,45.601927244644756,108.08511469728141,28,59887.10550753123,87.5206273196814,0.33559770343864465,0
85.23344259096967,0.18649721645058648,54.790421197357084,109.97861933959159,20,39793.52311252509,33.52141982784754,0.24655096158158102,0
75.06013406074214,0.07927233775263902,32.30926709949925,66.0341095235152,97,238764.64389635567,69.07380027849179,0.6153548796176784,0
114.20008390525732,0.046960977661688615,54.21564224736749,69.62367599334502,63,94696.70291706747,39.94579576847176,0.6010823483977425,1
105.3640985288792,0.25165014716277345,39.20599520800299,67.93572668761152,33,97419.62740275526,67.41067932583219,0.6926562873669742,1
114.68393254975948,0.09857174209953218,32.03859506029499,116.3427309182406,36,66532.27076215319,51.81729167909624,0.40071783957018736,1
69.25049314355401,0.1968961755979559,54.067312934238196,108.05977857963879,13,37383.42598736864,32.11738275016943,0.29348467059828987,0
67.91134706713223,0.4527890963645159,21.21741613724967,55.59301424374855,62,103138.37124170906,65.77325472878745,0.7530769999050956,0
87.68578741193316,0.21738558668906316,21.064716348366797,112.44994623703143,68,126284.8925685464,72.81299229592102,0.8925755905448586,0
95.12540680190047,0.3393302958584321,42.79352495984065,52.76388655443437,23,42603.14268751876,72.61908332760619,0.2668114986586364,0
69.40830508933433,0.28116643014432,50.2765272585489,68.98998432372595,72,215584.5136536698,69.59240863508967,0.3309574111272582,0
107.32368674486985,0.3980079782038196,48.55875968264804,118.92435380724612,13,19589.710641654747,60.0157346654882,0.15970642078123237,0
89.26074132648499,0.09432907785328715,23.01984112736101,114.8248471074657,88,216432.24362806143,61.3630831801528,0.4366198884513111,0
82.6018008271356,0.5070381597011542,56.1095453542752,108.6075886043461,40,112181.19486365117,69.49480768655717,0.6989549854179735,0
93.11295201098748,0.3575617106770191,46.71641443022559,84.31604218319372,110,275925.1529140815,73.31815532226487,0.8116870661836896,0
94.9224542134759,0.15631501505325793,56.06625804165408,74.10605757650059,30,61323.02181976249,70.84137171819695,0.48054141128732336,0
62.35308045410868,0.07655700239455188,32.50571484101588,116.11593781553425,94,276121.6201411138,66.08618954394161,0.7839437909102511,0
114.99409666877771,0.09085180463894278,46.36968686334706,99.28055677019091,25,71007.02829708904,35.908728936288284,0.4967956474283209,1
80.01557672424616,0.4326379805238984,52.67767237587244,72.16316412858451,97,208640.44089630485,39.743157694500326,0.4018341814239024,1
63.38484558004429,0.3275794287889973,34.457640479863144,84.73969084740862,73,172279.4699409224,43.21568147247439,0.1306604163729878,0
106.87777461265334,0.21560947698781902,56.66467691320567,116.11251666962144,26,76733.24832440438,89.37631599612516,0.5437816231950149,1
114.61602735667718,0.1897664569409152,30.069726066380557,117.75915770586661,24,71372.17302935293,78.15765642578765,0.5574267498072961,0
104.89971800688497,0.47210932237628633,31.993317788806387,99.44765704787972,97,210949.28661696202,63.70067736758148,0.39153000225210366,0
106.85353694229151,0.48237176284198896,54.97248591182747,104.94168955377754,39,108069.97664637068,42.643984998083276,0.7083074635719494,1
94.4264312820698,0.3238815007464182,56.847070367102724,52.947337492160266,89,173814.3602983505,32.762406627091984,0.18986564723851349,0
110.72790680215131,0.2932537954591196,30.83743843559569,95.34503807278911,116,238695.43988993563,87.91314581859822,0.637215073671321,1
61.96562034501071,0.4508819427213486,25.18282150642862,101.67444262782327,109,190448.377868902,87.4866211076042,0.2632704921019149,0
102.16981246248106,0.4146409970889627,48.84410556900271,51.52828603101737,79,143288.37424404256,32.74869169869841,0.9399871414889346,1
96.88906255837415,0.22617559899700576,55.32728011941703,113.28942409671917,61,151603.90715673135,80.80516662675473,0.0,0
62.727173378820126,0.05467888976546278,42.82711846067124,119.62137587380558,105,237948.10483611526,56.265154851693886,0.5474202532891073,1
89.91854684370637,0.42499005797590006,44.11172026743738,67.8452339314091,112,206830.15258510128,47.67768529813781,0.3219021002972977,0
88.32831901668283,0.10109855562773162,48.991846698547405,113.43469495227234,49,103113.85680258146,76.7373175346095,0.7216569618328043,0
98.03438237923372,0.0188435294983783,25.817223115973512,99.91344370318731,41,84450.78278161644,68.00306787425114,0.5508100711140674,0
64.2642276385045,0.4653834446101551,56.99181806680009,93.55218648126488,70,208672.82147621008,79.60210753153362,0.3770010628977874,1
104.29033319306266,0.3222570764818281,33.8445166196866,113.23444802668614,20,55606.97511634138,30.203020244305595,0.37026035426112686,0
67.66718931063275,0.49149965918930955,43.873136185805976,71.42079018089028,44,91605.77800333241,47.30109139702195,0.5671963631826127,1
83.026553740403,0.27167756492671374,37.80740877899973,109.31421332651405,16,45933.99789350479,47.3521795291715,0.383889011957803,0
108.47084041258998,0.5102997943841576,37.79087723106411,73.58905757511525,21,42293.01483628739,48.08271646014359,0.3468631278267465,1
90.8292383022523,0.20114474390858644,46.704286140549414,109.05924071810553,15,37527.784036534336,60.173591085066384,0.33109056606261333,0
80.87750025651039,0.4012418812605182,57.79716735714567,83.82905043173432,39,115049.0248059036,44.81096621566632,0.8011643602679686,1
62.65112331252102,0.1725327150013631,45.044274318846156,58.77091036198103,42,87587.5684312788,56.10685270612638,0.5824432171240952,0
96.97504344609469,0.010628378737108353,50.17424699976394,78.61398952294928,61,153709.47430710145,50.744431518079104,0.1054662938643539,0
114.26007209187311,0.21506204865643666,21.049410175966266,67.5119958732313,4,7775.542866375799,76.47072336143579,0.01778861064685635,0
110.14880193171106,0.408393377078989,50.796240024463096,57.53986630896643,24,45587.243361527086,67.2450556972535,0.2603545067918633,1
99.45128426653854,0.09101305690111752,31.399083507195293,58.271530131774874,3,7083.704998941985,70.75406026221208,0.017149124254453606,0
65.79110720407698,0.2825930979319923,24.814670111317266,108.50535488780373,114,338454.2462636803,39.74087258578511,0.2825052051035836,0
73.16920513702168,0.1246536018193861,24.306695247012822,116.10483893918507,1,2179.7007730802547,47.785151572882256,0.0,0
70.2766960699308,0.05029702556631557,45.835242938445816,119.53468395743779,94,273206.8128146379,26.4815813328452,0.813610102686686,0
79.55039021406049,0.3434240702499308,57.909439769540896,114.0459629247841,13,37330.08864477285,32.58622951052189,0.16877449293758018,0
72.95344752853445,0.5240625160438377,45.315413738170186,112.26680729640813,54,101554.77159994458,43.553796239222116,0.7010866939377094,0
73.44416952844313,0.17778027810767524,29.969229702537476,55.16268886374545,82,172423.78707137227,29.582460491141475,0.07363674544999294,0
93.9201464456473,0.32354873219437325,27.725626898111706,109.25926960412828,40,98598.14870965098,67.18426802482917,0.6107129386544051,0
77.52864607787609,0.524945818585429,39.98636977218555,108.74619947423383,11,25047.75709278796,94.86910811466777,0.22784340403008527,0
97.24395820598602,0.36126100899713126,22.471493375326727,59.84677955784599,42,69045.38738137999,32.057064984577195,0.5193184983918387,0
112.13393125303993,0.37348118324737534,35.174571651233116,99.65069239509742,93,278120.8752027386,82.48611488684855,0.8728548224955824,0
95.11628541372815,0.10662139624285139,45.31692635221992,83.93805023444611,4,10515.92400726768,33.317137308560305,0.08388933913521272,0
101.34111724657042,0.27600922658052646,56.7711664807224,117.50101426040531,25,53913.52643342669,71.89398131575052,0.33287552719846497,0
101.33692284055608,0.2082246834271132,36.174831016993,102.15562717967505,100,242725.28244994368,70.0210322141312,0.5795233664791811,0
78.18865336196211,0.2643167002911562,27.60850973547765,121.32406522806892,36,58728.93213237642,88.19018543678395,0.37341412932797385,0
60.822689702638954,0.4424463512786137,51.0597713281658,57.869198395598275,64,143548.95875420255,32.97619295763587,0.8813103496382345,1
63.027637964681794,0.2587774533828931,48.27958194470342,53.04554858392949,44,127434.93944395418,47.08111262573284,0.8621886907073777,0
75.51331379865071,0.04393936625923094,52.668747751780266,123.01845183204095,40,113796.0574832987,31.354583224828,0.7610819394624119,1
97.92487510116788,0.49899249702146603,28.159311646629902,56.01441210836783,92,184558.55667667408,53.51683280631037,0.18371931450898046,0
109.8675726256561,0.3042005792240642,35.38362344229373,78.96468656826721,45,103367.33080794037,88.81152214902114,0.7675496346616703,1
112.73390442049104,0.5092269536063577,57.29906863347543,98.74779666879161,8,20368.602289051763,79.70662057432993,0.16613636744136417,1
61.42167651120404,0.3190714364949172,26.005608151502194,116.00425050005629,85,170851.18153075792,75.60300703117234,0.17359996707216238,1
114.45479850980242,0.04760361062653272,45.515131127906635,69.09329886604445,35,55906.15894993176,62.31192534038914,0.34834073003092014,0
77.73734700961816,0.3085494725039165,29.013009538796034,52.17936589137675,44,99359.14934337512,86.8440019634866,0.6623278250545179,0
106.36259255293135,0.32089902354604755,39.00604223873668,89.0965092874392,18,43244.16486723008,56.460925876892986,0.31966306595757166,1
69.91625033832293,0.12574353484520684,50.41936654023614,85.3334015204181,47,70911.83280856647,35.477996697044674,0.4803846704121216,0
63.459404168377255,0.26435570541636344,38.566269997121125,73.01698866418097,25,41084.076507694896,83.63096561845454,0.3539888826231262,0
80.80954832344781,0.2580984164117717,50.60830434585258,115.54245256260869,110,199202.95619303512,44.57468296362088,0.3178303294827298,1
107.24089636918812,0.346353120471126,36.200726406733146,106.1991628687426,41,82905.21564994245,28.754347871711364,0.5274734110544774,1
72.14537037327989,0.150191613283917,57.97541133506125,114.3587287399435,5,11557.884171229352,33.8226621468154,0.10876520496510031,0
68.46765291635133,0.32414414569202465,36.56147290036798,62.13567196078994,64,124208.92020092787,67.63412413359038,0.7648271043918602,0
110.03923809226048,0.14011410302394914,25.676420188237405,101.93089692052558,62,118685.09473980486,67.49573747448208,0.837448811547438,1
111.60854614418025,0.25108044699010956,35.27104159467146,123.13263015641431,111,311246.6657448781,43.212821975742415,0.009942181602921471,1
60.69015095538999,0.07626107764214579,48.21854101640474,95.89354188565191,72,123665.46920655403,75.90261035621853,0.8563656946799544,0
100.00896555785148,0.03014229584519822,52.221634794827885,62.85232739716146,87,195157.54737899304,79.1548108779674,0.26863663815132044,0
77.00642550911297,0.18311714523553632,37.48392536869797,124.68352958511008,3,8787.711226212612,89.43518382935328,0.08241394885725374,0
80.60874034819543,0.1582687453508604,42.590119960220704,89.62426861687837,108,263252.1463567994,65.94562490747659,0.8003814563483803,0
85.80066362233194,0.22974539249692724,52.10582257739903,113.00442637071853,37,95304.90413414134,79.5596354903301,0.6430370873361382,0
83.47350335959857,0.5294706148001835,50.91475483993615,61.20210855728235,95,203951.27127316152,77.71697758401436,0.2996940942390428,0
88.32355817401579,0.29200381917597734,44.99350840372305,99.95721633184411,93,142280.53731320088,43.0466333927035,0.9036981531959816,0
92.0298943657009,0.30871542131384855,50.97102996153249,118.44632736528979,41,101237.01765458312,46.715814955636155,0.638480493978865,0
85.60775276608584,0.5184645609451821,41.88460881800821,89.90133643339546,20,48957.72844284372,58.493767702701,0.23163451160573612,1
98.58599472692346,0.5074194542995899,20.176630419160663,71.64950454386033,67,111597.97746456497,26.332727727047395,0.8003604093670296,1
99.52309145631781,0.48742045510622567,21.568137807284483,59.55663709681899,87,190811.84262801442,45.81784412104065,0.27758433014124584,0
84.21975585844073,0.06291716069604504,57.23271917105096,72.19584989287478,40,114919.73667993903,58.171801134096654,0.7093556756068105,0
67.83547314479097,0.35252060168097843,25.509697596102797,76.61631521951435,85,153648.31607642683,32.56485066968006,0.09710585004909664,0
95.23514067260675,0.44637344946649643,35.37162353529158,103.24663289223722,77,168756.90616023974,33.839312144258784,0.08997963606135684,0
102.51261917928899,0.4612103323716313,55.484828450378785,63.396605527220146,8,17533.238222406246,57.42657150161388,0.1294168792697852,1
95.09602366621723,0.3220698569510239,27.41150041985588,57.95786417865557,5,13580.711011107287,76.16755221101518,0.049274546147571825,0
92.34301212157486,0.019447595642531318,52.06407108972703,79.02046557753158,25,68421.59513735418,83.36242516444781,0.3552309599159098,1
72.61765951790335,0.535804966886537,51.09416759006444,84.39902123068534,39,102917.26105030843,63.2419728253324,0.6178930457261598,0
95.4825372450592,0.2649862194893856,57.48052687295091,97.12887891631287,37,75782.7058349492,58.23242912827118,0.4827935173563398,0
78.41709180169165,0.22254178344774303,30.703909678630396,103.06484759757043,105,168845.8156904169,51.89963979218287,0.17055361482974837,1
110.57573745473067,0.22327230538572204,31.982363504445544,116.69582816251997,5,10121.122329180105,38.50642947063243,0.08480080620216296,0
95.95460510179895,0.23904147523146393,54.30936404019589,71.6715174146027,8,20157.494415256075,35.25934019700553,0.1413935524102694,1
75.29988221895665,0.14077758781328661,28.89500424968662,89.64558670189467,108,275844.9450672304,80.43275161632657,0.7384649193109583,0
86.01098001501616,0.18676015790490813,40.82023636551014,77.4530530102299,4,11790.001256860314,57.550464254863535,0.1421043157630735,0
106.56197017367744,0.5420931092783592,46.87910844926014,50.106625402324255,41,89398.93573378806,80.32241718358283,0.6071768897166983,0
78.45051731504562,0.20881072013829088,30.331601319989655,93.45738670399457,60,146919.2024646261,74.28581251304408,0.973490466269566,0
88.89923135838096,0.2944315088958461,55.659691926900834,111.1847056753354,54,124674.46052852507,38.57271400683652,0.8877842256896119,0
97.38184852883374,0.468078903626618,45.29650682680897,52.732961457754556,22,37970.412483736836,60.7215084947858,0.315510919403326,0
101.49911363547079,0.2948110179987863,21.791293714253353,50.26188189522277,78,170960.68923945993,56.08116412958765,0.19746744064352575,0
69.56406962856097,0.1852048476738105,25.15802618791473,104.58638048830535,19,44027.801908636335,54.67114542634877,0.2811643545557445,0
91.0833767572509,0.29282552753600627,27.24969966347942,101.2894793756625,77,225311.57949788086,62.97997344426697,0.45190336861332925,0
110.17099452729107,0.07160660763711263,29.30837983175109,80.43890790012657,99,202931.04957972997,93.74573307528065,0.40231980972197007,1
113.25978798303316,0.08020375582569572,47.765740061118585,99.62036612156822,68,201970.10851701372,81.90304183695217,0.2782146679599039,0
96.08797734076471,0.3848180674045612,23.379539300707787,121.50395543982506,33,76343.85366419218,88.25987021412742,0.606321861361162,0
114.1013442287992,0.5054287549202627,33.322597546493114,68.58970974164777,22,41001.4850290009,27.074770822322627,0.2747432107864008,1
91.39043869368774,0.4018661920837999,54.63256628646406,68.44449458986878,65,116187.27773404126,34.823545675475415,0.7215376387752959,0
84.34327663795133,0.050291149954972886,41.15337208080615,63.96741535731604,11,18837.966134793824,30.933456215719445,0.06399301319079498,0
90.33731024215352,0.2275636299567431,30.088869425864356,104.29900624803128,16,34870.38889376287,43.426170354569365,0.1685890180889495,0
66.36418168449372,0.011378937664754417,56.368139266251774,76.4891928628505,68,104236.49583847017,55.93247443766553,0.70192811759251,0
82.09437558269633,0.28605164139584177,29.28400389480993,124.1519850490348,93,201583.81702242373,69.94372733591227,0.3435724974798354,0
85.21227791667908,0.11433042183619975,54.393785608170425,103.59866775928634,103,307208.5249380937,60.05818864006214,0.0,0
106.6745289296538,0.4787991903134746,47.57924759735311,77.55326649855384,44,110227.04851766961,88.22287404391979,0.7170242007900023,1
101.7256726008346,0.0663409285493045,48.13979940443387,61.18895255475986,102,269247.2765436619,90.78991712257046,0.7265850743198456,0
93.07846218736404,0.010774035269396418,49.06769409926141,94.40186123957916,88,147708.71157481064,36.44646658382212,1.0,0
79.10024791819485,0.25361886328143063,39.24963385817395,72.11774398223191,116,256319.5498992758,84.70390441853495,0.7060673360228695,0
70.28690221309614,0.09393398411989916,50.95399158810142,117.9131810972215,9,17364.011863847136,58.72055428093107,0.09683995379644186,0
79.12707615030453,0.4085126464285873,51.77533771459463,83.1053299907356,72,204562.53302281516,56.7330629922169,0.29934468364872463,1
97.38922390275225,0.5067647551619533,33.69849542369245,71.94874734039156,78,138211.21922562775,79.94575439391977,0.9064003481597134,1
74.46707894967682,0.03264652772338627,35.213091692222264,94.14138609280106,79,172859.89926570392,31.519835633141362,0.13166293437070972,0
83.47876826400413,0.22361434043469225,53.772755304482985,60.27308757282985,117,278702.3745696594,86.77451891934025,0.873902165524876,1
81.27236291849252,0.5482800870783129,39.939711896321924,92.11618046021587,62,140805.82151680352,71.96043481833303,0.9470563756845383,0
102.10745350850831,0.405642863800361,52.94385284579102,54.208360888980515,86,236101.41510818255,86.26831253605985,0.6136124391585174,1
108.60828842430794,0.5247213276011359,43.81723954679668,95.51665113104056,101,186565.15545492552,94.6134304395336,0.21953887585758378,0
98.46540262460373,0.09860497401672401,42.55557475646361,89.76228829260717,15,30991.299984533056,61.260311665007734,0.11358809145372897,0
78.78812435131688,0.12953902212565493,21.177276224558753,89.05744866042288,6,16128.75866916557,31.528353853625028,0.15707970162433915,0
83.8247376936738,0.09359806992228602,30.55998711794849,101.31232902933354,1,2292.1071176052073,36.65667040516205,0.0,0
67.88425847295468,0.17327927823900668,39.07819058228809,53.33424608200135,20,42063.521569438715,47.65327697880169,0.22507762447882865,0
69.24535962716354,0.40116739689768804,42.31805254111863,84.47985984727221,105,162137.19607231097,32.24870594942967,0.07875881322638548,0
69.03609121395833,0.09907119680942164,43.9565121020279,83.3028997280281,36,94682.81289684291,82.07392782964389,0.6463322782933453,0
67.18224966587206,0.2930863804569758,47.21646735044145,84.48368313818744,2,5916.546233900281,45.78074957229379,0.012901821273601066,0
69.87696756800216,0.15537335632177496,44.93687042715801,123.49182282990074,70,170130.13599629354,93.31203316139057,0.10726627256855059,0
71.14785114180967,0.4577657207339343,52.24591488104041,60.445885485819524,2,5569.623662066384,74.1814002352299,0.01757950852549814,0
66.15152690886981,0.013559898883027067,31.227873029725508,101.78223177946944,3,6825.940844377168,37.14012591788904,0.11633328984550495,0
95.21433970363249,0.13048207761088007,44.37965945530391,80.14971030339173,7,12932.650136945329,58.32298528607582,0.08608376320172892,0
114.47208440202098,0.3368300090889783,21.94406153945831,88.37948932433852,84,127819.70513362833,57.681895514332474,0.8037332255844324,1
108.35527095587409,0.06222367106587499,38.24722293823706,107.17954293921471,113,280251.0063565032,59.47581608335437,0.8204508745315394,0
62.508149810434745,0.2618085966108344,30.185252706171916,61.80315819301108,64,143338.44943183148,62.49838194500549,0.9430454538997581,0
83.26823450581986,0.24555194010047965,34.47371163519845,107.26889094773692,41,109599.0360458875,27.18211576224116,0.742553137007317,0
107.26208185780247,0.4703624236837524,33.47718456706845,55.27480870133297,54,137269.27581225967,73.04107880205365,0.9393275135133741,1
67.4071149895598,0.34771448431007923,22.296365731800233,86.24821334073748,41,122259.07064470372,59.10342427019103,0.8212684011570522,0
106.62048306586235,0.35543911356591545,37.73254042855227,105.65531432746853,115,260528.92063857688,80.36757792080893,0.6947658033779914,0
92.59853508108446,0.5239761049661497,57.79591294367903,64.44135915160246,5,10703.810922547571,82.07447012823013,0.050161674505611334,1
111.22142039278616,0.5404746026746226,31.359570159786376,107.81867345265675,89,171779.74854014587,41.13745853942022,0.1818937176942036,1
108.18215128454338,0.36283315536253286,47.97354692339353,62.51093801943074,102,225959.777644065,28.389606249874447,0.4490939196044452,0
97.23688771322946,0.2918807830821093,40.81595672697655,109.9429067702841,82,230363.19180911942,74.22636992786258,0.512466942406923,0
96.18024629299825,0.33827683157103516,32.358561420196,85.17016797063782,63,98510.55408731954,93.4433951924712,0.6866101701428645,0
71.72403113155495,0.21651960072924661,23.405068294912006,101.347874889733,1,2966.850070929283,56.266059060663075,0.06354307180462071,0
66.42141319369047,0.5432265731584418,28.202600229078072,118.80548437768913,25,74749.01978654243,43.172896671551705,0.48868103002238034,1
82.84663864828391,0.39071148012830376,49.71043450062927,80.63161427103003,81,194135.29749843007,35.96703262084367,0.2736749761276596,0
70.26190217212186,0.16714366896474891,30.602766741908525,67.47181451170796,46,91876.5500549827,45.12119181734096,0.5464044366276977,0
65.63291947227674,0.041193801444916946,25.48349433165042,115.03730724632577,15,27518.601787245534,47.95436859600149,0.2097393413846583,1
76.62797033000915,0.03414984174206263,32.58933693750558,62.12124860785836,69,132116.75595338494,54.67123204041252,0.9467173572799057,0
107.32694685381567,0.12065300948433116,42.19363218465223,97.36070388780625,17,26777.688375876784,70.87849862502105,0.3067756254358298,1
60.94314847100987,0.13577304929668027,46.73160024301997,119.2439966030461,21,46465.995192225804,44.1214139256159,0.3290956104574077,0
76.09507249471966,0.23412456673510615,34.71986380484404,100.57975336514792,53,84057.27953372026,28.568373442807317,0.557837880975936,0
83.32287018679708,0.12601684628357707,38.92959196897726,64.67608140875114,55,141774.12271901383,51.12950281009037,0.8991702874692136,0
88.08133622884075,0.3506916326653421,37.28683429727154,61.421296382242474,87,179036.79394703745,84.8940731311353,0.09963578062642554,0
69.98676296106441,0.12407755463771417,20.342127297090222,68.92291483254434,107,192498.0394454197,59.88460575963187,0.2921682254564563,0
113.03211099109171,0.11145333102821883,35.03281804452224,79.35551246424338,10,23172.80336754058,92.53486304217869,0.272002311791319,0
91.83801739647042,0.26446797611219974,42.318152786539116,61.93692738874273,81,239811.75583002614,60.25350717621122,0.6622856503496866,0
88.71608008813742,0.4898810436348622,41.65789922379892,109.83605498309882,57,144933.70469107476,44.31291718452935,1.0,1
60.48524239116876,0.2628849631844625,48.49116721670138,76.77765069566665,65,145445.31788515564,38.53197980716502,0.9819155934206001,0
86.71434586678039,0.2334783220689702,45.47428459654287,120.20650519345448,37,98618.7436086251,73.61671477499034,0.6754344487381834,0
106.07188462003512,0.32217125002824276,30.518658290413843,113.18681480264931,112,291896.0472790301,62.54669000442055,0.8247862826129684,0
72.08044986781834,0.1488953865258794,29.71445951924058,118.1613697101265,7,19863.222341106833,67.27992502968091,0.1705470113122454,1
79.31641626125271,0.20085573942483462,37.637388326410495,72.08695362526551,76,137332.26002571,77.85887525338919,0.8865813716926093,0
61.13143055782326,0.1254710380602505,47.85284737342288,93.02986578666426,40,111532.65457552392,75.81324249854251,0.7084646631736984,0
113.73101328285874,0.31877739708814923,23.565437649886647,74.10871385317681,50,97576.95652812741,28.035431011775888,0.634350195868419,1
63.665848842042244,0.3865892832473763,56.03641015537417,69.27113836856357,1,2911.4983917376458,81.18003337065197,0.0015597648057002304,1
109.40216181502632,0.3737972661349088,40.6398187008444,95.5315085901913,20,38431.95446840205,62.2892314936198,0.22033125019076388,1
77.21432427992501,0.14760162170097135,31.643519007473028,111.34965354498365,108,312149.4639923535,52.41959715703408,0.08169003022448898,1
92.31560210922332,0.43101003110390224,46.34886677349419,57.01983545949907,31,91316.26822257972,62.62635983876493,0.5808612416734622,0
97.36235469813019,0.14821497923496235,21.69958101723787,70.68265710245535,68,116840.11846061546,67.87160139201275,0.783950270858577,0
67.7456042087113,0.09116823768459201,38.40708279975639,65.38506356645954,90,266557.48424047575,35.465441691165786,0.7026910042090033,0
84.40676577791845,0.19889672429108496,38.466846603624745,109.87626298670482,12,19543.013431727082,54.21907767285115,0.11958386767991303,0
77.90063551356533,0.3327818081522768,26.155060826555314,120.00290548191646,22,40212.73695821322,48.491034713172866,0.21327013357044228,0
63.113135608300595,0.08668098215437492,51.82073700579156,55.99570326375192,1,2166.2531713092067,49.52862613726269,0.0,0
105.82565099162494,0.35996704053856643,50.27886050984966,78.44100610304308,1,2990.3960485675652,31.393445688511576,0.02710591580879363,0
62.48422660736127,0.47605671797688515,25.803830989240943,118.58817820389926,3,6698.533730244207,36.18904416001613,0.0,0
95.92918777161267,0.1682958755393581,33.825437155408345,75.84786654097238,117,272096.85727782425,36.3282447310355,0.7728586796552215,0
77.27425570309158,0.25311157270216456,23.81632315197374,103.44960772352773,76,193164.44424569592,51.12573202551535,0.3162111808797896,0
70.56711299610267,0.13328762983759618,52.247132759889475,57.54997898895073,118,348387.9598143124,87.6144081412354,0.25192750666879266,0
96.68973282345499,0.20508133369801326,32.286163942448354,83.32906487091067,21,56175.5691039137,39.42191603446599,0.46339715104003176,0
91.59957429894132,0.021864108233354006,36.69401969859081,87.74755816937213,13,23871.00308626212,54.133475537236315,0.21936041838161313,0
77.33909415561564,0.5250354739549267,32.307134100781525,106.82480584887952,61,119223.67015578845,46.81265907093965,0.7700981134826425,0
88.21284115425816,0.23458071513458537,31.780988625668137,71.66184879348697,13,21403.750672366226,80.11683187859367,0.10333118675985499,0
73.54304056634152,0.43598985930176337,48.397485642446384,69.81414294128953,117,288601.38991091185,28.50885026245713,0.9341062612395198,1
107.50330524514807,0.08702745617251521,48.40751689883328,72.72257526468735,105,185966.5982799274,38.75803768751233,0.1674042090148245,0
77.26003291799388,0.4486717238142154,39.67595047826164,91.67723815953056,82,154660.801282962,39.744907964835605,0.0,0
73.48341662533423,0.4744795479195886,44.98944407439994,115.70033100985631,33,93461.62593142867,94.50739602192618,0.6001107500068962,1
101.35085410828081,0.3963576494913468,39.44320149960235,112.320604734598,6,11940.801077988137,64.95425125764125,0.07290290219481133,0
60.967586839665316,0.497732495491039,21.08638997770917,54.34592423082514,25,58749.25193828126,34.727078506846276,0.3963830408062183,0
74.74064526473414,0.10028644991279365,22.508244458937433,115.92163334690177,23,48216.02730322661,44.053939749359586,0.2907031512156165,1
80.64673713581452,0.26730018754585483,34.58214164148759,57.13320306637939,88,141772.1299375806,36.7475465886047,1.0,0
108.523087898526,0.34485914728872497,48.49036162787898,81.15110519891523,101,206473.87022935084,33.72231987336136,0.3017354852714781,0
112.27429914015893,0.33194420417664317,54.702596669105105,107.40533294406659,26,54914.6599184013,80.80274198855248,0.3091846260414371,1
99.40628818026724,0.474962104644201,21.1289156031766,56.11332770254574,4,11374.20661146911,59.70268400622484,0.1001598418837013,0
87.08924795553129,0.1264733387053583,33.98514200209867,53.029976020772516,102,202640.95000788994,69.1847095794147,0.2928572974374093,1
95.23418519817288,0.10484766957098786,28.503732572423615,74.74968527080956,35,72410.15878750857,48.187587289439726,0.42271836930685797,0
82.77005784247332,0.1468244412232938,50.97780068428755,104.74442058929861,113,302201.0022899607,63.75865602471306,0.020841088210095865,1
76.43542075167673,0.49143702668295025,52.14678949687636,89.13173281790861,75,197882.62326130478,43.0298322766588,0.26654135739289686,1
112.28784374767956,0.5181546246350904,27.84353697229202,81.27514029572657,100,269742.7914972736,46.562539244976435,0.7916310552524564,1
66.3464625955458,0.3176002563057985,47.01143563052514,110.98049881367913,25,73266.40275285015,70.6566561056713,0.4534498570361131,0
79.051646242756,0.2807408446680807,47.806729417454285,107.50319466456834,20,53866.72495184353,35.52450881434612,0.3160283145103199,0
109.44989279783262,0.3369082283268345,26.72819247773767,108.95324073004734,1,2111.4123048268366,68.20553014172233,0.0,0
99.77277868230793,0.3428061309172148,36.480444846312956,84.47951179619015,94,256832.70088263098,84.65643714961891,0.7191961635252734,0
61.60057982276371,0.10196454066948775,43.572836606864385,51.458693186902345,68,153884.81247317372,33.429625832653834,0.0,0
61.27048203833359,0.3806618760764904,20.99053106343876,62.91027301186477,23,44081.1341218905,87.82228963989853,0.285462117302744,0
88.4081854443516,0.25426959526814985,35.374489655743545,105.59753212074693,99,193483.18461745532,30.56119762092265,0.26428265253227384,0
86.63391809265119,0.2893862577779444,25.888412852009587,106.48801038122187,106,194590.93978158032,49.42364588691111,0.2869475289422079,0
84.36453462609751,0.026370966340983962,40.59206704259372,122.92239595260023,22,37784.767608051865,67.73565206665963,0.24441468201968275,0
76.62890690114548,0.42286058156675643,52.030868171516275,64.26398951826445,95,168789.88368914518,64.15903320829759,0.13494730380688105,0
114.26512958975015,0.46113109908465616,39.940649667789415,59.219509111448374,62,98875.5586457052,31.747375074610343,0.6227824258967958,1
74.95930276408598,0.3444876391246552,21.36737665592999,60.40922253020108,1,2832.6762973985797,80.92392174500972,0.0810193326129923,0
86.95221135423091,0.4143107630601979,21.126975332678064,63.85910863056052,59,170894.19115394738,93.1207305201677,0.04692460465020379,0
82.26912032526864,0.29226124171293505,43.009119544357674,89.63512546309059,68,161850.58003437734,37.685980242863906,0.06767431096948759,0
69.36371842789582,0.34391082464842004,32.46329922397327,123.14085972306137,19,52453.95236334752,87.65916788708239,0.3915045645761935,0
71.14403505189033,0.22306871717014884,41.76132713193192,94.20736122504553,30,53260.69961939162,63.97666094782254,0.37890995844607434,0
110.50665081053751,0.4376121031337568,26.218210138807528,89.20160492349821,1,2852.5107378404778,90.51536398717292,0.0,0
107.20538475707752,0.26286630234282604,49.52076940777225,100.50171727879032,48,108458.0322933966,37.32601708917328,0.6826412739732427,1
70.94743682011938,0.3773149683861966,52.70734881787558,55.54477930686174,19,30414.20228925832,80.44149752255971,0.15242172062872528,0
108.16144431502325,0.34557186445453253,53.79057287922596,111.15156006127744,52,89022.39407054448,29.184710281173178,0.6234440086701827,0
71.50523715444633,0.3892498399283049,31.554834375591348,98.51596574894008,85,166894.4987503192,86.82375127619085,0.0756338052430193,0
94.46004769612334,0.4340165725676206,45.10794396973981,62.839375969289385,22,34437.400151706795,72.19115955397436,0.2423388220842178,0
64.47042878263817,0.2868652800602174,30.603610710949887,97.30365658995727,50,98197.00335130827,50.917834874570104,0.6678617597125196,0
108.42032944425151,0.4490556125980611,48.98475919083998,94.71559719244027,66,104933.11287877028,38.33267764484951,0.8179737592702371,1
62.83251647060068,0.27851890812666885,24.579950084600295,54.86397391211004,6,11124.248446735426,82.15731689970434,0.08982421930165468,0
90.52185890881252,0.5265825343465259,48.98506282260413,70.01991483843172,64,121504.2965622184,67.22689249763681,0.7694714430105996,0
102.88413388492117,0.4164427442519889,36.70968823121432,79.3206217166961,21,62822.622755554,50.2291097063601,0.3458099719337068,1
66.42591050258747,0.10241649086287466,52.51088063655007,68.36663971077351,97,179772.04103261317,56.06850773617614,0.1846876378188672,0
82.24641471251037,0.4579756145362529,48.079372679473565,68.23712658465806,19,35316.813794749534,82.85798592506636,0.22949113317696432,0
62.30725833195275,0.3078573368355825,34.30774634646642,92.97113552730637,91,230246.69418091956,48.72490353498074,0.4244429848366025,1
97.55139175369776,0.5416089173058873,54.3344890436972,85.31442627953292,37,103194.34005766308,31.274287467695007,0.6522695590364366,1
76.90972772287435,0.3981622835837048,30.766811292461792,100.0469136296006,63,131076.73649089716,88.7897520542431,0.8887125370806921,0
90.76673845511586,0.055571003147903184,56.745567994565086,121.73053153324376,29,81589.38386742011,52.11406177606242,0.517311442269492,0
111.30027487311989,0.22327863090958835,49.15372859031601,99.5417033450909,60,120612.78186729814,49.38712577806494,0.8525164017339462,1
76.82219593971632,0.289328717443564,57.64564434830519,93.65719492119064,92,165188.19138687267,39.30797332131576,0.02333678700979175,0
62.674510939940276,0.46306734570629304,22.048375423142147,113.56696187491232,34,67811.5800407139,87.81957998598419,0.4859213412790868,1
97.15952722342853,0.40384658853807726,30.41336974333097,97.40548329252768,1,2414.0345608919883,40.225373358148374,0.061788050815577575,0
103.27626239827921,0.20945443813028503,48.168041747549985,62.41709527316007,48,98434.30747046933,69.56710076009686,0.7040535402618724,0
112.68277079326668,0.36285365125141966,55.04548864751426,73.60615245938472,89,223331.32283257006,86.6535508125672,0.4105826663177482,1
68.67904823641162,0.32153189026512485,21.09329105053921,105.00202120133034,21,38963.4802018082,27.44395302222522,0.27548417447159057,0
81.56769588138825,0.07806840883429972,20.00035324707222,105.37867872702651,34,86750.63759344659,83.0154193710137,0.5448998780302349,0
106.42772530140111,0.13682369421924429,29.737219911737416,124.02565627317193,26,52550.0961666902,53.74195951828421,0.28002685234545627,0
104.37792662978838,0.19420604886572976,52.40558971199933,97.023115880173,36,78616.89206650446,71.05822026856482,0.5034192275280109,1
94.36376390336244,0.11556103943629159,49.15181788144255,117.4658891064429,99,231325.15335577005,51.06831942578877,0.49691878944342655,1
74.81526998614817,0.09107227674821379,32.93054356241657,54.09352329421453,23,58174.76260991678,73.68613794432457,0.43386927414097204,0
75.62194098579276,0.041426795870355006,20.07642804512656,92.46667586079863,81,150503.71355962116,42.80064401903894,0.02901125754815283,0
66.82016470432784,0.4814753854288223,41.07881815624163,118.98860185266467,47,129434.16038746214,26.535137970477738,0.8052721791776375,1
110.70195205822503,0.166029445701021,29.04230791513613,71.54331763836467,106,273772.9972110831,91.34512603515675,0.7889422490490074,1
69.5112333051695,0.16677312612412576,48.333139282994054,61.61574528456569,76,140687.16276873593,26.145743482805795,0.9188795471774084,0
91.50876306489485,0.12136319421228395,36.96128724653979,76.28826200725702,44,130348.3211317921,82.68695027434549,0.8653685501793857,1
92.13932793401621,0.26671458080649685,45.78687307581135,109.41771254332016,20,49943.90973091376,36.839631532573165,0.38327831194628076,0
80.32829926573979,0.28769066267808113,52.38773553575503,56.35256110109867,103,224399.953959106,52.45541600214195,0.5305388093847383,0
79.38851535530003,0.12247193365754322,40.35887238170312,95.02539937768132,27,46879.85668491741,82.57446635542391,0.31510197634819137,0
96.77236302070538,0.3386279824463713,32.76631054767511,60.17237043832073,106,243782.13936699287,39.41525052186417,0.6121818199518729,0
81.35637778716965,0.4004199781806245,49.24265474857946,82.66493311604347,61,106576.99364468131,85.5995323867525,0.6218455892341684,0
74.03134663359003,0.21187364642134404,30.07711511130476,122.44827511637418,37,79336.78816773032,59.8431257371331,0.593511802424505,0
81.9522436320017,0.3261439163030169,53.8777150120445,64.63582023851649,84,177497.77786517935,50.630742390209356,0.16096368920791282,0
104.42141427160503,0.28124302878880103,22.71425057585156,52.551241163452424,52,134155.29225910187,71.37064227154353,0.9721106270819919,0
113.1563150322152,0.11559613511229518,51.7478083621247,82.0402504233532,75,134143.1078877281,48.897280538667026,0.9040928505247792,0
94.97726267496147,0.40420593393827203,23.47911763629614,93.32716907676162,92,251418.24697217674,49.310185129744994,0.7773858569122506,1
103.01556740162586,0.4427846350249856,22.133205255573,72.3138301273546,62,123330.30641250341,76.34684736568123,0.8525181194183385,0
89.30536737219356,0.3603482824170705,33.80376361923011,90.63260025325194,66,142954.87406990872,46.68825571773755,0.8814315122383476,0
94.36527281513908,0.18490385499636772,56.34887547004347,121.50514596889904,24,63804.275119938335,39.05408538480976,0.3946410601198616,1
114.34476612051078,0.5104679469810227,57.372470059280886,73.38280905620903,80,195047.08796562176,81.53522895976005,0.29185717173721354,1
84.11303755860513,0.25589352951736716,27.678679036714055,73.2070273399468,12,23544.45633243487,81.37597236090622,0.11327389786081626,0
63.64400833248099,0.15357438210795285,25.648227115158512,86.20759234107157,16,33268.870189101144,59.83099925948085,0.20293942706823875,0
112.63538048006451,0.23044669524385653,33.41222659908155,88.64872519185158,36,70512.48795543895,61.86589313140686,0.40173629510715414,0
103.61839464969512,0.38372054963043334,32.8092999534808,50.102444440631395,2,4784.310501831472,73.72536380373471,0.032181467400499264,0
81.90707023249642,0.4668031642559946,48.86452954404303,96.19063484036299,89,177905.3751831131,60.64920042337034,0.19790643200463434,0
114.03172794925229,0.2025507696127512,36.87196278837559,124.80180114985332,62,160489.8856148321,54.192797127846276,0.019727100405241435,1
79.00446626917444,0.13561720084506235,49.63557625791151,71.90060371028424,64,151659.56722403772,94.6425935307722,0.10807649616768035,0
80.46661078044158,0.34830629119101064,48.45109768695174,97.31075346998969,29,49838.23761101664,35.334829949679126,0.33543058047080054,0
93.53522442544565,0.5074561540573942,41.97579634478509,50.3466241275505,92,180817.06937782376,66.49095854679024,0.1646100858793462,0
75.08910623854462,0.10897841632208767,51.673459790182896,95.32449592226736,74,135580.66605202729,87.01041182529622,0.8223941420152544,0
98.4214316821903,0.44363046644165793,27.43461436900287,83.53012320708635,109,227316.21025216786,73.10505288267804,0.5184385461509775,0
68.40676671727782,0.26736787800324147,26.148798835099505,89.77198650985052,87,197835.92325032188,86.66463093617669,0.3058817283614783,0
65.94139256469845,0.44173675213952956,48.52470982310139,90.79287256192877,96,216973.85144891182,48.54343042482708,0.4856443883570676,0
89.41829041602855,0.2829922208775771,29.30228836190123,63.27147269748903,31,81585.35096019294,44.03950833821675,0.5367338264860212,1
90.55215253169206,0.21375699812319843,20.106186585174616,107.74760914094678,83,148051.8970184128,84.58906708314733,0.9273267076759824,0
65.86602882963298,0.38624014011321145,54.654486408492446,91.66022157577542,15,43795.638659192555,52.58802033298224,0.3755068392034961,0
113.0296943622133,0.4963387390812446,43.67160820525639,70.26458446227456,55,110784.72131777892,74.67776261401178,0.7603460527605521,0
91.5307661683896,0.18293593439989778,36.90763252430175,120.30361599240743,33,64362.317922348855,35.342400488988,0.4163766839024078,0
68.30692458733094,0.2588039928969608,47.57798738034344,50.9580282503042,81,204749.1972488967,77.90866877636724,0.37322657489846495,0
77.12933883827644,0.13387633841612215,32.66660585838086,104.44529104998419,52,140830.29703727885,63.428785431740856,0.9625707447432752,0
104.01288176632394,0.10904111035336943,56.239310169625874,78.59263892428278,100,206770.76472204804,43.80281479373226,0.30702893411898174,0
88.77773403260426,0.4300606768917746,22.607570980001615,89.19086234834802,20,52405.40924681932,59.61527747712336,0.357254105976936,0
70.34815917006055,0.11835862301175891,44.35603124516972,71.86323120841863,73,206269.087196898,73.78605380877924,0.35262107431462536,0
65.65669346339926,0.438391812520603,49.53700034872839,74.09391321975149,38,100707.80891679657,25.832048619316858,0.6967503920601313,0
83.69259267306167,0.24177720799374283,37.826784499953355,51.13746609581761,3,4653.884185068748,69.62269411698907,0.0,0
78.55780897775388,0.5473263106401666,48.688797492509366,104.73838165339266,54,148016.88182066125,62.91135447912921,0.9565441193828875,1
96.07545438650854,0.1165643658232962,55.22259511938564,103.30988081005388,66,175673.61488698237,40.420031742271284,0.2543009875080853,1
110.8885842823141,0.06020811595692605,48.271768225812814,99.07686503054165,18,45070.83643013603,77.70867517833378,0.3620178474116803,1
73.62516571757874,0.05073385758588763,31.755940951179824,115.8463010438006,87,229682.9256909714,46.24226892432408,0.36644144560811065,1
107.03786633055648,0.46112572255106843,41.3501622393297,117.59506854188255,83,246438.4617810764,44.38026520825954,0.7007611776637249,1
110.62540881448602,0.24639920797150544,54.64093367866568,91.73332395689415,7,15026.685322092671,57.985284429952586,0.09649530083439663,0
109.61014297084458,0.011687148809580678,37.06571356833472,101.36176190502971,35,56029.21983511638,72.33047748956552,0.3381190290891586,0
112.36425314699895,0.48237653575180145,45.90454280679717,50.82488008028449,114,249812.18480633956,90.01921831133781,0.6150558285902145,1
106.31597421711014,0.4835373437315645,37.68955955489715,113.4757294156399,84,131850.64057927203,34.895007019247274,0.8315483891144808,1
92.64173029681686,0.4454650039701471,24.611077963733763,111.23100680971231,84,163075.5514191461,52.75276845262135,0.05317354555638659,0
82.5415354290633,0.14409198083341496,22.226710163298456,51.51864638176212,83,197566.53407869648,29.689271475884095,0.2607535980072176,0
87.04282823185741,0.21128646883627347,56.18641046589011,90.71189125562887,105,206265.60563586964,78.09855232302198,0.30737405451883226,0
107.99366961826719,0.4122601616055612,43.27658739000163,117.99916778279521,80,202247.42950914463,56.34130227769525,0.29629718918543535,1
76.57691075794503,0.27425068772009603,23.94496669865468,63.60409902734603,102,278763.9081359153,74.48503946317295,0.8745957469927197,0
68.75939318876019,0.09306635143071836,52.582665221853844,76.44836911678236,85,181105.99535814094,47.55360967834011,0.20987780981614618,0
67.74505699735873,0.1411110628449431,39.8623391874109,74.82902588890109,93,265069.244205374,84.10220689844265,0.794921117280086,0
105.48470354477502,0.535198349845841,49.33342026511518,76.69553565498136,108,174933.90687876483,62.43796547680803,0.16290755389792944,0
