battery_id,cycle_count,temperature,voltage,current,capacity,internal_resistance,soh,rul
B0001,1,31.6,3.74,2.0167,1.8661,0.0773,93.31,234
B0001,2,31.21,3.7278,1.995,1.8581,0.0725,92.9,233
B0001,3,31.25,3.7485,1.966,1.8795,0.0788,93.97,232
B0001,4,31.53,3.7241,2.0003,1.8661,0.077,93.31,231
B0001,5,31.51,3.7426,2.0026,1.8772,0.0805,93.86,230
B0001,6,31.62,3.7206,2.0265,1.8731,0.0813,93.66,229
B0001,7,32.04,3.7244,1.9818,1.8628,0.0849,93.14,228
B0001,8,31.91,3.7014,2.0603,1.8506,0.0837,92.53,227
B0001,9,31.62,3.7254,1.9567,1.8539,0.0833,92.69,226
B0001,10,31.06,3.6904,1.9187,1.8488,0.0836,92.44,225
B0001,11,32.39,3.7318,2.015,1.8444,0.0887,92.22,224
B0001,12,31.86,3.6866,2.0185,1.8649,0.092,93.24,223
B0001,13,32.29,3.7095,1.9956,1.866,0.0881,93.3,222
B0001,14,31.7,3.7042,1.9806,1.86,0.0899,93.0,221
B0001,15,32.84,3.6917,2.0325,1.8627,0.0936,93.14,220
B0001,16,31.63,3.7186,1.9705,1.8518,0.0943,92.59,219
B0001,17,32.07,3.7261,1.9752,1.8408,0.0905,92.04,218
B0001,18,32.42,3.6913,1.9737,1.8495,0.0947,92.47,217
B0001,19,32.51,3.6662,1.9866,1.8481,0.096,92.41,216
B0001,20,31.82,3.6546,1.9621,1.8461,0.0922,92.31,215
B0001,21,32.33,3.6592,2.0422,1.8316,0.1009,91.58,214
B0001,22,32.43,3.7134,2.0083,1.835,0.1036,91.75,213
B0001,23,32.53,3.6933,2.021,1.8401,0.0966,92.01,212
B0001,24,32.36,3.709,1.9869,1.8343,0.0938,91.71,211
B0001,25,32.62,3.6941,2.0049,1.8319,0.1022,91.6,210
B0001,26,32.26,3.6901,2.0243,1.8394,0.1017,91.97,209
B0001,27,32.78,3.6462,2.0019,1.8491,0.1007,92.46,208
B0001,28,32.6,3.6879,1.9773,1.8351,0.1025,91.76,207
B0001,29,32.31,3.6827,2.0074,1.8363,0.103,91.81,206
B0001,30,32.76,3.6569,2.0036,1.8243,0.1041,91.22,205
B0001,31,33.33,3.6248,1.9861,1.8268,0.1091,91.34,204
B0001,32,33.37,3.6691,1.9808,1.8135,0.107,90.68,203
B0001,33,32.3,3.6191,2.0135,1.8263,0.1054,91.32,202
B0001,34,33.51,3.6562,2.0041,1.8165,0.1111,90.82,201
B0001,35,33.63,3.6849,2.0243,1.813,0.111,90.65,200
B0001,36,33.14,3.6649,2.0303,1.8133,0.1101,90.67,199
B0001,37,32.51,3.6268,2.0413,1.7993,0.1081,89.96,198
B0001,38,32.8,3.66,2.0108,1.8072,0.1106,90.36,197
B0001,39,33.15,3.6727,1.9987,1.8142,0.1179,90.71,196
B0001,40,33.08,3.6313,1.985,1.8027,0.114,90.13,195
B0001,41,33.67,3.6294,2.0001,1.7955,0.1205,89.78,194
B0001,42,33.74,3.597,2.0235,1.8042,0.1232,90.21,193
B0001,43,33.45,3.6147,1.9671,1.81,0.1216,90.5,192
B0001,44,33.33,3.6054,2.0035,1.8144,0.1177,90.72,191
B0001,45,33.68,3.6361,1.9805,1.809,0.1254,90.45,190
B0001,46,33.47,3.6131,1.9588,1.7882,0.1218,89.41,189
B0001,47,33.27,3.6473,2.0236,1.7982,0.1249,89.91,188
B0001,48,33.37,3.6505,2.0452,1.7885,0.1226,89.42,187
B0001,49,33.89,3.5976,2.0086,1.7886,0.1254,89.43,186
B0001,50,33.62,3.5958,2.0232,1.7941,0.1334,89.7,185
B0001,51,33.62,3.5933,1.9711,1.8004,0.13,90.02,184
B0001,52,34.16,3.6165,2.0521,1.7767,0.1322,88.83,183
B0001,53,34.05,3.6102,2.029,1.8008,0.1343,90.04,182
B0001,54,34.12,3.5851,2.0549,1.786,0.1336,89.3,181
B0001,55,34.41,3.5952,1.9581,1.7861,0.1383,89.3,180
B0001,56,33.85,3.6461,1.9696,1.7862,0.133,89.31,179
B0001,57,33.89,3.571,1.9919,1.7669,0.1295,88.34,178
B0001,58,34.21,3.5913,2.0247,1.7757,0.1392,88.78,177
B0001,59,34.47,3.6035,1.9925,1.7777,0.1434,88.89,176
B0001,60,34.43,3.5947,2.0039,1.7636,0.1413,88.18,175
B0001,61,34.42,3.5755,2.01,1.7751,0.1381,88.75,174
B0001,62,34.64,3.5641,2.013,1.7884,0.1417,89.42,173
B0001,63,35.06,3.5387,1.976,1.7833,0.1445,89.17,172
B0001,64,34.48,3.5464,1.9968,1.7632,0.144,88.16,171
B0001,65,33.93,3.5825,1.9305,1.777,0.1446,88.85,170
B0001,66,34.46,3.5769,2.0,1.7641,0.1439,88.21,169
B0001,67,34.74,3.5634,1.9483,1.7618,0.1493,88.09,168
B0001,68,34.79,3.5735,2.0168,1.7631,0.1466,88.15,167
B0001,69,34.52,3.5986,2.0035,1.7601,0.1498,88.0,166
B0001,70,34.65,3.5772,2.0053,1.7697,0.1508,88.48,165
B0001,71,34.71,3.5679,2.0215,1.7479,0.1465,87.4,164
B0001,72,35.22,3.5842,2.022,1.7568,0.1537,87.84,163
B0001,73,34.36,3.5593,1.9276,1.7537,0.1497,87.69,162
B0001,74,34.57,3.5752,1.9697,1.7538,0.1535,87.69,161
B0001,75,34.58,3.54,2.0057,1.7508,0.155,87.54,160
B0001,76,34.44,3.5396,1.9557,1.7417,0.1539,87.09,159
B0001,77,34.94,3.566,1.9478,1.7525,0.1563,87.63,158
B0001,78,35.18,3.5112,1.9809,1.7403,0.1596,87.01,157
B0001,79,34.82,3.5658,2.0179,1.7314,0.1567,86.57,156
B0001,80,35.39,3.5308,2.0849,1.7604,0.1582,88.02,155
B0001,81,34.89,3.5623,1.9514,1.7411,0.1598,87.05,154
B0001,82,35.66,3.5748,1.9849,1.7578,0.1646,87.89,153
B0001,83,35.18,3.5626,1.9968,1.7288,0.1597,86.44,152
B0001,84,34.96,3.545,2.0091,1.7255,0.161,86.28,151
B0001,85,35.09,3.5129,1.9717,1.7268,0.1674,86.34,150
B0001,86,35.64,3.5179,2.0227,1.7374,0.1653,86.87,149
B0001,87,35.75,3.5368,2.0215,1.7386,0.1735,86.93,148
B0001,88,36.3,3.4981,1.9912,1.7077,0.1703,85.39,147
B0001,89,35.47,3.5107,2.0311,1.7273,0.1706,86.37,146
B0001,90,35.31,3.5114,1.9999,1.7306,0.1671,86.53,145
B0001,91,35.52,3.5399,1.9987,1.7245,0.1723,86.22,144
B0001,92,35.33,3.5102,1.9944,1.7119,0.1748,85.59,143
B0001,93,36.68,3.4922,2.0437,1.7077,0.1809,85.38,142
B0001,94,35.87,3.5223,2.0131,1.7214,0.174,86.07,141
B0001,95,36.49,3.4896,1.9369,1.7134,0.1776,85.67,140
B0001,96,36.15,3.5135,1.9999,1.7098,0.1795,85.49,139
B0001,97,36.18,3.5029,1.9749,1.7129,0.1795,85.64,138
B0001,98,35.23,3.5325,1.9711,1.7175,0.1733,85.87,137
B0001,99,36.45,3.4851,2.0748,1.6888,0.1763,84.44,136
B0001,100,35.55,3.5274,1.9185,1.7015,0.1788,85.08,135
B0001,101,36.27,3.4584,1.9669,1.7056,0.1882,85.28,134
B0001,102,36.45,3.4845,2.0019,1.7186,0.1871,85.93,133
B0001,103,36.29,3.4817,2.0322,1.6859,0.1878,84.3,132
B0001,104,36.84,3.4769,1.9999,1.687,0.1861,84.35,131
B0001,105,36.36,3.4744,1.9992,1.6985,0.1927,84.92,130
B0001,106,36.12,3.5146,1.9859,1.7089,0.1858,85.44,129
B0001,107,36.99,3.455,2.0253,1.6894,0.1916,84.47,128
B0001,108,35.96,3.4886,2.0353,1.6732,0.1867,83.66,127
B0001,109,36.24,3.4929,2.0159,1.6977,0.1893,84.89,126
B0001,110,36.7,3.4722,2.0075,1.6828,0.1991,84.14,125
B0001,111,36.38,3.4682,1.9782,1.6777,0.1894,83.88,124
B0001,112,36.29,3.4899,1.9651,1.6784,0.1895,83.92,123
B0001,113,36.65,3.4559,2.0639,1.6821,0.1946,84.11,122
B0001,114,36.7,3.4799,2.0193,1.6899,0.1982,84.49,121
B0001,115,36.81,3.4587,2.0189,1.683,0.2015,84.15,120
B0001,116,36.36,3.4409,1.9835,1.6811,0.1966,84.05,119
B0001,117,36.61,3.4304,2.065,1.659,0.2045,82.95,118
B0001,118,35.96,3.4825,1.9706,1.675,0.197,83.75,117
B0001,119,37.02,3.4261,1.9657,1.6615,0.2023,83.07,116
B0001,120,36.95,3.4681,1.9872,1.6628,0.2035,83.14,115
B0001,121,37.03,3.4335,2.0047,1.6766,0.1994,83.83,114
B0001,122,37.01,3.4624,2.0323,1.6574,0.2027,82.87,113
B0001,123,36.71,3.4122,1.9736,1.6506,0.2119,82.53,112
B0001,124,37.19,3.4508,1.9978,1.667,0.2032,83.35,111
B0001,125,37.35,3.4544,2.0222,1.6524,0.2065,82.62,110
B0001,126,37.02,3.4289,2.0023,1.6477,0.2086,82.38,109
B0001,127,37.27,3.4435,1.9839,1.6421,0.2118,82.11,108
B0001,128,36.67,3.4234,1.9613,1.6423,0.2117,82.12,107
B0001,129,37.04,3.4382,1.9906,1.6531,0.2109,82.66,106
B0001,130,37.29,3.4467,1.9897,1.6458,0.214,82.29,105
B0001,131,37.82,3.4239,2.0237,1.6266,0.2105,81.33,104
B0001,132,38.35,3.3758,2.0567,1.6284,0.2173,81.42,103
B0001,133,37.9,3.39,2.0298,1.6468,0.2181,82.34,102
B0001,134,38.19,3.3897,1.9805,1.6351,0.2143,81.75,101
B0001,135,38.07,3.4133,2.0049,1.639,0.2146,81.95,100
B0001,136,37.68,3.4285,1.9843,1.6432,0.2209,82.16,99
B0001,137,38.09,3.4287,1.9828,1.6243,0.2209,81.22,98
B0001,138,37.9,3.4032,1.9744,1.6175,0.2219,80.88,97
B0001,139,37.55,3.4067,1.9938,1.6175,0.2233,80.88,96
B0001,140,38.17,3.3862,2.043,1.6152,0.2255,80.76,95
B0001,141,37.66,3.3868,1.9991,1.6421,0.219,82.1,94
B0001,142,38.23,3.4091,2.0116,1.6201,0.227,81.0,93
B0001,143,37.79,3.3812,2.0032,1.6271,0.226,81.36,92
B0001,144,37.76,3.358,1.9838,1.6214,0.226,81.07,91
B0001,145,38.52,3.3881,1.9995,1.6139,0.2312,80.7,90
B0001,146,38.7,3.3527,1.9537,1.5977,0.2327,79.89,89
B0001,147,37.89,3.3746,2.0186,1.5961,0.2326,79.81,88
B0001,148,38.9,3.3537,1.9748,1.6064,0.2307,80.32,87
B0001,149,37.9,3.3703,2.0491,1.624,0.2297,81.2,86
B0001,150,38.83,3.3661,1.9978,1.6007,0.2369,80.03,85
B0001,151,38.33,3.3874,2.0025,1.5889,0.2386,79.44,84
B0001,152,38.42,3.3765,2.02,1.5928,0.2355,79.64,83
B0001,153,38.72,3.4008,2.0131,1.5992,0.239,79.96,82
B0001,154,38.83,3.3546,2.042,1.585,0.2377,79.25,81
B0001,155,38.77,3.3696,2.0195,1.5977,0.2378,79.89,80
B0001,156,38.94,3.3747,1.9929,1.5859,0.235,79.3,79
B0001,157,38.67,3.3922,2.0013,1.5915,0.2411,79.58,78
B0001,158,38.98,3.3815,1.9909,1.5714,0.242,78.57,77
B0001,159,38.93,3.3197,2.0078,1.5897,0.2444,79.48,76
B0001,160,38.7,3.3706,1.9489,1.5751,0.2438,78.75,75
B0001,161,38.3,3.3471,2.0195,1.5807,0.2475,79.03,74
B0001,162,39.07,3.3443,2.0049,1.5725,0.2491,78.63,73
B0001,163,39.23,3.3534,2.0172,1.5712,0.2508,78.56,72
B0001,164,39.22,3.3371,2.0386,1.5824,0.2489,79.12,71
B0001,165,39.1,3.3733,2.0369,1.5665,0.2418,78.33,70
B0001,166,39.31,3.3919,1.9899,1.5803,0.2532,79.02,69
B0001,167,39.77,3.3403,2.0328,1.5643,0.2544,78.21,68
B0001,168,39.47,3.3278,2.0327,1.5559,0.2535,77.8,67
B0001,169,38.91,3.3283,2.0102,1.5725,0.2544,78.63,66
B0001,170,39.38,3.3543,2.0031,1.5731,0.2575,78.66,65
B0001,171,40.12,3.3482,2.0586,1.5501,0.2585,77.51,64
B0001,172,39.43,3.3385,1.9731,1.5682,0.2638,78.41,63
B0001,173,39.44,3.3322,2.0428,1.5425,0.2601,77.12,62
B0001,174,39.89,3.3159,1.952,1.5379,0.2606,76.89,61
B0001,175,39.38,3.3101,1.9785,1.5442,0.2643,77.21,60
B0001,176,39.87,3.3,1.9773,1.5511,0.2631,77.55,59
B0001,177,39.89,3.2893,1.9719,1.551,0.2654,77.55,58
B0001,178,39.67,3.343,1.991,1.545,0.2637,77.25,57
B0001,179,40.48,3.2757,2.0514,1.5361,0.2678,76.8,56
B0001,180,40.02,3.3236,2.0167,1.5326,0.2661,76.63,55
B0001,181,40.61,3.2904,1.9766,1.5387,0.2712,76.93,54
B0001,182,40.42,3.3548,1.9614,1.5358,0.27,76.79,53
B0001,183,40.55,3.3214,2.0286,1.5287,0.2717,76.44,52
B0001,184,39.79,3.2729,1.996,1.5204,0.2708,76.02,51
B0001,185,39.95,3.3196,2.0064,1.5328,0.273,76.64,50
B0001,186,40.11,3.3222,1.9948,1.5189,0.275,75.95,49
B0001,187,40.88,3.2702,2.0061,1.51,0.2732,75.5,48
B0001,188,40.31,3.3112,1.9695,1.5099,0.2783,75.5,47
B0001,189,41.03,3.2599,2.041,1.5144,0.2783,75.72,46
B0001,190,41.23,3.319,2.012,1.5038,0.2807,75.19,45
B0001,191,39.37,3.2866,1.9958,1.5081,0.2763,75.41,44
B0001,192,41.15,3.3103,2.0369,1.5084,0.2815,75.42,43
B0001,193,41.62,3.2379,1.9958,1.5242,0.2848,76.21,42
B0001,194,40.57,3.262,2.0272,1.5053,0.2819,75.26,41
B0001,195,40.45,3.2871,1.9909,1.4933,0.2813,74.66,40
B0001,196,40.89,3.2901,1.9258,1.5017,0.2871,75.09,39
B0001,197,40.72,3.2461,1.9736,1.4844,0.2882,74.22,38
B0001,198,40.03,3.3001,1.9595,1.5006,0.284,75.03,37
B0001,199,40.86,3.2557,2.0081,1.493,0.2822,74.65,36
B0001,200,40.72,3.2578,2.0375,1.4882,0.2868,74.41,35
B0002,1,31.23,3.7296,2.0025,1.8223,0.0718,91.12,170
B0002,2,31.05,3.7462,1.9693,1.8319,0.0714,91.59,169
B0002,3,31.17,3.7455,1.9838,1.832,0.0769,91.6,168
B0002,4,30.88,3.743,1.9785,1.813,0.0724,90.65,167
B0002,5,30.86,3.6921,1.9547,1.8081,0.073,90.41,166
B0002,6,31.2,3.7391,2.0065,1.8129,0.0813,90.65,165
B0002,7,31.78,3.7497,1.93,1.8095,0.0795,90.48,164
B0002,8,31.3,3.7093,1.9982,1.8103,0.0815,90.51,163
B0002,9,31.64,3.7425,2.0249,1.8104,0.0846,90.52,162
B0002,10,31.3,3.7276,2.0295,1.8058,0.0793,90.29,161
B0002,11,31.7,3.7353,1.9636,1.8014,0.0851,90.07,160
B0002,12,32.13,3.7024,2.0324,1.8136,0.0871,90.68,159
B0002,13,31.55,3.6975,1.9964,1.794,0.0897,89.7,158
B0002,14,31.59,3.6756,2.0131,1.7957,0.0837,89.79,157
B0002,15,31.82,3.7299,2.0016,1.8051,0.0861,90.25,156
B0002,16,32.17,3.6967,2.0247,1.794,0.0856,89.7,155
B0002,17,31.8,3.6742,1.9851,1.7925,0.0891,89.63,154
B0002,18,32.46,3.6908,1.9963,1.7809,0.0941,89.05,153
B0002,19,31.56,3.6488,1.9827,1.7821,0.0937,89.11,152
B0002,20,32.02,3.6786,2.0002,1.7973,0.0951,89.87,151
B0002,21,32.12,3.6766,2.0116,1.7887,0.0964,89.43,150
B0002,22,32.22,3.7034,1.9802,1.7807,0.0959,89.03,149
B0002,23,33.01,3.7119,1.9951,1.7848,0.0987,89.24,148
B0002,24,32.64,3.7132,2.056,1.7728,0.1001,88.64,147
B0002,25,31.84,3.6779,1.9451,1.7687,0.0942,88.43,146
B0002,26,32.97,3.7001,1.9954,1.7604,0.101,88.02,145
B0002,27,32.91,3.6552,2.0072,1.7702,0.1031,88.51,144
B0002,28,32.81,3.6738,2.0031,1.7736,0.1055,88.68,143
B0002,29,33.09,3.6797,2.0067,1.7784,0.1047,88.92,142
B0002,30,32.2,3.6722,2.0044,1.7478,0.1028,87.39,141
B0002,31,33.21,3.655,2.0425,1.7769,0.1064,88.85,140
B0002,32,32.85,3.6538,2.0263,1.7504,0.1004,87.52,139
B0002,33,33.35,3.6549,2.0364,1.7629,0.1107,88.14,138
B0002,34,32.71,3.6608,2.026,1.7506,0.1092,87.53,137
B0002,35,33.37,3.6448,2.0283,1.7552,0.1123,87.76,136
B0002,36,32.7,3.6582,1.9994,1.749,0.1117,87.45,135
B0002,37,33.22,3.6369,2.0163,1.7453,0.1183,87.26,134
B0002,38,33.16,3.6252,2.0027,1.7336,0.1203,86.68,133
B0002,39,33.73,3.6373,2.0139,1.7436,0.1149,87.18,132
B0002,40,33.26,3.627,2.0124,1.7421,0.1202,87.1,131
B0002,41,33.49,3.6674,2.0208,1.7423,0.1174,87.12,130
B0002,42,33.32,3.6542,2.0059,1.7381,0.1215,86.91,129
B0002,43,33.39,3.6624,1.9412,1.7403,0.1158,87.01,128
B0002,44,33.28,3.6272,2.0207,1.7288,0.1192,86.44,127
B0002,45,33.96,3.6475,1.9705,1.7409,0.1257,87.04,126
B0002,46,33.96,3.6133,1.933,1.7271,0.13,86.35,125
B0002,47,33.56,3.6097,2.0505,1.7275,0.1214,86.38,124
B0002,48,33.66,3.633,1.9645,1.7242,0.1264,86.21,123
B0002,49,34.39,3.6234,2.0981,1.7188,0.127,85.94,122
B0002,50,34.22,3.6399,2.0075,1.7458,0.1274,87.29,121
B0002,51,33.47,3.5865,2.0265,1.7039,0.1253,85.2,120
B0002,52,33.94,3.6075,2.028,1.7207,0.1316,86.03,119
B0002,53,33.43,3.6232,2.0199,1.7239,0.1298,86.19,118
B0002,54,34.43,3.5944,2.0742,1.7147,0.132,85.73,117
B0002,55,34.68,3.6144,1.9835,1.7202,0.1397,86.01,116
B0002,56,33.78,3.6152,2.0209,1.7011,0.1317,85.05,115
B0002,57,33.92,3.6132,1.9994,1.7031,0.1343,85.15,114
B0002,58,34.23,3.5936,1.9957,1.7035,0.1409,85.17,113
B0002,59,33.89,3.6189,2.0096,1.7143,0.1405,85.72,112
B0002,60,34.32,3.6181,1.9284,1.6964,0.1405,84.82,111
B0002,61,34.49,3.5649,2.094,1.7065,0.1382,85.33,110
B0002,62,34.77,3.6084,1.9779,1.6892,0.1428,84.46,109
B0002,63,34.54,3.5876,2.0444,1.6793,0.1432,83.97,108
B0002,64,35.1,3.5365,1.9846,1.6893,0.1438,84.46,107
B0002,65,34.61,3.5725,2.0074,1.6866,0.1482,84.33,106
B0002,66,34.97,3.5621,2.0298,1.6789,0.1484,83.95,105
B0002,67,34.56,3.6036,2.0324,1.6768,0.146,83.84,104
B0002,68,34.9,3.6026,2.0244,1.6793,0.1485,83.97,103
B0002,69,33.97,3.5938,2.0501,1.6711,0.1475,83.55,102
B0002,70,35.04,3.5621,1.9716,1.6631,0.1537,83.16,101
B0002,71,35.09,3.5548,2.0497,1.6629,0.1557,83.15,100
B0002,72,34.84,3.5459,1.982,1.6789,0.1528,83.95,99
B0002,73,34.48,3.5573,1.9299,1.6565,0.1587,82.82,98
B0002,74,34.99,3.5665,1.9941,1.6572,0.1532,82.86,97
B0002,75,35.29,3.5393,1.9755,1.6581,0.1606,82.91,96
B0002,76,35.1,3.5813,2.0288,1.6533,0.1616,82.67,95
B0002,77,35.82,3.5456,2.0414,1.6549,0.1618,82.74,94
B0002,78,35.59,3.5271,1.9814,1.6656,0.1661,83.28,93
B0002,79,35.2,3.5451,2.015,1.6686,0.1597,83.43,92
B0002,80,34.95,3.5368,1.9888,1.6341,0.1619,81.71,91
B0002,81,35.06,3.5303,1.9833,1.6472,0.1583,82.36,90
B0002,82,34.95,3.5512,1.9906,1.6528,0.1641,82.64,89
B0002,83,35.67,3.564,1.9978,1.6454,0.1684,82.27,88
B0002,84,35.76,3.5021,1.9803,1.6508,0.1688,82.54,87
B0002,85,35.77,3.5526,2.008,1.6386,0.1709,81.93,86
B0002,86,35.71,3.5261,2.0165,1.6358,0.1715,81.79,85
B0002,87,35.19,3.5312,1.9745,1.6346,0.1658,81.73,84
B0002,88,35.74,3.5441,2.0117,1.6298,0.1722,81.49,83
B0002,89,35.35,3.5291,2.056,1.6218,0.1678,81.09,82
B0002,90,36.19,3.5061,2.0452,1.6351,0.174,81.76,81
B0002,91,36.56,3.4973,2.0309,1.6195,0.1778,80.97,80
B0002,92,36.5,3.5038,2.0068,1.6154,0.1821,80.77,79
B0002,93,35.92,3.5103,1.9876,1.6223,0.1748,81.12,78
B0002,94,36.35,3.5279,1.9907,1.6222,0.1858,81.11,77
B0002,95,35.94,3.467,1.9871,1.6235,0.1807,81.17,76
B0002,96,35.72,3.4876,1.9846,1.6126,0.1802,80.63,75
B0002,97,36.69,3.4635,1.9958,1.621,0.1857,81.05,74
B0002,98,35.91,3.4979,1.9784,1.6115,0.1855,80.58,73
B0002,99,36.68,3.5086,2.0241,1.6043,0.1868,80.22,72
B0002,100,36.06,3.5178,2.0276,1.5879,0.1829,79.39,71
B0002,101,36.58,3.4619,1.9785,1.5918,0.1887,79.59,70
B0002,102,37.28,3.4615,2.0251,1.5932,0.1912,79.66,69
B0002,103,36.8,3.4599,1.972,1.5876,0.1928,79.38,68
B0002,104,36.41,3.4891,1.9594,1.5902,0.19,79.51,67
B0002,105,37.29,3.4957,2.0094,1.5987,0.1954,79.93,66
B0002,106,36.98,3.5,2.0552,1.573,0.1913,78.65,65
B0002,107,37.46,3.4786,2.0571,1.5772,0.195,78.86,64
B0002,108,36.91,3.433,1.9651,1.5901,0.2003,79.5,63
B0002,109,37.31,3.4852,2.0127,1.5761,0.2023,78.81,62
B0002,110,36.6,3.4586,2.0033,1.5744,0.1987,78.72,61
B0002,111,36.52,3.4684,1.9789,1.5808,0.1993,79.04,60
B0002,112,37.13,3.4592,2.0461,1.5678,0.201,78.39,59
B0002,113,37.44,3.461,2.0601,1.5612,0.2046,78.06,58
B0002,114,37.12,3.4685,1.9174,1.5592,0.2053,77.96,57
B0002,115,37.06,3.4632,2.0183,1.5516,0.2053,77.58,56
B0002,116,36.94,3.413,2.0171,1.5733,0.2032,78.66,55
B0002,117,37.39,3.4306,2.0118,1.5462,0.2095,77.31,54
B0002,118,37.63,3.4068,2.0514,1.5452,0.2036,77.26,53
B0002,119,37.83,3.4573,2.0083,1.5529,0.2105,77.65,52
B0002,120,37.46,3.4094,1.9732,1.5471,0.2134,77.35,51
B0002,121,37.41,3.4223,1.9862,1.5538,0.2148,77.69,50
B0002,122,38.15,3.4438,1.9999,1.5396,0.2135,76.98,49
B0002,123,37.88,3.4111,1.9778,1.5347,0.2198,76.73,48
B0002,124,37.43,3.4386,1.9062,1.5594,0.2144,77.97,47
B0002,125,37.33,3.4569,1.9789,1.5308,0.2186,76.54,46
B0002,126,37.62,3.4346,1.978,1.5464,0.2167,77.32,45
B0002,127,37.53,3.4228,2.0359,1.5208,0.2196,76.04,44
B0002,128,38.36,3.4194,1.9826,1.5297,0.2179,76.48,43
B0002,129,37.8,3.4407,1.9944,1.5291,0.2234,76.45,42
B0002,130,38.5,3.4163,2.0173,1.5187,0.2202,75.93,41
B0002,131,38.5,3.4355,2.0233,1.5211,0.2274,76.06,40
B0002,132,38.21,3.4027,2.0522,1.4997,0.2247,74.98,39
B0002,133,38.04,3.4344,2.0257,1.5261,0.2202,76.3,38
B0002,134,38.23,3.4408,1.9895,1.507,0.2293,75.35,37
B0002,135,38.58,3.4285,2.0426,1.508,0.2271,75.4,36
B0002,136,37.82,3.3649,1.9737,1.5057,0.2311,75.29,35
B0002,137,38.63,3.4096,2.0513,1.5095,0.227,75.47,34
B0002,138,38.49,3.3888,2.0074,1.4985,0.2298,74.92,33
B0002,139,38.11,3.3674,1.9894,1.4934,0.23,74.67,32
B0002,140,39.53,3.3495,2.0047,1.5017,0.2387,75.09,31
B0002,141,38.64,3.4132,2.0053,1.5005,0.2343,75.02,30
B0002,142,38.63,3.4149,1.9789,1.5003,0.2341,75.02,29
B0002,143,39.15,3.4372,1.9783,1.4823,0.238,74.12,28
B0002,144,38.85,3.4097,2.0021,1.4744,0.2391,73.72,27
B0002,145,38.67,3.3998,2.0217,1.477,0.2402,73.85,26
B0002,146,39.16,3.3948,2.0198,1.4806,0.2425,74.03,25
B0002,147,39.21,3.3941,2.0073,1.4676,0.2403,73.38,24
B0002,148,39.19,3.3637,1.9929,1.4766,0.2486,73.83,23
B0002,149,39.61,3.4138,2.0249,1.4593,0.2472,72.96,22
B0002,150,39.04,3.3732,1.9565,1.4584,0.2489,72.92,21
B0002,151,39.34,3.3161,1.9828,1.4542,0.2519,72.71,20
B0002,152,39.26,3.3835,2.0144,1.4499,0.2525,72.49,19
B0002,153,39.29,3.3712,2.011,1.4464,0.2508,72.32,18
B0002,154,39.22,3.3692,2.0113,1.4547,0.2496,72.74,17
B0002,155,39.6,3.3683,2.0161,1.4408,0.2503,72.04,16
B0002,156,40.01,3.3325,2.0041,1.4443,0.2509,72.22,15
B0002,157,39.58,3.3358,2.0376,1.4362,0.2552,71.81,14
B0002,158,38.93,3.344,1.9956,1.455,0.2564,72.75,13
B0002,159,39.45,3.3352,2.0047,1.4356,0.2592,71.78,12
B0002,160,39.39,3.3668,1.9721,1.4327,0.256,71.63,11
B0002,161,39.57,3.3402,1.9809,1.4561,0.2601,72.8,10
B0002,162,39.63,3.3609,2.0486,1.4259,0.2645,71.3,9
B0002,163,39.3,3.4021,2.014,1.4226,0.2563,71.13,8
B0002,164,39.62,3.2522,1.9655,1.4168,0.266,70.84,7
B0002,165,40.2,3.311,1.9895,1.4021,0.2661,70.11,6
B0002,166,40.12,3.3672,2.0087,1.4171,0.2683,70.85,5
B0002,167,39.1,3.3213,2.0036,1.423,0.2586,71.15,4
B0002,168,40.02,3.3112,1.9613,1.4129,0.2709,70.65,3
B0002,169,39.16,3.2849,1.9646,1.4054,0.2646,70.27,2
B0002,170,40.16,3.3395,2.0501,1.3979,0.2711,69.9,1
B0002,171,40.32,3.2726,1.9739,1.3894,0.2708,69.47,0
B0002,172,40.84,3.3049,1.9857,1.386,0.2687,69.3,0
B0002,173,40.16,3.3131,1.9889,1.3889,0.2738,69.44,0
B0002,174,40.64,3.3023,2.0417,1.3966,0.276,69.83,0
B0002,175,40.43,3.3223,1.972,1.3833,0.2776,69.17,0
B0002,176,40.89,3.3111,1.9883,1.3835,0.2845,69.17,0
B0002,177,40.32,3.3233,2.0311,1.3976,0.2743,69.88,0
B0002,178,40.48,3.3085,2.025,1.3869,0.2781,69.34,0
B0002,179,40.21,3.2863,1.9511,1.3742,0.283,68.71,0
B0002,180,40.0,3.3112,1.9887,1.3837,0.2816,69.19,0
B0002,181,40.62,3.2966,2.0303,1.3639,0.279,68.19,0
B0002,182,40.56,3.2949,2.0015,1.3531,0.2824,67.66,0
B0002,183,40.47,3.2901,1.9645,1.3606,0.288,68.03,0
B0002,184,41.16,3.3068,2.0105,1.3634,0.2887,68.17,0
B0002,185,40.83,3.2589,2.0252,1.3585,0.2865,67.93,0
B0002,186,40.94,3.2596,2.012,1.3622,0.2874,68.11,0
B0002,187,40.85,3.2919,1.9835,1.341,0.2843,67.05,0
B0002,188,40.98,3.2698,2.0084,1.3488,0.2927,67.44,0
B0002,189,41.34,3.2981,2.0061,1.355,0.2908,67.75,0
B0002,190,41.2,3.2918,1.9871,1.3532,0.2912,67.66,0
B0002,191,41.11,3.2427,2.0201,1.3355,0.2953,66.77,0
B0002,192,41.79,3.2605,2.0288,1.3375,0.2959,66.88,0
B0002,193,41.01,3.2953,2.0063,1.3434,0.2887,67.17,0
B0002,194,41.9,3.2887,1.989,1.3434,0.3029,67.17,0
B0002,195,41.06,3.2532,1.9957,1.309,0.2966,65.45,0
B0002,196,41.5,3.234,1.9662,1.3345,0.3004,66.73,0
B0002,197,42.08,3.2405,2.0198,1.3156,0.3032,65.78,0
B0002,198,41.42,3.2539,2.014,1.3087,0.3052,65.43,0
B0002,199,43.2,3.2122,2.0238,1.3205,0.3077,66.02,0
B0002,200,42.11,3.2445,1.9545,1.3082,0.3089,65.41,0
B0003,1,31.46,3.7562,2.0044,1.8506,0.0776,92.53,172
B0003,2,31.66,3.7202,1.9811,1.8161,0.0786,90.8,171
B0003,3,31.72,3.6845,2.004,1.8311,0.0791,91.56,170
B0003,4,31.24,3.7317,2.0013,1.8311,0.0799,91.56,169
B0003,5,31.55,3.7207,2.0316,1.8236,0.0873,91.18,168
B0003,6,31.78,3.719,2.0072,1.8207,0.0854,91.03,167
B0003,7,32.17,3.689,2.0114,1.817,0.0861,90.85,166
B0003,8,32.06,3.6817,1.9962,1.8196,0.0869,90.98,165
B0003,9,31.88,3.7433,1.9988,1.8096,0.0883,90.48,164
B0003,10,31.88,3.7423,2.0484,1.8235,0.0916,91.17,163
B0003,11,32.04,3.7339,2.0697,1.7962,0.0919,89.81,162
B0003,12,31.96,3.6971,2.0194,1.806,0.091,90.3,161
B0003,13,32.08,3.6753,1.9975,1.8213,0.0938,91.07,160
B0003,14,32.06,3.7092,1.9574,1.8029,0.0931,90.15,159
B0003,15,32.17,3.7147,2.0335,1.8121,0.09,90.61,158
B0003,16,32.11,3.709,2.0454,1.7929,0.0955,89.64,157
B0003,17,31.8,3.6941,1.9739,1.8056,0.093,90.28,156
B0003,18,31.88,3.6896,1.9676,1.8028,0.0955,90.14,155
B0003,19,32.0,3.7012,1.9631,1.7832,0.0941,89.16,154
B0003,20,32.36,3.7153,2.0211,1.7979,0.097,89.89,153
B0003,21,31.65,3.6909,1.966,1.7987,0.0952,89.93,152
B0003,22,32.56,3.7088,2.0086,1.7908,0.0992,89.54,151
B0003,23,32.61,3.7012,2.0448,1.7883,0.102,89.41,150
B0003,24,32.91,3.6752,2.0465,1.7847,0.1061,89.24,149
B0003,25,32.59,3.6718,2.003,1.7934,0.1063,89.67,148
B0003,26,33.01,3.6829,1.993,1.7888,0.1012,89.44,147
B0003,27,32.33,3.6263,2.0022,1.7772,0.1054,88.86,146
B0003,28,32.94,3.6469,2.0189,1.788,0.1116,89.4,145
B0003,29,32.77,3.6696,1.9852,1.7699,0.1087,88.5,144
B0003,30,33.02,3.6644,2.0405,1.7843,0.1088,89.21,143
B0003,31,32.84,3.6572,1.9406,1.7705,0.1094,88.52,142
B0003,32,33.2,3.6445,2.0289,1.7759,0.112,88.79,141
B0003,33,32.7,3.6671,1.9919,1.7671,0.1079,88.36,140
B0003,34,33.78,3.6334,1.9777,1.7811,0.1157,89.05,139
B0003,35,32.68,3.6481,2.0131,1.7663,0.1096,88.31,138
B0003,36,32.83,3.667,2.0236,1.7676,0.1117,88.38,137
B0003,37,33.28,3.6688,2.0321,1.762,0.117,88.1,136
B0003,38,33.17,3.6756,1.9743,1.7526,0.1083,87.63,135
B0003,39,32.86,3.66,1.9932,1.7647,0.1127,88.23,134
B0003,40,33.66,3.6778,2.0381,1.7596,0.1242,87.98,133
B0003,41,33.13,3.6635,1.9783,1.7574,0.1213,87.87,132
B0003,42,33.48,3.6404,2.0165,1.7557,0.1201,87.79,131
B0003,43,32.9,3.6424,1.9613,1.7431,0.1201,87.16,130
B0003,44,33.4,3.594,1.9849,1.7496,0.1204,87.48,129
B0003,45,33.55,3.6067,1.9947,1.7406,0.1237,87.03,128
B0003,46,33.81,3.6375,2.0169,1.7512,0.1262,87.56,127
B0003,47,33.52,3.6304,2.0348,1.7353,0.1277,86.77,126
B0003,48,33.41,3.6194,2.0055,1.7396,0.1198,86.98,125
B0003,49,33.11,3.6478,1.9582,1.7421,0.1202,87.11,124
B0003,50,33.4,3.6202,2.0549,1.7291,0.1231,86.45,123
B0003,51,33.22,3.6226,2.0225,1.735,0.1237,86.75,122
B0003,52,33.74,3.608,1.9622,1.7407,0.1308,87.04,121
B0003,53,33.12,3.6212,1.9992,1.7218,0.1292,86.09,120
B0003,54,33.69,3.6376,1.9667,1.7311,0.1302,86.56,119
B0003,55,33.51,3.5699,1.9859,1.7225,0.1281,86.12,118
B0003,56,33.72,3.6067,1.9848,1.7115,0.133,85.57,117
B0003,57,33.84,3.6363,2.0085,1.721,0.1264,86.05,116
B0003,58,33.91,3.5872,2.0314,1.7188,0.1352,85.94,115
B0003,59,34.14,3.5993,2.0658,1.7163,0.1345,85.81,114
B0003,60,34.01,3.6095,1.9717,1.7117,0.1349,85.58,113
B0003,61,34.03,3.5856,1.9987,1.7186,0.1395,85.93,112
B0003,62,33.79,3.603,1.9855,1.7118,0.1351,85.59,111
B0003,63,34.4,3.5817,1.9762,1.7026,0.1399,85.13,110
B0003,64,34.36,3.5699,2.0502,1.6844,0.1384,84.22,109
B0003,65,34.88,3.5581,2.0087,1.7007,0.147,85.03,108
B0003,66,34.38,3.5554,1.9974,1.7207,0.1428,86.03,107
B0003,67,34.24,3.5896,2.0408,1.7117,0.1436,85.58,106
B0003,68,34.41,3.5778,2.0771,1.7014,0.1413,85.07,105
B0003,69,34.14,3.6026,2.0277,1.6919,0.1455,84.6,104
B0003,70,34.27,3.5919,1.9843,1.6868,0.1476,84.34,103
B0003,71,34.02,3.5735,1.9998,1.6889,0.1432,84.44,102
B0003,72,34.39,3.5512,1.9574,1.6757,0.1496,83.78,101
B0003,73,34.17,3.6045,1.9704,1.6751,0.1463,83.75,100
B0003,74,34.52,3.5579,2.0116,1.6903,0.1486,84.51,99
B0003,75,34.11,3.5924,1.9549,1.6878,0.1516,84.39,98
B0003,76,35.0,3.565,2.0257,1.681,0.1511,84.05,97
B0003,77,34.98,3.5504,1.9722,1.68,0.1517,84.0,96
B0003,78,34.55,3.5693,2.0519,1.6708,0.1499,83.54,95
B0003,79,34.86,3.5488,1.9624,1.6497,0.1549,82.48,94
B0003,80,34.94,3.5394,1.9921,1.6645,0.1572,83.22,93
B0003,81,35.06,3.5431,2.0281,1.6645,0.1558,83.23,92
B0003,82,35.1,3.5341,2.0031,1.668,0.157,83.4,91
B0003,83,34.97,3.5464,2.0361,1.6552,0.1587,82.76,90
B0003,84,34.46,3.5464,2.0585,1.6657,0.1552,83.29,89
B0003,85,35.25,3.5306,2.0073,1.6442,0.1597,82.21,88
B0003,86,35.38,3.5126,2.005,1.651,0.1564,82.55,87
B0003,87,35.05,3.5472,1.9469,1.6462,0.1601,82.31,86
B0003,88,35.32,3.5262,2.0208,1.6472,0.1569,82.36,85
B0003,89,34.96,3.561,2.0204,1.6547,0.159,82.73,84
B0003,90,34.57,3.5353,1.9558,1.6467,0.1648,82.34,83
B0003,91,35.1,3.5077,1.9722,1.6493,0.1596,82.46,82
B0003,92,35.49,3.5477,1.9981,1.6451,0.1617,82.25,81
B0003,93,35.74,3.5167,2.0159,1.6449,0.1603,82.24,80
B0003,94,35.48,3.5002,1.9282,1.6367,0.166,81.84,79
B0003,95,35.77,3.5343,2.0515,1.6267,0.1654,81.33,78
B0003,96,36.24,3.5242,1.9895,1.6248,0.1714,81.24,77
B0003,97,35.29,3.5109,1.9691,1.6169,0.1673,80.85,76
B0003,98,35.74,3.4743,2.0353,1.6214,0.1671,81.07,75
B0003,99,35.3,3.4947,1.926,1.6352,0.1665,81.76,74
B0003,100,35.9,3.5146,1.9967,1.6071,0.1722,80.36,73
B0003,101,36.4,3.5026,1.9879,1.6239,0.1758,81.2,72
B0003,102,35.73,3.4832,2.0022,1.6086,0.1688,80.43,71
B0003,103,35.98,3.5095,2.0438,1.6043,0.1729,80.21,70
B0003,104,35.63,3.5417,1.9568,1.6073,0.1745,80.36,69
B0003,105,36.5,3.5043,2.0,1.6159,0.1796,80.8,68
B0003,106,35.56,3.5173,2.006,1.601,0.1766,80.05,67
B0003,107,36.1,3.4929,2.0419,1.6026,0.1809,80.13,66
B0003,108,35.46,3.5013,2.03,1.5975,0.1847,79.88,65
B0003,109,36.06,3.5222,1.9944,1.5924,0.1808,79.62,64
B0003,110,36.64,3.5011,1.9836,1.5876,0.1792,79.38,63
B0003,111,36.55,3.5017,2.03,1.5819,0.1838,79.09,62
B0003,112,36.0,3.5149,1.985,1.5735,0.1827,78.67,61
B0003,113,35.03,3.5152,1.9701,1.5721,0.1805,78.61,60
B0003,114,36.44,3.4828,2.0053,1.5761,0.1822,78.8,59
B0003,115,36.24,3.4675,1.9852,1.5775,0.1861,78.87,58
B0003,116,36.24,3.4818,1.9741,1.5834,0.1862,79.17,57
B0003,117,36.97,3.5053,1.9625,1.5535,0.1885,77.68,56
B0003,118,36.39,3.49,2.0108,1.5753,0.1858,78.76,55
B0003,119,36.37,3.4987,1.9724,1.5591,0.1905,77.95,54
B0003,120,36.63,3.4797,1.9353,1.5595,0.1894,77.98,53
B0003,121,36.58,3.4526,1.9617,1.5674,0.1937,78.37,52
B0003,122,37.16,3.4164,1.9964,1.5611,0.1938,78.05,51
B0003,123,36.39,3.4434,1.9921,1.5589,0.1924,77.95,50
B0003,124,36.59,3.4814,1.9928,1.5506,0.1931,77.53,49
B0003,125,37.1,3.4875,2.0446,1.5515,0.193,77.58,48
B0003,126,36.71,3.4456,2.0493,1.5427,0.1936,77.13,47
B0003,127,37.23,3.4662,1.9999,1.5369,0.1961,76.85,46
B0003,128,37.24,3.4293,1.9922,1.5392,0.2013,76.96,45
B0003,129,37.07,3.4693,1.9824,1.5329,0.198,76.65,44
B0003,130,36.6,3.4479,1.9812,1.5408,0.1975,77.04,43
B0003,131,37.07,3.4355,2.0018,1.5241,0.2042,76.2,42
B0003,132,36.92,3.4767,1.9815,1.5221,0.199,76.1,41
B0003,133,36.55,3.385,2.0316,1.5139,0.1993,75.7,40
B0003,134,37.24,3.4564,2.0257,1.5228,0.2041,76.14,39
B0003,135,37.18,3.4442,2.025,1.5246,0.1994,76.23,38
B0003,136,37.35,3.432,2.0249,1.5186,0.1989,75.93,37
B0003,137,37.18,3.4271,2.0238,1.503,0.2068,75.15,36
B0003,138,36.87,3.4434,2.0132,1.5179,0.203,75.9,35
B0003,139,37.89,3.4796,2.0154,1.5163,0.2055,75.81,34
B0003,140,37.22,3.4559,2.0256,1.5146,0.2073,75.73,33
B0003,141,37.73,3.415,1.9938,1.4837,0.2128,74.18,32
B0003,142,37.76,3.3834,1.9898,1.4948,0.2113,74.74,31
B0003,143,37.19,3.3861,1.968,1.4989,0.2165,74.94,30
B0003,144,37.07,3.3921,2.0225,1.4939,0.2137,74.69,29
B0003,145,37.01,3.4067,2.0211,1.4844,0.206,74.22,28
B0003,146,37.72,3.4002,1.9708,1.4902,0.2139,74.51,27
B0003,147,37.65,3.3991,2.0168,1.4654,0.2134,73.27,26
B0003,148,37.95,3.3696,1.9822,1.4763,0.2182,73.82,25
B0003,149,37.05,3.4185,1.9548,1.4818,0.215,74.09,24
B0003,150,38.02,3.3997,1.9971,1.4661,0.2174,73.31,23
B0003,151,37.78,3.4099,1.9962,1.4631,0.2198,73.16,22
B0003,152,38.46,3.3865,1.992,1.4756,0.2229,73.78,21
B0003,153,37.85,3.4103,2.0028,1.4375,0.2198,71.87,20
B0003,154,37.71,3.4254,1.9958,1.4599,0.2194,72.99,19
B0003,155,38.24,3.3469,1.9595,1.4596,0.2232,72.98,18
B0003,156,37.56,3.3672,1.9855,1.4513,0.2252,72.56,17
B0003,157,38.64,3.3911,2.0416,1.4495,0.2223,72.47,16
B0003,158,37.62,3.3569,1.945,1.4429,0.2201,72.15,15
B0003,159,38.58,3.3673,2.024,1.438,0.2256,71.9,14
B0003,160,38.31,3.3688,2.02,1.4459,0.2307,72.29,13
B0003,161,38.02,3.3878,2.0107,1.436,0.2258,71.8,12
B0003,162,38.93,3.3623,2.0318,1.4351,0.2348,71.76,11
B0003,163,38.72,3.3626,1.9817,1.437,0.2347,71.85,10
B0003,164,38.56,3.3598,2.0003,1.4252,0.233,71.26,9
B0003,165,38.57,3.3967,1.994,1.4083,0.2296,70.42,8
B0003,166,38.48,3.3774,2.0545,1.4315,0.2271,71.58,7
B0003,167,38.34,3.3479,2.0372,1.4104,0.2311,70.52,6
B0003,168,38.3,3.389,2.0325,1.4159,0.2327,70.79,5
B0003,169,38.14,3.3567,2.0186,1.4185,0.236,70.92,4
B0003,170,38.66,3.3707,1.9748,1.4031,0.2386,70.15,3
B0003,171,38.88,3.3526,2.0262,1.4078,0.2383,70.39,2
B0003,172,39.24,3.3737,2.0312,1.4026,0.2371,70.13,1
B0003,173,39.07,3.3527,2.0532,1.4031,0.239,70.15,0
B0003,174,38.44,3.3605,2.0004,1.3974,0.2368,69.87,0
B0003,175,38.82,3.3611,1.9975,1.3933,0.2422,69.66,0
B0003,176,38.6,3.3533,1.9566,1.3886,0.2416,69.43,0
B0003,177,39.09,3.3216,1.9938,1.375,0.2446,68.75,0
B0003,178,38.37,3.294,1.9352,1.3899,0.2371,69.5,0
B0003,179,39.02,3.2763,2.0234,1.3773,0.2431,68.86,0
B0003,180,39.11,3.3177,2.0005,1.3771,0.2424,68.85,0
B0003,181,38.89,3.3233,1.9933,1.3659,0.2425,68.3,0
B0003,182,39.28,3.2951,2.0004,1.3686,0.244,68.43,0
B0003,183,38.92,3.3153,1.9911,1.3512,0.2476,67.56,0
B0003,184,39.41,3.3389,2.0426,1.3689,0.2472,68.45,0
B0003,185,38.72,3.3373,1.9835,1.3478,0.2446,67.39,0
B0003,186,39.14,3.2983,1.9496,1.3453,0.2544,67.27,0
B0003,187,39.25,3.3013,1.9804,1.3455,0.2493,67.28,0
B0003,188,39.66,3.3209,2.0517,1.3566,0.2535,67.83,0
B0003,189,39.25,3.3394,1.9919,1.3361,0.2486,66.8,0
B0003,190,39.68,3.2961,2.038,1.3389,0.2556,66.94,0
B0003,191,39.54,3.3327,1.9633,1.3372,0.2562,66.86,0
B0003,192,39.47,3.2961,1.984,1.3361,0.2602,66.81,0
B0003,193,39.31,3.3257,1.9929,1.3456,0.2587,67.28,0
B0003,194,39.67,3.3072,2.0051,1.3293,0.2605,66.47,0
B0003,195,39.94,3.3068,2.0075,1.3289,0.2613,66.44,0
B0003,196,39.84,3.2935,1.9933,1.3125,0.2581,65.63,0
B0003,197,40.03,3.2924,2.0066,1.3294,0.2635,66.47,0
B0003,198,39.54,3.2947,1.9912,1.3057,0.2621,65.28,0
B0003,199,40.2,3.2576,1.9734,1.3022,0.2618,65.11,0
B0003,200,39.53,3.2862,1.981,1.3145,0.2637,65.73,0
B0004,1,31.97,3.768,1.9593,1.8141,0.0686,90.71,178
B0004,2,31.12,3.739,1.9896,1.8289,0.0686,91.44,177
B0004,3,31.44,3.764,2.0332,1.8166,0.0755,90.83,176
B0004,4,31.49,3.7252,2.0445,1.815,0.0706,90.75,175
B0004,5,31.43,3.7327,2.0412,1.8043,0.0771,90.21,174
B0004,6,30.88,3.7378,1.9928,1.8059,0.0762,90.3,173
B0004,7,31.4,3.7828,1.9639,1.8149,0.0747,90.75,172
B0004,8,31.75,3.7136,2.03,1.8048,0.0793,90.24,171
B0004,9,31.58,3.7107,2.0135,1.7939,0.076,89.7,170
B0004,10,31.37,3.7155,1.9928,1.8073,0.0773,90.37,169
B0004,11,32.03,3.721,2.0466,1.8022,0.0846,90.11,168
B0004,12,31.94,3.7033,1.952,1.7875,0.0841,89.38,167
B0004,13,31.25,3.6939,2.0127,1.7962,0.0777,89.81,166
B0004,14,31.96,3.7044,2.0144,1.8002,0.0867,90.01,165
B0004,15,32.53,3.6899,2.0165,1.7944,0.093,89.72,164
B0004,16,31.95,3.7224,2.0212,1.8028,0.0875,90.14,163
B0004,17,31.29,3.6993,2.0027,1.791,0.0882,89.55,162
B0004,18,31.87,3.6942,2.0162,1.7993,0.0887,89.96,161
B0004,19,32.09,3.7241,2.0356,1.7908,0.0883,89.54,160
B0004,20,31.42,3.6835,2.0053,1.7815,0.0891,89.08,159
B0004,21,32.26,3.6928,2.0086,1.7861,0.0958,89.3,158
B0004,22,32.49,3.6702,1.9627,1.7645,0.097,88.22,157
B0004,23,32.24,3.6898,1.9983,1.7716,0.0934,88.58,156
B0004,24,32.05,3.6675,1.974,1.7809,0.0979,89.05,155
B0004,25,32.2,3.6592,2.0038,1.7576,0.0956,87.88,154
B0004,26,31.89,3.6829,1.9899,1.7797,0.0976,88.98,153
B0004,27,32.59,3.6772,1.9923,1.7619,0.0965,88.09,152
B0004,28,32.86,3.684,1.9541,1.7614,0.0982,88.07,151
B0004,29,32.77,3.647,2.0139,1.7773,0.1047,88.87,150
B0004,30,32.59,3.6552,1.9763,1.7505,0.105,87.53,149
B0004,31,32.39,3.6883,1.9366,1.7677,0.1051,88.38,148
B0004,32,32.92,3.6594,1.9644,1.7576,0.1031,87.88,147
B0004,33,32.85,3.6411,1.9982,1.7624,0.1085,88.12,146
B0004,34,32.46,3.6455,1.9702,1.7441,0.1069,87.21,145
B0004,35,33.92,3.6831,2.0102,1.7481,0.1104,87.4,144
B0004,36,32.44,3.6672,2.042,1.7402,0.1072,87.01,143
B0004,37,32.68,3.6512,1.9827,1.7535,0.1085,87.67,142
B0004,38,32.4,3.6449,1.9841,1.7381,0.1194,86.91,141
B0004,39,33.05,3.6112,1.9844,1.7511,0.1144,87.56,140
B0004,40,32.31,3.6485,2.0027,1.7473,0.1079,87.36,139
B0004,41,33.05,3.613,1.9894,1.7432,0.1156,87.16,138
B0004,42,32.84,3.6552,1.9339,1.7364,0.1151,86.82,137
B0004,43,33.25,3.6349,1.9827,1.7413,0.1196,87.07,136
B0004,44,33.52,3.6399,1.9772,1.7236,0.1219,86.18,135
B0004,45,33.16,3.6599,2.0407,1.7166,0.117,85.83,134
B0004,46,33.41,3.6254,1.9931,1.7248,0.1193,86.24,133
B0004,47,32.81,3.6317,1.9628,1.7358,0.122,86.79,132
B0004,48,33.59,3.6105,1.9941,1.7384,0.1262,86.92,131
B0004,49,33.76,3.638,1.9872,1.7395,0.1229,86.98,130
B0004,50,33.83,3.5836,1.9786,1.7378,0.128,86.89,129
B0004,51,33.07,3.6032,1.95,1.7264,0.1265,86.32,128
B0004,52,33.94,3.605,1.9822,1.7327,0.1271,86.63,127
B0004,53,33.39,3.6598,2.0167,1.7068,0.1336,85.34,126
B0004,54,33.97,3.6356,1.9841,1.7041,0.1314,85.2,125
B0004,55,33.2,3.6067,1.9989,1.7185,0.1287,85.92,124
B0004,56,33.99,3.6394,2.0279,1.6941,0.1346,84.7,123
B0004,57,33.7,3.6156,2.014,1.7094,0.1345,85.47,122
B0004,58,34.08,3.6182,1.9845,1.6894,0.1376,84.47,121
B0004,59,34.18,3.5808,2.0119,1.7059,0.1379,85.29,120
B0004,60,34.49,3.6017,2.0213,1.6918,0.137,84.59,119
B0004,61,34.47,3.5789,2.0277,1.6905,0.1389,84.52,118
B0004,62,33.85,3.623,1.9778,1.6958,0.1368,84.79,117
B0004,63,34.2,3.5925,1.9788,1.6936,0.1435,84.68,116
B0004,64,34.17,3.5842,1.9777,1.6927,0.1435,84.63,115
B0004,65,34.57,3.557,2.0174,1.6805,0.1473,84.02,114
B0004,66,34.65,3.5599,2.0137,1.6731,0.1482,83.65,113
B0004,67,34.4,3.5878,2.0435,1.6892,0.1432,84.46,112
B0004,68,34.61,3.5247,2.0168,1.6981,0.149,84.9,111
B0004,69,34.57,3.5787,1.9651,1.6863,0.1522,84.32,110
B0004,70,33.93,3.5785,1.9929,1.6883,0.1478,84.41,109
B0004,71,34.43,3.5633,2.0335,1.6657,0.1533,83.28,108
B0004,72,35.35,3.5867,2.0113,1.6713,0.1567,83.56,107
B0004,73,34.83,3.5772,1.9701,1.6878,0.1526,84.39,106
B0004,74,34.9,3.5552,2.0594,1.6612,0.1555,83.06,105
B0004,75,34.38,3.5585,2.0245,1.6796,0.1537,83.98,104
B0004,76,34.87,3.58,2.0035,1.6776,0.1502,83.88,103
B0004,77,35.55,3.5688,2.0232,1.6679,0.1582,83.4,102
B0004,78,34.97,3.5356,1.9782,1.6647,0.1627,83.23,101
B0004,79,34.48,3.5462,1.9264,1.6496,0.1575,82.48,100
B0004,80,35.22,3.5268,1.9783,1.655,0.1633,82.75,99
B0004,81,35.2,3.5423,2.0298,1.6531,0.1629,82.65,98
B0004,82,35.76,3.5715,2.0626,1.6515,0.1664,82.57,97
B0004,83,36.03,3.4694,2.0237,1.6386,0.1737,81.93,96
B0004,84,35.63,3.547,2.0234,1.6539,0.1662,82.7,95
B0004,85,35.68,3.5483,2.0271,1.646,0.1666,82.3,94
B0004,86,36.12,3.5405,1.9754,1.6276,0.1657,81.38,93
B0004,87,35.69,3.5389,2.0078,1.6398,0.1729,81.99,92
B0004,88,35.31,3.5236,2.0551,1.6361,0.1705,81.81,91
B0004,89,35.24,3.4969,2.0226,1.6139,0.168,80.69,90
B0004,90,35.99,3.5321,2.0357,1.6323,0.1751,81.61,89
B0004,91,35.56,3.4975,1.9874,1.6313,0.1761,81.57,88
B0004,92,35.77,3.5464,2.044,1.6185,0.1754,80.92,87
B0004,93,35.4,3.5221,2.0313,1.635,0.1702,81.75,86
B0004,94,36.38,3.4943,1.9719,1.6309,0.1793,81.55,85
B0004,95,36.14,3.5182,2.0526,1.6224,0.1831,81.12,84
B0004,96,35.93,3.5259,2.0511,1.6173,0.1774,80.87,83
B0004,97,36.19,3.4702,2.0104,1.6126,0.182,80.63,82
B0004,98,36.71,3.4765,2.0475,1.6202,0.1845,81.01,81
B0004,99,36.97,3.4989,2.0209,1.6183,0.1915,80.92,80
B0004,100,36.14,3.5038,1.9889,1.6077,0.1823,80.39,79
B0004,101,36.71,3.4881,1.9919,1.6115,0.1865,80.58,78
B0004,102,36.34,3.4695,1.9926,1.6014,0.1846,80.07,77
B0004,103,37.35,3.4718,2.0309,1.6073,0.1925,80.36,76
B0004,104,35.99,3.4847,2.0244,1.6011,0.1868,80.06,75
B0004,105,36.49,3.4676,2.0432,1.6004,0.1906,80.02,74
B0004,106,36.13,3.4876,1.9551,1.6091,0.1919,80.46,73
B0004,107,36.64,3.5077,1.981,1.5744,0.1915,78.72,72
B0004,108,36.86,3.4931,2.0086,1.5941,0.191,79.71,71
B0004,109,36.8,3.4887,1.9904,1.5818,0.1964,79.09,70
B0004,110,36.86,3.4518,1.9913,1.5897,0.1976,79.49,69
B0004,111,36.82,3.4649,1.9619,1.5725,0.1946,78.62,68
B0004,112,36.9,3.4798,1.9959,1.5806,0.2024,79.03,67
B0004,113,37.58,3.4713,1.9881,1.5681,0.196,78.4,66
B0004,114,37.06,3.474,1.9358,1.5805,0.2009,79.02,65
B0004,115,37.43,3.4546,1.9942,1.5816,0.2043,79.08,64
B0004,116,36.88,3.4962,2.017,1.5688,0.1977,78.44,63
B0004,117,36.69,3.5008,2.0197,1.5736,0.2054,78.68,62
B0004,118,37.48,3.4412,1.9651,1.5524,0.2071,77.62,61
B0004,119,37.04,3.4495,2.0161,1.5639,0.2019,78.2,60
B0004,120,37.31,3.4321,2.0072,1.5559,0.2132,77.8,59
B0004,121,37.89,3.4213,2.0612,1.5635,0.2086,78.17,58
B0004,122,37.27,3.3984,2.0151,1.5507,0.2077,77.54,57
B0004,123,37.34,3.4222,2.0126,1.5421,0.2093,77.11,56
B0004,124,37.68,3.4295,2.0181,1.5373,0.2169,76.86,55
B0004,125,38.34,3.4251,2.0697,1.5345,0.2138,76.72,54
B0004,126,37.25,3.412,1.9726,1.5649,0.215,78.24,53
B0004,127,37.54,3.4471,2.0504,1.5332,0.2135,76.66,52
B0004,128,37.74,3.41,2.0447,1.5395,0.2128,76.98,51
B0004,129,37.04,3.429,1.9735,1.5448,0.2134,77.24,50
B0004,130,38.79,3.4292,2.0731,1.5271,0.2177,76.35,49
B0004,131,37.98,3.3932,2.009,1.5302,0.2199,76.51,48
B0004,132,37.43,3.4121,2.0027,1.5259,0.2234,76.3,47
B0004,133,37.98,3.4527,2.0157,1.5222,0.221,76.11,46
B0004,134,38.33,3.422,2.0226,1.5242,0.2292,76.21,45
B0004,135,38.75,3.4192,2.0087,1.511,0.2325,75.55,44
B0004,136,38.01,3.4207,2.0087,1.5138,0.2204,75.69,43
B0004,137,38.57,3.4439,2.0272,1.523,0.2259,76.15,42
B0004,138,38.31,3.373,2.0394,1.5257,0.2306,76.29,41
B0004,139,38.66,3.3981,2.0096,1.5068,0.2325,75.34,40
B0004,140,38.33,3.3969,2.0485,1.4966,0.2304,74.83,39
B0004,141,38.4,3.3888,1.9852,1.5145,0.2349,75.72,38
B0004,142,38.52,3.4099,2.0202,1.4949,0.2334,74.75,37
B0004,143,38.23,3.3655,2.0075,1.4994,0.2365,74.97,36
B0004,144,38.27,3.3809,1.9844,1.4938,0.2313,74.69,35
B0004,145,38.48,3.4065,2.0233,1.5015,0.2358,75.08,34
B0004,146,38.08,3.37,1.9998,1.4912,0.238,74.56,33
B0004,147,38.51,3.3826,2.0044,1.4904,0.2429,74.52,32
B0004,148,38.86,3.4003,2.0394,1.4918,0.2423,74.59,31
B0004,149,38.83,3.3386,2.0097,1.481,0.2459,74.05,30
B0004,150,39.41,3.3684,2.0053,1.4733,0.2452,73.66,29
B0004,151,38.84,3.3791,2.0273,1.4858,0.2454,74.29,28
B0004,152,39.17,3.3818,2.0374,1.4628,0.2451,73.14,27
B0004,153,39.52,3.3374,2.0102,1.4805,0.2475,74.02,26
B0004,154,39.1,3.3535,1.9944,1.4641,0.2488,73.21,25
B0004,155,39.43,3.3835,2.0319,1.467,0.245,73.35,24
B0004,156,39.13,3.3756,2.013,1.4561,0.2518,72.81,23
B0004,157,39.19,3.3485,1.9787,1.4567,0.2552,72.84,22
B0004,158,38.84,3.311,1.9587,1.453,0.2539,72.65,21
B0004,159,39.34,3.3166,1.9931,1.4607,0.2502,73.03,20
B0004,160,39.6,3.3744,2.0437,1.4474,0.2527,72.37,19
B0004,161,39.92,3.3459,1.9986,1.446,0.2575,72.3,18
B0004,162,39.65,3.3449,2.0757,1.4359,0.2572,71.8,17
B0004,163,40.18,3.338,2.0055,1.4505,0.2585,72.53,16
B0004,164,39.63,3.3243,2.0402,1.4435,0.256,72.17,15
B0004,165,39.87,3.331,1.9522,1.4454,0.2575,72.27,14
B0004,166,39.93,3.3153,2.0043,1.4252,0.2634,71.26,13
B0004,167,40.29,3.3228,2.0272,1.4296,0.2614,71.48,12
B0004,168,40.05,3.3161,2.0146,1.4134,0.2634,70.67,11
B0004,169,40.7,3.3079,1.9936,1.4298,0.2688,71.49,10
B0004,170,40.07,3.3383,1.9724,1.417,0.2715,70.85,9
B0004,171,39.75,3.3446,1.9985,1.4243,0.2675,71.22,8
B0004,172,39.65,3.2704,2.0017,1.424,0.2638,71.2,7
B0004,173,40.02,3.3009,1.963,1.4212,0.268,71.06,6
B0004,174,40.29,3.297,2.0147,1.4176,0.2681,70.88,5
B0004,175,40.53,3.3118,1.9946,1.4016,0.2757,70.08,4
B0004,176,39.98,3.3391,1.9599,1.4,0.2758,70.0,3
B0004,177,40.26,3.3061,1.9809,1.4056,0.2687,70.28,2
B0004,178,40.93,3.2855,1.9574,1.4194,0.2806,70.97,1
B0004,179,40.31,3.2783,1.9731,1.3979,0.2746,69.89,0
B0004,180,40.87,3.3069,2.0363,1.399,0.2797,69.95,0
B0004,181,40.73,3.3123,1.9531,1.3892,0.2807,69.46,0
B0004,182,40.66,3.2889,2.0004,1.3931,0.2786,69.65,0
B0004,183,40.64,3.3169,2.0193,1.3935,0.2794,69.67,0
B0004,184,40.37,3.3126,2.0375,1.387,0.2793,69.35,0
B0004,185,41.05,3.2605,1.9858,1.3875,0.2876,69.38,0
B0004,186,40.13,3.2875,1.9876,1.3875,0.2781,69.37,0
B0004,187,41.1,3.2258,2.0076,1.3816,0.2851,69.08,0
B0004,188,40.54,3.2653,2.0028,1.3702,0.2853,68.51,0
B0004,189,40.7,3.27,1.9675,1.3767,0.2882,68.84,0
B0004,190,41.58,3.286,1.9819,1.3451,0.2905,67.26,0
B0004,191,41.0,3.2495,1.9774,1.3654,0.2918,68.27,0
B0004,192,41.39,3.261,2.0066,1.3753,0.2908,68.77,0
B0004,193,41.02,3.2693,1.9852,1.3587,0.2906,67.93,0
B0004,194,41.21,3.2791,2.0149,1.3605,0.2943,68.02,0
B0004,195,41.34,3.2893,1.973,1.3492,0.2986,67.46,0
B0004,196,41.42,3.2646,1.9996,1.3506,0.2909,67.53,0
B0004,197,41.27,3.2573,2.038,1.3532,0.3015,67.66,0
B0004,198,41.32,3.2261,2.0153,1.3465,0.2975,67.33,0
B0004,199,41.6,3.2287,2.0662,1.3403,0.2966,67.02,0
B0004,200,40.89,3.2443,1.9895,1.3319,0.2961,66.6,0
B0005,1,31.27,3.7449,2.0423,1.8239,0.0743,91.2,192
B0005,2,31.92,3.7148,2.0294,1.823,0.0739,91.15,191
B0005,3,31.9,3.7188,1.9775,1.8354,0.0758,91.77,190
B0005,4,31.86,3.7431,2.013,1.8276,0.0737,91.38,189
B0005,5,31.48,3.7548,2.0344,1.8035,0.072,90.17,188
B0005,6,31.62,3.7399,1.9744,1.8236,0.0773,91.18,187
B0005,7,30.85,3.7659,1.9791,1.824,0.0729,91.2,186
B0005,8,31.69,3.719,1.9198,1.8184,0.0813,90.92,185
B0005,9,31.82,3.685,1.984,1.8058,0.0812,90.29,184
B0005,10,31.86,3.7632,1.9877,1.8235,0.0842,91.17,183
B0005,11,31.8,3.715,1.997,1.8166,0.0809,90.83,182
B0005,12,32.19,3.6704,2.0339,1.802,0.0839,90.1,181
B0005,13,31.45,3.7412,1.9909,1.8031,0.0808,90.15,180
B0005,14,32.59,3.6699,2.0005,1.7909,0.0828,89.55,179
B0005,15,31.85,3.6705,2.0286,1.7952,0.0888,89.76,178
B0005,16,31.71,3.738,1.9823,1.7973,0.0868,89.87,177
B0005,17,32.05,3.7284,1.9953,1.7884,0.0902,89.42,176
B0005,18,32.09,3.655,1.9891,1.8035,0.0897,90.18,175
B0005,19,31.92,3.6946,1.965,1.7942,0.0942,89.71,174
B0005,20,31.92,3.7096,1.9862,1.7996,0.0932,89.98,173
B0005,21,32.07,3.6629,1.9921,1.7827,0.0885,89.13,172
B0005,22,32.11,3.6975,2.0213,1.7833,0.0905,89.16,171
B0005,23,32.82,3.7259,2.0049,1.7815,0.0918,89.07,170
B0005,24,32.34,3.6706,1.9535,1.803,0.0962,90.15,169
B0005,25,32.39,3.6945,1.9507,1.7689,0.0914,88.44,168
B0005,26,32.87,3.6757,2.0281,1.7846,0.1007,89.23,167
B0005,27,32.05,3.6826,2.0217,1.7823,0.0948,89.12,166
B0005,28,32.76,3.6799,2.0001,1.7782,0.1005,88.91,165
B0005,29,33.03,3.6868,2.0235,1.7861,0.1011,89.31,164
B0005,30,32.49,3.6286,1.9763,1.7934,0.1022,89.67,163
B0005,31,32.43,3.6792,1.9718,1.7801,0.1025,89.0,162
B0005,32,32.58,3.6778,1.9438,1.7744,0.1034,88.72,161
B0005,33,32.76,3.6998,2.0287,1.7781,0.1072,88.9,160
B0005,34,32.62,3.6691,1.9713,1.7703,0.1071,88.52,159
B0005,35,33.15,3.6487,1.9908,1.7712,0.1111,88.56,158
B0005,36,32.53,3.6904,2.0149,1.7642,0.1035,88.21,157
B0005,37,32.81,3.6745,1.9617,1.7534,0.1088,87.67,156
B0005,38,33.43,3.6928,2.0204,1.7477,0.1091,87.38,155
B0005,39,32.86,3.6452,1.9524,1.7577,0.1097,87.88,154
B0005,40,32.88,3.623,2.0046,1.7719,0.1097,88.59,153
B0005,41,32.78,3.6541,2.0427,1.7648,0.1079,88.24,152
B0005,42,33.13,3.6082,1.992,1.7581,0.1109,87.9,151
B0005,43,33.56,3.6354,2.0058,1.7603,0.1117,88.02,150
B0005,44,33.68,3.6256,1.9765,1.7548,0.1159,87.74,149
B0005,45,32.83,3.6733,2.0084,1.7594,0.1144,87.97,148
B0005,46,33.04,3.6382,2.0603,1.7383,0.1143,86.92,147
B0005,47,33.59,3.6323,2.0633,1.7445,0.1146,87.22,146
B0005,48,33.29,3.625,2.0131,1.7446,0.1196,87.23,145
B0005,49,32.98,3.6138,1.9824,1.7502,0.1147,87.51,144
B0005,50,33.55,3.6293,2.0113,1.7412,0.1194,87.06,143
B0005,51,33.55,3.6329,1.998,1.7502,0.124,87.51,142
B0005,52,33.24,3.5925,1.925,1.7423,0.1194,87.11,141
B0005,53,33.4,3.5991,2.0131,1.7407,0.1219,87.04,140
B0005,54,33.54,3.62,2.0203,1.731,0.1256,86.55,139
B0005,55,33.84,3.5753,1.9988,1.7357,0.1272,86.79,138
B0005,56,33.71,3.6039,2.0277,1.7308,0.1236,86.54,137
B0005,57,33.46,3.6258,2.0042,1.7278,0.1259,86.39,136
B0005,58,33.87,3.5786,2.005,1.729,0.1306,86.45,135
B0005,59,34.46,3.5984,2.0738,1.7288,0.1337,86.44,134
B0005,60,33.94,3.601,2.0172,1.7278,0.13,86.39,133
B0005,61,33.72,3.6129,1.986,1.7214,0.129,86.07,132
B0005,62,33.62,3.6106,2.0153,1.7194,0.1281,85.97,131
B0005,63,33.61,3.6147,1.9695,1.7161,0.1296,85.8,130
B0005,64,33.56,3.6114,2.0521,1.7035,0.1296,85.18,129
B0005,65,33.84,3.6138,1.9865,1.717,0.1367,85.85,128
B0005,66,34.28,3.6206,1.9719,1.7067,0.1365,85.33,127
B0005,67,34.44,3.5682,2.0133,1.7099,0.1369,85.49,126
B0005,68,33.48,3.6098,2.0472,1.736,0.1322,86.8,125
B0005,69,34.02,3.5886,1.9813,1.7156,0.1447,85.78,124
B0005,70,34.24,3.5815,2.0116,1.6978,0.1412,84.89,123
B0005,71,34.43,3.5962,2.0047,1.7124,0.1414,85.62,122
B0005,72,34.03,3.5653,2.033,1.702,0.1412,85.1,121
B0005,73,34.1,3.6134,1.9971,1.7039,0.1385,85.2,120
B0005,74,34.61,3.5713,1.9961,1.6934,0.1445,84.67,119
B0005,75,34.0,3.5645,2.0326,1.6827,0.138,84.13,118
B0005,76,34.94,3.5704,2.0103,1.6976,0.149,84.88,117
B0005,77,34.8,3.5933,1.9931,1.691,0.1459,84.55,116
B0005,78,34.34,3.5665,1.9604,1.679,0.1473,83.95,115
B0005,79,34.4,3.5835,1.9985,1.6739,0.1479,83.7,114
B0005,80,34.31,3.5862,1.9673,1.6817,0.1419,84.09,113
B0005,81,34.77,3.5801,2.0445,1.6801,0.1479,84.0,112
B0005,82,34.56,3.5651,1.9644,1.6861,0.149,84.3,111
B0005,83,35.8,3.5518,1.986,1.6801,0.158,84.0,110
B0005,84,34.96,3.5373,1.9854,1.6739,0.1551,83.7,109
B0005,85,35.07,3.5561,2.0174,1.6649,0.1507,83.24,108
B0005,86,34.3,3.5325,1.9922,1.6723,0.1507,83.61,107
B0005,87,34.97,3.5476,2.0341,1.6492,0.1553,82.46,106
B0005,88,35.31,3.5376,1.983,1.6661,0.1603,83.3,105
B0005,89,35.4,3.5653,2.0074,1.671,0.1566,83.55,104
B0005,90,35.06,3.5145,1.9747,1.671,0.1544,83.55,103
B0005,91,35.21,3.5127,2.0256,1.6394,0.1623,81.97,102
B0005,92,34.85,3.516,2.0605,1.6527,0.1584,82.64,101
B0005,93,34.7,3.5326,2.0051,1.6509,0.1606,82.55,100
B0005,94,35.14,3.5054,1.945,1.6551,0.1666,82.76,99
B0005,95,35.47,3.5184,2.0046,1.6636,0.1646,83.18,98
B0005,96,35.38,3.5162,1.9829,1.6479,0.1603,82.4,97
B0005,97,35.03,3.5265,1.9785,1.6312,0.163,81.56,96
B0005,98,35.43,3.4883,1.994,1.6531,0.1661,82.65,95
B0005,99,35.31,3.5322,1.9905,1.6381,0.1673,81.91,94
B0005,100,35.54,3.511,2.0146,1.648,0.1668,82.4,93
B0005,101,36.04,3.5326,2.0334,1.6397,0.1686,81.98,92
B0005,102,35.61,3.5142,2.0016,1.6411,0.1696,82.06,91
B0005,103,35.31,3.4876,1.9852,1.6304,0.1689,81.52,90
B0005,104,35.55,3.4956,2.0014,1.631,0.1738,81.55,89
B0005,105,35.3,3.5282,2.0202,1.6324,0.1703,81.62,88
B0005,106,35.53,3.4978,2.0139,1.6311,0.1729,81.56,87
B0005,107,35.86,3.5407,2.0154,1.6255,0.1757,81.28,86
B0005,108,35.73,3.4957,2.0404,1.6233,0.1787,81.17,85
B0005,109,36.52,3.4859,2.0249,1.6233,0.1763,81.16,84
B0005,110,35.98,3.4902,1.9727,1.6256,0.1775,81.28,83
B0005,111,36.1,3.4672,2.0051,1.6063,0.1761,80.32,82
B0005,112,36.5,3.445,2.0184,1.6253,0.1824,81.26,81
B0005,113,35.34,3.5205,1.9663,1.6069,0.1752,80.34,80
B0005,114,36.47,3.4571,2.006,1.6162,0.1823,80.81,79
B0005,115,35.61,3.5228,1.9995,1.6237,0.1784,81.18,78
B0005,116,35.7,3.4558,1.9801,1.6065,0.1841,80.32,77
B0005,117,36.17,3.4942,1.9865,1.615,0.183,80.75,76
B0005,118,36.71,3.4502,1.9761,1.6092,0.1826,80.46,75
B0005,119,35.77,3.4392,1.9776,1.5968,0.1809,79.84,74
B0005,120,36.4,3.4484,1.9516,1.5947,0.188,79.74,73
B0005,121,35.93,3.4365,1.9672,1.5927,0.1915,79.63,72
B0005,122,36.35,3.4752,1.949,1.5923,0.189,79.61,71
B0005,123,36.25,3.4824,2.0149,1.5909,0.1879,79.54,70
B0005,124,36.98,3.4792,1.9843,1.5861,0.1927,79.3,69
B0005,125,36.85,3.477,2.022,1.5864,0.1914,79.32,68
B0005,126,36.6,3.4673,1.9389,1.5767,0.1895,78.83,67
B0005,127,36.57,3.4827,2.0201,1.5835,0.1921,79.17,66
B0005,128,36.83,3.4297,2.0111,1.57,0.1965,78.5,65
B0005,129,37.12,3.4299,2.043,1.5722,0.1952,78.61,64
B0005,130,36.67,3.4639,2.084,1.5757,0.1947,78.78,63
B0005,131,36.75,3.4854,1.9995,1.5548,0.1906,77.74,62
B0005,132,36.62,3.4805,2.0179,1.5636,0.1915,78.18,61
B0005,133,37.69,3.4744,2.0105,1.5753,0.1959,78.76,60
B0005,134,36.85,3.446,2.0174,1.5644,0.1976,78.22,59
B0005,135,37.1,3.4472,2.0013,1.5703,0.1995,78.52,58
B0005,136,36.7,3.4407,1.9743,1.557,0.1942,77.85,57
B0005,137,37.74,3.4,1.9907,1.5683,0.2054,78.42,56
B0005,138,36.81,3.4266,2.0201,1.5567,0.1968,77.84,55
B0005,139,37.79,3.4052,2.0488,1.5422,0.2043,77.11,54
B0005,140,37.74,3.3947,1.9931,1.55,0.2058,77.5,53
B0005,141,37.01,3.4144,1.9887,1.5445,0.2024,77.22,52
B0005,142,37.51,3.4323,2.0405,1.5214,0.2064,76.07,51
B0005,143,37.61,3.4025,1.9824,1.5431,0.2127,77.16,50
B0005,144,36.84,3.4226,1.9877,1.5413,0.21,77.06,49
B0005,145,37.25,3.4502,1.9737,1.5384,0.2093,76.92,48
B0005,146,37.19,3.4579,2.009,1.5249,0.2077,76.25,47
B0005,147,37.3,3.4114,1.9847,1.541,0.2158,77.05,46
B0005,148,37.42,3.4037,1.962,1.5224,0.2159,76.12,45
B0005,149,37.86,3.4165,1.9658,1.522,0.2154,76.1,44
B0005,150,37.31,3.4135,2.0371,1.506,0.2129,75.3,43
B0005,151,37.47,3.4321,2.0105,1.5154,0.218,75.77,42
B0005,152,37.86,3.4253,2.0139,1.5166,0.2145,75.83,41
B0005,153,37.08,3.3894,1.9994,1.5138,0.2159,75.69,40
B0005,154,38.13,3.3871,2.0699,1.5045,0.2196,75.23,39
B0005,155,38.27,3.3755,1.99,1.5134,0.2205,75.67,38
B0005,156,37.24,3.4075,1.9524,1.4984,0.2134,74.92,37
B0005,157,38.43,3.4096,1.9905,1.4976,0.223,74.88,36
B0005,158,37.46,3.3705,1.9559,1.5002,0.2173,75.01,35
B0005,159,37.31,3.3977,1.9903,1.4962,0.218,74.81,34
B0005,160,38.32,3.3629,1.9484,1.4922,0.2232,74.61,33
B0005,161,38.34,3.3564,1.9724,1.4953,0.2277,74.76,32
B0005,162,38.47,3.3866,2.0085,1.4777,0.23,73.88,31
B0005,163,38.8,3.3698,1.9923,1.4946,0.2288,74.73,30
B0005,164,38.08,3.3754,2.0155,1.4836,0.2266,74.18,29
B0005,165,38.22,3.369,2.0282,1.4656,0.2242,73.28,28
B0005,166,38.36,3.3587,2.0305,1.4703,0.2281,73.52,27
B0005,167,38.89,3.4105,1.9805,1.4647,0.2318,73.23,26
B0005,168,38.99,3.3908,2.0081,1.4705,0.2319,73.52,25
B0005,169,38.64,3.3975,1.9669,1.474,0.2318,73.7,24
B0005,170,38.7,3.384,1.9652,1.4645,0.2273,73.22,23
B0005,171,38.54,3.3932,1.9765,1.4653,0.2316,73.26,22
B0005,172,38.03,3.3913,2.0213,1.4622,0.2397,73.11,21
B0005,173,38.42,3.3559,1.9835,1.4437,0.2338,72.18,20
B0005,174,38.19,3.3689,1.9743,1.459,0.2351,72.95,19
B0005,175,38.78,3.3721,1.9679,1.4538,0.2402,72.69,18
B0005,176,38.62,3.3438,2.0079,1.4515,0.2356,72.57,17
B0005,177,39.12,3.324,1.9562,1.4514,0.2434,72.57,16
B0005,178,39.05,3.3446,2.0019,1.4507,0.2446,72.54,15
B0005,179,38.98,3.3694,2.0381,1.446,0.2401,72.3,14
B0005,180,38.74,3.3466,1.9733,1.4272,0.2433,71.36,13
B0005,181,39.79,3.3245,2.0212,1.4394,0.2492,71.97,12
B0005,182,39.2,3.3421,2.0285,1.4221,0.2498,71.11,11
B0005,183,39.07,3.3522,2.0021,1.4298,0.2486,71.49,10
B0005,184,39.41,3.3159,1.999,1.4405,0.2525,72.02,9
B0005,185,39.59,3.3075,2.009,1.4367,0.2469,71.83,8
B0005,186,39.73,3.294,1.9713,1.4247,0.2515,71.24,7
B0005,187,38.69,3.2956,1.9799,1.4235,0.2468,71.17,6
B0005,188,39.33,3.3443,1.9898,1.428,0.2531,71.4,5
B0005,189,39.35,3.3303,2.0322,1.418,0.2562,70.9,4
B0005,190,38.99,3.351,2.0261,1.4067,0.2484,70.33,3
B0005,191,39.49,3.3263,2.0078,1.3964,0.2513,69.82,2
B0005,192,39.13,3.2839,2.0112,1.408,0.2525,70.4,1
B0005,193,39.52,3.292,1.9745,1.4101,0.2564,70.51,0
B0005,194,39.96,3.3048,2.0717,1.3897,0.2553,69.48,0
B0005,195,39.73,3.2944,1.9757,1.3797,0.2568,68.99,0
B0005,196,40.09,3.3034,1.9791,1.3965,0.2575,69.83,0
B0005,197,39.39,3.3187,2.0113,1.3734,0.2636,68.67,0
B0005,198,38.63,3.2818,1.9685,1.3924,0.258,69.62,0
B0005,199,39.79,3.2484,2.0529,1.3823,0.2601,69.11,0
B0005,200,39.47,3.3198,1.9904,1.3702,0.2568,68.51,0
B0006,1,30.89,3.7157,1.9999,1.919,0.0708,95.95,183
B0006,2,31.39,3.7523,2.006,1.8994,0.0739,94.97,182
B0006,3,31.36,3.7723,1.977,1.9143,0.0735,95.71,181
B0006,4,31.14,3.7476,1.9909,1.9071,0.0706,95.35,180
B0006,5,31.35,3.7331,1.9533,1.9053,0.0741,95.27,179
B0006,6,31.54,3.7102,1.9523,1.8925,0.0754,94.62,178
B0006,7,31.46,3.7495,2.0128,1.9253,0.0764,96.26,177
B0006,8,31.46,3.745,2.0587,1.9091,0.078,95.45,176
B0006,9,31.55,3.7002,1.9953,1.9065,0.0754,95.33,175
B0006,10,31.22,3.736,1.9806,1.8945,0.0779,94.72,174
B0006,11,32.02,3.7205,2.0279,1.8909,0.0843,94.55,173
B0006,12,31.77,3.6964,1.9813,1.8724,0.0816,93.62,172
B0006,13,31.79,3.6842,1.977,1.8831,0.0856,94.16,171
B0006,14,31.27,3.7369,1.9834,1.8813,0.0856,94.07,170
B0006,15,32.27,3.7478,1.9872,1.8775,0.0889,93.88,169
B0006,16,32.28,3.6983,1.9875,1.8822,0.0886,94.11,168
B0006,17,31.91,3.6979,2.0413,1.8764,0.0882,93.82,167
B0006,18,32.49,3.6987,2.0453,1.8804,0.0898,94.02,166
B0006,19,31.98,3.6651,2.0225,1.8658,0.0918,93.29,165
B0006,20,32.05,3.6795,1.9631,1.8649,0.0917,93.25,164
B0006,21,32.46,3.6834,1.9909,1.8556,0.0919,92.78,163
B0006,22,32.33,3.6919,1.9882,1.8583,0.0971,92.92,162
B0006,23,32.04,3.6584,2.0502,1.8792,0.0971,93.96,161
B0006,24,31.92,3.7034,2.0063,1.875,0.0969,93.75,160
B0006,25,32.97,3.6814,2.0311,1.8671,0.0969,93.36,159
B0006,26,31.89,3.6868,1.938,1.8556,0.0944,92.78,158
B0006,27,33.08,3.6914,2.038,1.866,0.1013,93.3,157
B0006,28,32.79,3.6731,1.9943,1.8563,0.1036,92.82,156
B0006,29,32.57,3.6908,2.046,1.8482,0.1009,92.41,155
B0006,30,32.58,3.6872,2.0109,1.8597,0.1072,92.98,154
B0006,31,32.37,3.6778,1.9487,1.8628,0.1032,93.14,153
B0006,32,32.9,3.6839,2.0059,1.8376,0.1028,91.88,152
B0006,33,32.26,3.643,1.9846,1.8432,0.1015,92.16,151
B0006,34,32.95,3.6448,2.0134,1.8453,0.1016,92.26,150
B0006,35,32.79,3.6667,1.9831,1.8495,0.1064,92.48,149
B0006,36,33.29,3.6632,2.0649,1.8446,0.1093,92.23,148
B0006,37,32.77,3.6681,1.9281,1.8347,0.1133,91.73,147
B0006,38,32.45,3.6562,1.9527,1.845,0.1103,92.25,146
B0006,39,33.08,3.6423,1.9928,1.8222,0.1146,91.11,145
B0006,40,32.93,3.6566,2.0275,1.8231,0.1146,91.16,144
B0006,41,32.8,3.6486,1.9565,1.8353,0.1133,91.76,143
B0006,42,33.15,3.6203,2.0235,1.8022,0.1137,90.11,142
B0006,43,33.38,3.6215,2.0295,1.8306,0.1164,91.53,141
B0006,44,33.52,3.6392,2.015,1.8263,0.1181,91.31,140
B0006,45,33.62,3.6514,2.0646,1.8207,0.117,91.04,139
B0006,46,33.43,3.5935,1.9938,1.8217,0.1227,91.09,138
B0006,47,33.26,3.6002,1.9917,1.8123,0.1209,90.61,137
B0006,48,33.83,3.6263,2.0619,1.8148,0.1267,90.74,136
B0006,49,33.84,3.6254,1.9836,1.8022,0.1315,90.11,135
B0006,50,33.81,3.6593,1.994,1.8024,0.1235,90.12,134
B0006,51,34.24,3.644,2.01,1.7956,0.1293,89.78,133
B0006,52,33.83,3.612,2.0034,1.8006,0.1305,90.03,132
B0006,53,34.13,3.6204,2.0261,1.7949,0.1319,89.75,131
B0006,54,33.71,3.603,1.9952,1.8066,0.1322,90.33,130
B0006,55,33.7,3.6287,2.0331,1.7851,0.1366,89.25,129
B0006,56,34.21,3.62,1.9813,1.7877,0.1328,89.38,128
B0006,57,34.05,3.6503,1.9746,1.7814,0.1391,89.07,127
B0006,58,34.1,3.6052,2.0113,1.7873,0.1366,89.36,126
B0006,59,33.8,3.616,1.9672,1.7786,0.1369,88.93,125
B0006,60,33.93,3.6092,2.004,1.7709,0.1362,88.54,124
B0006,61,34.25,3.5813,1.9959,1.7784,0.1404,88.92,123
B0006,62,34.53,3.5924,2.0294,1.7561,0.1422,87.8,122
B0006,63,34.26,3.6057,1.9886,1.7815,0.1382,89.08,121
B0006,64,34.43,3.6012,1.9856,1.7732,0.1415,88.66,120
B0006,65,34.09,3.6017,1.9656,1.7648,0.1433,88.24,119
B0006,66,35.12,3.5704,2.0238,1.7679,0.1471,88.4,118
B0006,67,34.79,3.6006,2.0201,1.7791,0.1457,88.95,117
B0006,68,34.15,3.5872,1.9861,1.7568,0.1429,87.84,116
B0006,69,35.43,3.5855,1.9847,1.7542,0.1529,87.71,115
B0006,70,34.92,3.5828,2.0015,1.7528,0.1484,87.64,114
B0006,71,34.15,3.596,1.965,1.7391,0.146,86.96,113
B0006,72,34.82,3.5636,2.0309,1.7446,0.1522,87.23,112
B0006,73,34.54,3.552,1.9843,1.7214,0.1526,86.07,111
B0006,74,34.88,3.5901,2.0474,1.734,0.1564,86.7,110
B0006,75,35.2,3.5741,2.0335,1.7371,0.1538,86.86,109
B0006,76,34.69,3.5657,1.9886,1.7545,0.1562,87.72,108
B0006,77,34.88,3.5863,1.9532,1.7318,0.1558,86.59,107
B0006,78,35.41,3.5576,1.9747,1.7235,0.1598,86.18,106
B0006,79,34.95,3.5368,2.007,1.731,0.159,86.55,105
B0006,80,35.29,3.533,2.0161,1.7324,0.1608,86.62,104
B0006,81,35.07,3.5469,2.0141,1.743,0.1598,87.15,103
B0006,82,35.38,3.5666,1.9869,1.7295,0.1624,86.48,102
B0006,83,35.07,3.5693,1.9868,1.7317,0.1621,86.59,101
B0006,84,34.95,3.5758,1.9932,1.7134,0.1615,85.67,100
B0006,85,35.96,3.542,1.9554,1.7105,0.168,85.53,99
B0006,86,35.21,3.5334,1.9945,1.7159,0.1652,85.79,98
B0006,87,35.71,3.5054,2.0107,1.7023,0.1741,85.11,97
B0006,88,35.77,3.5307,1.9736,1.6985,0.1708,84.93,96
B0006,89,34.93,3.5046,1.9907,1.7037,0.1704,85.18,95
B0006,90,36.06,3.5117,2.0015,1.6968,0.1754,84.84,94
B0006,91,35.59,3.5124,1.9772,1.7024,0.1737,85.12,93
B0006,92,35.7,3.5554,2.0157,1.6898,0.1711,84.49,92
B0006,93,36.03,3.5053,2.0495,1.7022,0.1744,85.11,91
B0006,94,35.83,3.5217,2.0071,1.6926,0.1772,84.63,90
B0006,95,36.34,3.5129,2.018,1.6802,0.1824,84.01,89
B0006,96,36.35,3.4724,2.0009,1.6913,0.1818,84.57,88
B0006,97,36.23,3.4804,2.0127,1.6762,0.1822,83.81,87
B0006,98,36.18,3.4651,2.0154,1.6751,0.1851,83.76,86
B0006,99,36.61,3.498,2.0559,1.6711,0.1835,83.56,85
B0006,100,36.93,3.4873,2.0679,1.6749,0.1847,83.75,84
B0006,101,36.75,3.4838,1.9595,1.6633,0.1856,83.17,83
B0006,102,36.37,3.497,1.9359,1.6508,0.189,82.54,82
B0006,103,36.43,3.4754,2.0018,1.6576,0.186,82.88,81
B0006,104,36.59,3.5079,2.0292,1.6657,0.1902,83.28,80
B0006,105,36.3,3.4988,2.0344,1.6631,0.1881,83.15,79
B0006,106,36.55,3.4894,2.0351,1.6598,0.19,82.99,78
B0006,107,37.77,3.4333,2.0634,1.6498,0.1983,82.49,77
B0006,108,36.98,3.4699,1.9775,1.6378,0.1986,81.89,76
B0006,109,37.38,3.4979,2.01,1.636,0.195,81.8,75
B0006,110,36.64,3.4974,1.9853,1.6446,0.1929,82.23,74
B0006,111,36.83,3.4417,2.0359,1.6424,0.1993,82.12,73
B0006,112,36.59,3.5134,1.9708,1.6488,0.1952,82.44,72
B0006,113,37.27,3.4606,2.0409,1.6412,0.2022,82.06,71
B0006,114,36.45,3.4702,2.0025,1.6381,0.1999,81.9,70
B0006,115,36.55,3.4927,1.9716,1.6275,0.199,81.38,69
B0006,116,37.0,3.4523,1.9714,1.6307,0.2006,81.53,68
B0006,117,36.5,3.4619,1.9713,1.6223,0.2021,81.11,67
B0006,118,37.4,3.4433,1.9865,1.6029,0.2041,80.15,66
B0006,119,37.63,3.448,2.0149,1.6114,0.209,80.57,65
B0006,120,37.07,3.3863,1.9412,1.6094,0.2035,80.47,64
B0006,121,37.29,3.4546,1.9879,1.6173,0.2031,80.87,63
B0006,122,37.32,3.4477,2.0105,1.6115,0.2079,80.57,62
B0006,123,37.34,3.4242,1.9739,1.5835,0.2103,79.18,61
B0006,124,37.55,3.4506,2.0005,1.6034,0.2071,80.17,60
B0006,125,37.45,3.4369,1.9695,1.5921,0.2119,79.6,59
B0006,126,37.47,3.4194,1.9927,1.5878,0.2113,79.39,58
B0006,127,37.36,3.4268,1.9734,1.6031,0.2164,80.15,57
B0006,128,38.42,3.4392,2.0216,1.5943,0.2174,79.71,56
B0006,129,38.1,3.4041,1.9661,1.5948,0.2198,79.74,55
B0006,130,38.77,3.4017,2.0157,1.5808,0.2253,79.04,54
B0006,131,37.87,3.4074,2.0107,1.5747,0.22,78.74,53
B0006,132,37.69,3.4393,2.0001,1.5764,0.2176,78.82,52
B0006,133,38.38,3.419,2.0026,1.5667,0.2244,78.33,51
B0006,134,37.84,3.3959,2.0019,1.571,0.2198,78.55,50
B0006,135,38.58,3.4258,2.0278,1.5602,0.228,78.01,49
B0006,136,37.79,3.4277,1.9621,1.5663,0.2268,78.32,48
B0006,137,37.41,3.4007,2.0501,1.5498,0.2215,77.49,47
B0006,138,38.29,3.3935,1.9994,1.5473,0.229,77.36,46
B0006,139,37.6,3.3876,1.9747,1.5549,0.2275,77.74,45
B0006,140,38.67,3.3883,2.0735,1.5364,0.238,76.82,44
B0006,141,38.52,3.3935,2.0285,1.546,0.2376,77.3,43
B0006,142,38.18,3.4032,2.0021,1.5552,0.2312,77.76,42
B0006,143,38.34,3.3872,1.9788,1.5444,0.238,77.22,41
B0006,144,38.78,3.3872,1.9739,1.5489,0.2399,77.44,40
B0006,145,38.26,3.4059,1.948,1.5163,0.2381,75.82,39
B0006,146,38.35,3.3735,2.0188,1.5256,0.237,76.28,38
B0006,147,38.72,3.3572,1.9794,1.5322,0.2355,76.61,37
B0006,148,38.99,3.3683,1.9821,1.5158,0.2449,75.79,36
B0006,149,38.64,3.3891,2.0053,1.5136,0.2417,75.68,35
B0006,150,38.69,3.3528,2.0216,1.5077,0.2364,75.39,34
B0006,151,39.05,3.4146,2.0291,1.5048,0.2432,75.24,33
B0006,152,39.54,3.4217,2.0655,1.4999,0.243,74.99,32
B0006,153,39.11,3.3779,1.9661,1.509,0.2435,75.45,31
B0006,154,39.11,3.338,1.9744,1.4974,0.2485,74.87,30
B0006,155,37.87,3.3163,1.9362,1.5061,0.246,75.31,29
B0006,156,39.88,3.3751,2.0217,1.5036,0.2536,75.18,28
B0006,157,39.65,3.3797,2.0195,1.5038,0.2505,75.19,27
B0006,158,38.7,3.3665,1.9371,1.4757,0.2508,73.78,26
B0006,159,39.35,3.3291,1.9857,1.4846,0.2515,74.23,25
B0006,160,39.49,3.3166,2.037,1.4865,0.2568,74.33,24
B0006,161,39.24,3.3489,2.0239,1.462,0.2563,73.1,23
B0006,162,39.44,3.3627,1.9523,1.4688,0.2535,73.44,22
B0006,163,39.69,3.353,1.9715,1.4691,0.2568,73.46,21
B0006,164,39.03,3.3566,1.9841,1.4802,0.2584,74.01,20
B0006,165,39.64,3.3348,2.0388,1.4717,0.2556,73.59,19
B0006,166,40.59,3.3415,2.0034,1.4707,0.2651,73.54,18
B0006,167,39.85,3.3212,2.0527,1.4442,0.2619,72.21,17
B0006,168,39.81,3.3276,1.9986,1.4568,0.2667,72.84,16
B0006,169,39.06,3.3418,1.9447,1.4417,0.2583,72.09,15
B0006,170,40.46,3.3387,1.9764,1.4471,0.2636,72.36,14
B0006,171,39.96,3.3453,1.9921,1.4437,0.266,72.18,13
B0006,172,39.81,3.3113,2.0001,1.4424,0.2643,72.12,12
B0006,173,39.67,3.3253,1.9345,1.4341,0.262,71.71,11
B0006,174,39.87,3.3175,2.014,1.4331,0.2684,71.66,10
B0006,175,40.33,3.2884,1.9838,1.4248,0.2742,71.24,9
B0006,176,40.23,3.3137,1.9838,1.4249,0.2716,71.25,8
B0006,177,40.08,3.3095,1.9991,1.439,0.2735,71.95,7
B0006,178,40.5,3.2764,2.0029,1.4277,0.2741,71.38,6
B0006,179,40.45,3.2779,1.9987,1.411,0.2747,70.55,5
B0006,180,40.91,3.285,1.9768,1.4208,0.2764,71.04,4
B0006,181,40.91,3.3293,2.0448,1.4081,0.2762,70.41,3
B0006,182,40.14,3.3009,1.938,1.4042,0.2767,70.21,2
B0006,183,39.92,3.3051,2.0224,1.414,0.2783,70.7,1
B0006,184,40.63,3.2717,1.9739,1.4094,0.2756,70.47,0
B0006,185,40.4,3.3217,2.0166,1.4033,0.2756,70.16,0
B0006,186,40.22,3.3098,2.0573,1.3949,0.2794,69.75,0
B0006,187,40.93,3.2772,2.0068,1.3854,0.2819,69.27,0
B0006,188,41.23,3.2577,2.0098,1.3904,0.2893,69.52,0
B0006,189,40.52,3.2941,1.9937,1.3735,0.2897,68.68,0
B0006,190,40.73,3.3158,1.974,1.3938,0.2828,69.69,0
B0006,191,40.94,3.255,2.0108,1.3747,0.2859,68.74,0
B0006,192,40.58,3.2474,1.9806,1.3627,0.2892,68.13,0
B0006,193,41.36,3.2683,2.0436,1.3652,0.2872,68.26,0
B0006,194,40.76,3.2337,1.9563,1.3615,0.2951,68.08,0
B0006,195,41.41,3.2302,2.0276,1.3571,0.2911,67.86,0
B0006,196,40.98,3.2668,1.9923,1.3515,0.2993,67.57,0
B0006,197,41.17,3.2266,2.0189,1.35,0.2956,67.5,0
B0006,198,41.34,3.2491,2.0085,1.3417,0.2952,67.09,0
B0006,199,40.95,3.2604,2.0011,1.3492,0.2951,67.46,0
B0006,200,41.4,3.242,2.0148,1.3357,0.2959,66.78,0
B0007,1,31.3,3.74,2.0701,1.8521,0.0733,92.6,201
B0007,2,30.84,3.7192,1.9729,1.8618,0.0781,93.09,200
B0007,3,31.29,3.6898,2.0068,1.8582,0.0817,92.91,199
B0007,4,31.11,3.7203,1.9546,1.8531,0.0782,92.65,198
B0007,5,31.4,3.7644,1.9954,1.8575,0.0776,92.87,197
B0007,6,31.36,3.7105,2.0242,1.8539,0.0816,92.69,196
B0007,7,32.32,3.729,2.0307,1.8609,0.0808,93.05,195
B0007,8,31.82,3.7091,2.0156,1.8435,0.0834,92.18,194
B0007,9,31.45,3.7207,2.01,1.8458,0.0821,92.29,193
B0007,10,32.12,3.7023,2.0111,1.8458,0.082,92.29,192
B0007,11,31.7,3.7327,2.0151,1.8487,0.0834,92.44,191
B0007,12,31.74,3.7078,2.0181,1.8423,0.0915,92.12,190
B0007,13,31.9,3.716,2.0233,1.8536,0.0897,92.68,189
B0007,14,31.6,3.7187,1.9778,1.8387,0.087,91.93,188
B0007,15,32.0,3.7066,2.0051,1.849,0.0884,92.45,187
B0007,16,32.08,3.7082,1.9859,1.8352,0.0921,91.76,186
B0007,17,31.88,3.7353,2.0389,1.8351,0.0903,91.76,185
B0007,18,32.74,3.6799,1.9914,1.8357,0.096,91.79,184
B0007,19,32.27,3.6753,1.947,1.8344,0.0927,91.72,183
B0007,20,32.44,3.7125,1.9987,1.8214,0.0934,91.07,182
B0007,21,32.3,3.7386,2.0316,1.8418,0.0881,92.09,181
B0007,22,32.26,3.6839,2.0668,1.8383,0.0925,91.91,180
B0007,23,32.47,3.6626,1.9718,1.8211,0.1002,91.05,179
B0007,24,32.32,3.698,1.9754,1.8197,0.0966,90.98,178
B0007,25,32.76,3.6963,2.0318,1.8193,0.1027,90.96,177
B0007,26,32.48,3.6799,2.0167,1.8259,0.0993,91.3,176
B0007,27,32.04,3.6709,2.0186,1.816,0.1015,90.8,175
B0007,28,32.4,3.6621,1.9954,1.8162,0.101,90.81,174
B0007,29,33.18,3.6614,1.9971,1.8249,0.1025,91.24,173
B0007,30,32.6,3.699,2.026,1.8148,0.1017,90.74,172
B0007,31,32.39,3.6835,1.9723,1.8263,0.1022,91.32,171
B0007,32,32.69,3.6756,2.033,1.8084,0.1017,90.42,170
B0007,33,32.69,3.654,1.9887,1.8083,0.1047,90.42,169
B0007,34,33.31,3.6636,2.0013,1.8178,0.1058,90.89,168
B0007,35,32.73,3.6659,2.0186,1.8203,0.1065,91.01,167
B0007,36,32.45,3.6531,1.995,1.798,0.1045,89.9,166
B0007,37,32.87,3.6436,2.0201,1.7891,0.1082,89.46,165
B0007,38,33.12,3.6856,1.9594,1.7983,0.1119,89.91,164
B0007,39,32.65,3.6628,2.0236,1.8006,0.1114,90.03,163
B0007,40,33.33,3.6358,2.0244,1.7905,0.1197,89.53,162
B0007,41,33.16,3.6611,1.9997,1.7948,0.1123,89.74,161
B0007,42,32.84,3.6284,1.9674,1.8215,0.1118,91.07,160
B0007,43,33.12,3.6516,2.0384,1.7811,0.1132,89.05,159
B0007,44,33.3,3.614,1.9538,1.7868,0.1149,89.34,158
B0007,45,33.33,3.6476,1.9819,1.7723,0.1179,88.61,157
B0007,46,32.95,3.6205,1.9942,1.7803,0.119,89.02,156
B0007,47,33.51,3.6427,2.0184,1.7804,0.1135,89.02,155
B0007,48,33.1,3.628,2.0054,1.7805,0.1174,89.02,154
B0007,49,33.62,3.6077,1.967,1.7788,0.1224,88.94,153
B0007,50,33.41,3.6405,2.0449,1.7788,0.1227,88.94,152
B0007,51,33.31,3.6478,1.9417,1.777,0.1226,88.85,151
B0007,52,33.52,3.6077,2.0132,1.7794,0.1252,88.97,150
B0007,53,33.73,3.6199,2.0083,1.7908,0.1217,89.54,149
B0007,54,33.67,3.5924,2.0542,1.7721,0.1234,88.61,148
B0007,55,33.3,3.6242,2.0065,1.786,0.1225,89.3,147
B0007,56,33.72,3.6292,2.0125,1.7685,0.1253,88.43,146
B0007,57,33.68,3.602,2.0188,1.7694,0.1316,88.47,145
B0007,58,33.91,3.5842,1.9946,1.7657,0.1312,88.28,144
B0007,59,33.94,3.5993,1.9396,1.7622,0.1247,88.11,143
B0007,60,33.36,3.6195,1.9765,1.7677,0.1306,88.38,142
B0007,61,34.37,3.6363,2.0349,1.7661,0.1327,88.3,141
B0007,62,34.15,3.5925,1.9908,1.7628,0.1345,88.14,140
B0007,63,34.22,3.5823,1.9888,1.7508,0.1326,87.54,139
B0007,64,33.91,3.5891,1.977,1.7399,0.1325,87.0,138
B0007,65,33.83,3.605,1.9616,1.7347,0.1323,86.74,137
B0007,66,34.5,3.5932,2.0012,1.7565,0.1402,87.83,136
B0007,67,34.07,3.5722,2.0131,1.7327,0.1352,86.63,135
B0007,68,34.04,3.6093,2.005,1.7525,0.1381,87.62,134
B0007,69,33.94,3.5967,1.975,1.7425,0.1389,87.12,133
B0007,70,33.73,3.5711,1.9715,1.7367,0.1412,86.83,132
B0007,71,34.16,3.6059,1.9827,1.7588,0.1333,87.94,131
B0007,72,34.3,3.5702,2.0321,1.7202,0.143,86.01,130
B0007,73,34.09,3.5381,1.997,1.7246,0.141,86.23,129
B0007,74,34.26,3.5823,1.9977,1.7423,0.137,87.12,128
B0007,75,35.07,3.523,1.9691,1.7379,0.1455,86.9,127
B0007,76,34.65,3.5412,2.0085,1.7164,0.1391,85.82,126
B0007,77,34.71,3.5801,1.9646,1.739,0.1416,86.95,125
B0007,78,34.46,3.5706,2.0472,1.7214,0.1431,86.07,124
B0007,79,34.75,3.5459,2.0151,1.7201,0.1502,86.0,123
B0007,80,34.18,3.559,1.9629,1.7415,0.1391,87.07,122
B0007,81,34.94,3.5514,1.9866,1.7221,0.1501,86.11,121
B0007,82,34.51,3.5716,1.9916,1.718,0.1464,85.9,120
B0007,83,34.28,3.5423,1.9946,1.7062,0.146,85.31,119
B0007,84,34.46,3.5852,1.9893,1.7005,0.1504,85.03,118
B0007,85,34.95,3.5316,2.0321,1.7217,0.1556,86.09,117
B0007,86,34.6,3.5423,1.9759,1.7168,0.15,85.84,116
B0007,87,34.93,3.5307,2.0272,1.7162,0.1565,85.81,115
B0007,88,35.42,3.5561,1.9596,1.7126,0.157,85.63,114
B0007,89,34.98,3.5328,1.9692,1.7021,0.16,85.1,113
B0007,90,35.19,3.5146,1.9914,1.7017,0.1536,85.08,112
B0007,91,35.46,3.5376,1.9826,1.6997,0.1599,84.98,111
B0007,92,34.8,3.5201,2.0404,1.6941,0.1559,84.71,110
B0007,93,35.26,3.5309,1.9918,1.6973,0.1645,84.86,109
B0007,94,35.55,3.5325,2.0193,1.6852,0.1573,84.26,108
B0007,95,35.71,3.5115,1.9568,1.6998,0.1597,84.99,107
B0007,96,35.5,3.5369,1.9817,1.6789,0.1631,83.94,106
B0007,97,35.48,3.5148,1.9456,1.6659,0.166,83.29,105
B0007,98,35.72,3.4981,2.0639,1.6842,0.168,84.21,104
B0007,99,35.42,3.5391,2.0082,1.679,0.1692,83.95,103
B0007,100,35.48,3.531,2.0103,1.6718,0.1645,83.59,102
B0007,101,35.4,3.5355,1.9619,1.6776,0.1689,83.88,101
B0007,102,35.52,3.519,2.0145,1.6711,0.1648,83.56,100
B0007,103,35.6,3.5014,2.0435,1.6685,0.1665,83.43,99
B0007,104,36.18,3.4903,2.0417,1.6743,0.1742,83.71,98
B0007,105,36.25,3.5005,2.07,1.6638,0.174,83.19,97
B0007,106,35.59,3.5088,1.9622,1.6627,0.1689,83.13,96
B0007,107,35.93,3.5023,2.025,1.6548,0.1794,82.74,95
B0007,108,35.29,3.4931,1.9632,1.6677,0.1689,83.39,94
B0007,109,36.28,3.4761,1.9879,1.6427,0.178,82.14,93
B0007,110,36.12,3.4716,2.018,1.6541,0.173,82.7,92
B0007,111,35.94,3.5111,2.0285,1.638,0.1767,81.9,91
B0007,112,35.64,3.5007,2.0047,1.6653,0.1755,83.26,90
B0007,113,35.79,3.4939,2.0015,1.6377,0.1782,81.88,89
B0007,114,36.02,3.4843,2.0341,1.6407,0.1782,82.04,88
B0007,115,36.39,3.4857,1.9649,1.6395,0.1815,81.97,87
B0007,116,36.25,3.4827,1.9912,1.6321,0.1815,81.6,86
B0007,117,36.11,3.5013,1.9716,1.6379,0.1792,81.89,85
B0007,118,36.52,3.4768,2.0247,1.6337,0.1847,81.69,84
B0007,119,36.49,3.4868,2.0066,1.6375,0.1855,81.87,83
B0007,120,36.04,3.4708,1.9805,1.6314,0.1793,81.57,82
B0007,121,36.38,3.4686,1.951,1.6227,0.1848,81.13,81
B0007,122,35.94,3.4726,2.0088,1.6157,0.1798,80.79,80
B0007,123,36.13,3.5135,1.9908,1.6143,0.1851,80.71,79
B0007,124,36.52,3.4718,2.0259,1.6253,0.1862,81.27,78
B0007,125,36.68,3.4586,1.9984,1.6136,0.1845,80.68,77
B0007,126,36.28,3.4363,2.0146,1.6132,0.1814,80.66,76
B0007,127,36.76,3.4535,2.0168,1.6152,0.1866,80.76,75
B0007,128,36.4,3.4626,2.0324,1.6135,0.1879,80.68,74
B0007,129,36.63,3.4522,2.0074,1.6102,0.1886,80.51,73
B0007,130,36.87,3.4462,2.0036,1.6109,0.192,80.54,72
B0007,131,37.19,3.4405,1.9935,1.6105,0.1944,80.53,71
B0007,132,36.71,3.4224,1.9662,1.5919,0.1905,79.6,70
B0007,133,37.02,3.42,1.961,1.6083,0.2012,80.42,69
B0007,134,37.52,3.4348,1.9794,1.5927,0.201,79.64,68
B0007,135,36.75,3.4477,1.9878,1.5961,0.1999,79.81,67
B0007,136,36.9,3.4658,1.976,1.6017,0.2001,80.08,66
B0007,137,37.02,3.4565,2.0082,1.577,0.1965,78.85,65
B0007,138,36.52,3.4456,1.955,1.5808,0.1977,79.04,64
B0007,139,36.63,3.4043,2.0145,1.576,0.2012,78.8,63
B0007,140,37.16,3.4414,1.9744,1.5862,0.2019,79.31,62
B0007,141,37.18,3.4203,2.029,1.5606,0.2041,78.03,61
B0007,142,37.44,3.4342,1.9999,1.5776,0.2046,78.88,60
B0007,143,37.47,3.4201,1.9618,1.5776,0.1993,78.88,59
B0007,144,37.1,3.4594,1.96,1.5686,0.2019,78.43,58
B0007,145,36.53,3.4154,1.9627,1.569,0.2084,78.45,57
B0007,146,36.86,3.3858,1.9834,1.5685,0.21,78.42,56
B0007,147,37.51,3.4224,2.0133,1.5679,0.2055,78.39,55
B0007,148,37.45,3.4295,2.0434,1.5507,0.2093,77.53,54
B0007,149,37.63,3.4205,2.0253,1.5522,0.2112,77.61,53
B0007,150,37.61,3.3926,1.9854,1.5465,0.2089,77.33,52
B0007,151,37.48,3.3535,2.0488,1.5474,0.2068,77.37,51
B0007,152,37.85,3.3971,2.0134,1.5444,0.2161,77.22,50
B0007,153,37.74,3.4065,2.0251,1.5452,0.2149,77.26,49
B0007,154,37.84,3.4386,2.0233,1.5459,0.2178,77.3,48
B0007,155,37.16,3.3795,1.9822,1.5471,0.2163,77.36,47
B0007,156,38.35,3.4172,2.033,1.5303,0.2161,76.52,46
B0007,157,37.7,3.3889,1.981,1.5373,0.2175,76.86,45
B0007,158,38.33,3.3958,2.0243,1.5288,0.2205,76.44,44
B0007,159,38.13,3.4257,2.0302,1.5342,0.2162,76.71,43
B0007,160,37.49,3.3687,1.9882,1.5205,0.2235,76.02,42
B0007,161,37.89,3.3642,1.982,1.5318,0.2244,76.59,41
B0007,162,37.9,3.4192,2.0094,1.5174,0.2196,75.87,40
B0007,163,37.82,3.406,1.9965,1.5138,0.2227,75.69,39
B0007,164,38.13,3.3753,1.9787,1.5115,0.2226,75.58,38
B0007,165,38.37,3.3604,1.9818,1.5233,0.2277,76.17,37
B0007,166,37.78,3.3487,2.006,1.5143,0.2267,75.71,36
B0007,167,38.45,3.3419,2.0273,1.4964,0.2276,74.82,35
B0007,168,38.58,3.3845,1.9674,1.4942,0.233,74.71,34
B0007,169,37.97,3.3306,1.9604,1.4872,0.2286,74.36,33
B0007,170,38.52,3.3667,2.0307,1.4964,0.2237,74.82,32
B0007,171,38.55,3.3706,2.0347,1.5102,0.229,75.51,31
B0007,172,38.5,3.3701,2.0303,1.4912,0.2296,74.56,30
B0007,173,38.48,3.3383,1.975,1.4924,0.2373,74.62,29
B0007,174,38.66,3.3958,2.0128,1.4847,0.2327,74.24,28
B0007,175,38.81,3.3988,2.0296,1.4794,0.2312,73.97,27
B0007,176,39.09,3.3442,1.9867,1.4787,0.2407,73.93,26
B0007,177,38.18,3.3537,2.0056,1.474,0.2291,73.7,25
B0007,178,38.75,3.3284,1.968,1.4643,0.2365,73.21,24
B0007,179,38.71,3.3536,2.0557,1.4725,0.2359,73.62,23
B0007,180,38.67,3.3264,1.9863,1.4799,0.2399,73.99,22
B0007,181,39.56,3.3537,2.0332,1.4696,0.2376,73.48,21
B0007,182,39.11,3.3477,2.0592,1.463,0.2384,73.15,20
B0007,183,38.28,3.3327,1.959,1.4566,0.233,72.83,19
B0007,184,39.35,3.3456,1.9987,1.4627,0.2449,73.13,18
B0007,185,38.33,3.3427,1.9656,1.4499,0.2395,72.49,17
B0007,186,38.77,3.332,1.9709,1.4425,0.2412,72.13,16
B0007,187,39.54,3.3117,1.9993,1.4575,0.2435,72.87,15
B0007,188,39.14,3.355,1.9907,1.4374,0.2465,71.87,14
B0007,189,39.19,3.3368,1.9952,1.4353,0.2465,71.77,13
B0007,190,39.39,3.3164,1.995,1.4395,0.2497,71.98,12
B0007,191,39.1,3.3249,2.0215,1.4366,0.2461,71.83,11
B0007,192,39.43,3.3102,2.0077,1.4375,0.2485,71.87,10
B0007,193,39.25,3.3109,2.0432,1.4147,0.2541,70.74,9
B0007,194,39.08,3.3292,2.0415,1.4272,0.247,71.36,8
B0007,195,39.26,3.2966,1.9979,1.4341,0.2525,71.71,7
B0007,196,39.42,3.2905,2.0122,1.4145,0.2538,70.73,6
B0007,197,40.04,3.2802,2.0431,1.4114,0.2547,70.57,5
B0007,198,39.69,3.2743,2.0121,1.4104,0.2521,70.52,4
B0007,199,39.57,3.3335,2.0131,1.4048,0.251,70.24,3
B0007,200,39.17,3.3222,1.9909,1.4077,0.2567,70.38,2
B0008,1,31.52,3.7332,2.0063,1.8396,0.071,91.98,194
B0008,2,31.8,3.7512,1.9761,1.8573,0.072,92.86,193
B0008,3,31.14,3.7371,1.9423,1.8404,0.0748,92.02,192
B0008,4,31.73,3.7608,2.0347,1.8491,0.0756,92.45,191
B0008,5,31.81,3.7546,1.9775,1.8402,0.0744,92.01,190
B0008,6,31.37,3.7218,1.9268,1.8386,0.0793,91.93,189
B0008,7,32.29,3.7318,2.0772,1.844,0.0831,92.2,188
B0008,8,31.7,3.7348,2.0394,1.8411,0.0803,92.05,187
B0008,9,31.23,3.7005,1.9951,1.8235,0.0806,91.18,186
B0008,10,31.02,3.7191,2.0194,1.8245,0.0784,91.22,185
B0008,11,31.86,3.7091,1.9491,1.8315,0.0828,91.57,184
B0008,12,32.04,3.7368,1.913,1.8269,0.0823,91.35,183
B0008,13,31.91,3.7263,2.029,1.8283,0.0759,91.41,182
B0008,14,32.16,3.717,2.0246,1.8186,0.094,90.93,181
B0008,15,32.05,3.6994,1.9844,1.8114,0.0883,90.57,180
B0008,16,32.63,3.6975,2.0282,1.8051,0.0913,90.25,179
B0008,17,31.77,3.7109,1.9681,1.8094,0.0879,90.47,178
B0008,18,32.54,3.6857,2.0083,1.8187,0.0978,90.93,177
B0008,19,31.87,3.695,2.0167,1.8169,0.0887,90.84,176
B0008,20,32.64,3.6686,1.9719,1.8022,0.0961,90.11,175
B0008,21,31.86,3.6838,1.9229,1.8024,0.0933,90.12,174
B0008,22,32.47,3.6753,2.0081,1.8108,0.0989,90.54,173
B0008,23,32.5,3.7094,2.0581,1.7941,0.0963,89.7,172
B0008,24,32.48,3.6962,1.9996,1.8035,0.0984,90.18,171
B0008,25,32.2,3.6378,1.9875,1.8102,0.1091,90.51,170
B0008,26,32.3,3.6884,1.9609,1.8115,0.1023,90.58,169
B0008,27,32.42,3.6926,2.0047,1.7976,0.0991,89.88,168
B0008,28,33.17,3.6527,1.9596,1.8002,0.1044,90.01,167
B0008,29,32.11,3.6652,1.9893,1.8061,0.0994,90.31,166
B0008,30,33.11,3.6791,2.0241,1.7918,0.1123,89.59,165
B0008,31,32.44,3.6946,1.9698,1.7969,0.1015,89.85,164
B0008,32,32.58,3.6405,1.9801,1.7896,0.1088,89.48,163
B0008,33,33.25,3.6914,2.0514,1.7806,0.1081,89.03,162
B0008,34,32.61,3.6762,1.9762,1.7962,0.106,89.81,161
B0008,35,32.29,3.6666,2.0046,1.7941,0.1047,89.7,160
B0008,36,33.73,3.6317,2.0861,1.787,0.1139,89.35,159
B0008,37,33.18,3.6811,2.0169,1.7846,0.1106,89.23,158
B0008,38,33.07,3.6554,2.0028,1.7814,0.1124,89.07,157
B0008,39,33.18,3.6766,1.9631,1.7743,0.116,88.72,156
B0008,40,33.55,3.6423,1.9867,1.7775,0.1203,88.87,155
B0008,41,33.01,3.6429,2.0421,1.7665,0.1193,88.32,154
B0008,42,33.28,3.6724,2.0534,1.776,0.1157,88.8,153
B0008,43,33.55,3.6531,2.0132,1.7677,0.1235,88.39,152
B0008,44,33.07,3.6407,2.0592,1.7668,0.1145,88.34,151
B0008,45,33.13,3.6481,1.9698,1.7712,0.1232,88.56,150
B0008,46,33.57,3.6353,1.9545,1.7621,0.1243,88.11,149
B0008,47,33.36,3.6238,1.9849,1.7692,0.1237,88.46,148
B0008,48,33.0,3.6573,1.9117,1.7684,0.1198,88.42,147
B0008,49,33.98,3.632,1.9768,1.7592,0.1232,87.96,146
B0008,50,33.49,3.6087,1.9976,1.7617,0.1247,88.08,145
B0008,51,33.79,3.6383,2.0087,1.7542,0.1243,87.71,144
B0008,52,33.35,3.5673,2.0055,1.7496,0.1286,87.48,143
B0008,53,33.81,3.6252,2.0004,1.7584,0.1328,87.92,142
B0008,54,34.21,3.6247,2.0452,1.7633,0.1344,88.17,141
B0008,55,33.98,3.6276,2.0137,1.742,0.1337,87.1,140
B0008,56,34.13,3.6044,2.0165,1.7493,0.1345,87.46,139
B0008,57,34.52,3.6114,2.0338,1.7548,0.1369,87.74,138
B0008,58,33.59,3.5926,2.0118,1.7424,0.134,87.12,137
B0008,59,33.81,3.6218,2.0192,1.7303,0.1355,86.51,136
B0008,60,34.26,3.5761,1.974,1.7341,0.1368,86.71,135
B0008,61,34.47,3.5834,1.9789,1.7388,0.1453,86.94,134
B0008,62,34.44,3.5939,2.0351,1.7371,0.1391,86.86,133
B0008,63,34.17,3.5855,1.9213,1.7312,0.1407,86.56,132
B0008,64,34.63,3.5909,2.0237,1.7407,0.1446,87.03,131
B0008,65,34.55,3.5803,1.9804,1.7198,0.1452,85.99,130
B0008,66,34.57,3.5906,1.9625,1.7374,0.1459,86.87,129
B0008,67,34.74,3.5806,2.026,1.7308,0.1412,86.54,128
B0008,68,34.94,3.5635,2.0357,1.738,0.1425,86.9,127
B0008,69,34.65,3.5622,2.0058,1.7236,0.1494,86.18,126
B0008,70,34.79,3.5837,1.9662,1.7115,0.1447,85.57,125
B0008,71,34.8,3.5954,1.9799,1.7091,0.1459,85.45,124
B0008,72,34.29,3.5759,1.9783,1.7079,0.1513,85.4,123
B0008,73,34.79,3.5866,2.0326,1.7228,0.1523,86.14,122
B0008,74,34.57,3.6287,1.9613,1.7065,0.1504,85.33,121
B0008,75,34.6,3.5742,1.9795,1.716,0.15,85.8,120
B0008,76,35.18,3.5561,1.9678,1.7106,0.1525,85.53,119
B0008,77,34.67,3.586,1.97,1.7153,0.1573,85.76,118
B0008,78,35.29,3.5319,1.9676,1.7014,0.1543,85.07,117
B0008,79,34.75,3.5461,1.9746,1.7047,0.1579,85.24,116
B0008,80,35.3,3.5621,2.0371,1.6994,0.1612,84.97,115
B0008,81,35.24,3.5464,2.0024,1.7063,0.159,85.31,114
B0008,82,34.71,3.5206,1.9764,1.6906,0.16,84.53,113
B0008,83,35.46,3.5489,2.0348,1.691,0.1645,84.55,112
B0008,84,35.39,3.5979,2.0082,1.7022,0.1662,85.11,111
B0008,85,35.52,3.551,2.0248,1.6839,0.1668,84.19,110
B0008,86,35.63,3.5086,1.9986,1.6794,0.1683,83.97,109
B0008,87,34.87,3.5588,2.0025,1.6912,0.1591,84.56,108
B0008,88,35.36,3.5132,1.985,1.69,0.1668,84.5,107
B0008,89,35.62,3.491,1.9896,1.6813,0.1711,84.06,106
B0008,90,35.83,3.5393,2.0224,1.6772,0.1731,83.86,105
B0008,91,35.24,3.5264,1.9877,1.6761,0.1706,83.8,104
B0008,92,35.8,3.5038,1.9963,1.6649,0.1731,83.24,103
B0008,93,36.61,3.5562,2.0141,1.6704,0.1768,83.52,102
B0008,94,35.83,3.4899,1.991,1.6629,0.1757,83.15,101
B0008,95,35.34,3.5375,1.9894,1.6652,0.1741,83.26,100
B0008,96,35.4,3.5217,2.0138,1.6714,0.1804,83.57,99
B0008,97,36.23,3.4902,2.0366,1.6591,0.1779,82.95,98
B0008,98,35.92,3.4976,2.0162,1.6569,0.1785,82.84,97
B0008,99,35.88,3.5146,1.9538,1.6576,0.1751,82.88,96
B0008,100,35.9,3.4506,2.0159,1.6677,0.183,83.39,95
B0008,101,36.39,3.5031,2.0307,1.6455,0.1852,82.27,94
B0008,102,35.43,3.4825,2.015,1.649,0.1807,82.45,93
B0008,103,36.97,3.5453,1.9949,1.645,0.1851,82.25,92
B0008,104,37.01,3.4873,1.9942,1.6583,0.1914,82.91,91
B0008,105,36.22,3.4991,1.9641,1.645,0.192,82.25,90
B0008,106,36.17,3.5193,2.011,1.6446,0.1877,82.23,89
B0008,107,36.52,3.4732,2.0164,1.6256,0.1872,81.28,88
B0008,108,37.24,3.4604,2.0364,1.6333,0.1921,81.67,87
B0008,109,36.36,3.4576,2.0042,1.6242,0.193,81.21,86
B0008,110,36.63,3.4599,2.006,1.6458,0.1964,82.29,85
B0008,111,37.02,3.4745,2.0247,1.6188,0.1912,80.94,84
B0008,112,36.29,3.4529,2.0292,1.622,0.192,81.1,83
B0008,113,37.13,3.4866,1.9934,1.6285,0.2018,81.43,82
B0008,114,36.76,3.4791,1.9942,1.6068,0.1965,80.34,81
B0008,115,37.18,3.4722,1.9741,1.6231,0.1978,81.15,80
B0008,116,37.11,3.4674,1.9762,1.6142,0.1999,80.71,79
B0008,117,37.29,3.4478,1.9772,1.6026,0.1992,80.13,78
B0008,118,37.29,3.4665,2.0304,1.5925,0.2023,79.62,77
B0008,119,37.67,3.4289,2.0237,1.6161,0.2024,80.8,76
B0008,120,37.45,3.4716,1.9967,1.6118,0.2027,80.59,75
B0008,121,37.48,3.4348,2.0034,1.6177,0.2068,80.89,74
B0008,122,37.21,3.4815,2.0092,1.6114,0.2053,80.57,73
B0008,123,38.01,3.4255,1.9681,1.5948,0.2105,79.74,72
B0008,124,37.66,3.4416,1.9702,1.6099,0.2102,80.5,71
B0008,125,37.61,3.4068,2.0213,1.6059,0.2107,80.3,70
B0008,126,37.48,3.4239,2.0583,1.5961,0.2077,79.8,69
B0008,127,37.06,3.4064,1.9907,1.5803,0.2125,79.02,68
B0008,128,37.64,3.4244,1.9981,1.5844,0.2116,79.22,67
B0008,129,37.98,3.4466,2.0262,1.6004,0.2173,80.02,66
B0008,130,37.8,3.4272,1.9784,1.5827,0.2206,79.14,65
B0008,131,37.07,3.4141,1.9085,1.5876,0.2151,79.38,64
B0008,132,37.58,3.4027,2.025,1.5811,0.2168,79.06,63
B0008,133,37.65,3.4047,2.0121,1.5887,0.2166,79.43,62
B0008,134,37.93,3.4103,2.0066,1.5817,0.2237,79.08,61
B0008,135,38.18,3.4153,2.0414,1.5674,0.2202,78.37,60
B0008,136,38.41,3.4276,2.0428,1.5576,0.2185,77.88,59
B0008,137,38.07,3.4414,2.0178,1.5505,0.223,77.52,58
B0008,138,38.08,3.4437,2.0138,1.5733,0.2276,78.66,57
B0008,139,37.22,3.4073,1.9857,1.5602,0.2228,78.01,56
B0008,140,38.34,3.3652,1.9447,1.5675,0.2319,78.38,55
B0008,141,38.08,3.3833,1.9898,1.547,0.2233,77.35,54
B0008,142,38.33,3.3823,2.0079,1.5429,0.2306,77.14,53
B0008,143,38.5,3.3853,2.0444,1.5269,0.2318,76.35,52
B0008,144,37.93,3.4099,1.9907,1.5411,0.2234,77.05,51
B0008,145,38.54,3.4115,2.0533,1.536,0.2297,76.8,50
B0008,146,38.42,3.4048,1.9838,1.5413,0.2387,77.06,49
B0008,147,38.23,3.3953,1.9751,1.535,0.2372,76.75,48
B0008,148,38.91,3.4114,2.0025,1.5324,0.2406,76.62,47
B0008,149,38.19,3.3958,1.9672,1.526,0.2327,76.3,46
B0008,150,38.83,3.387,1.9914,1.5374,0.2314,76.87,45
B0008,151,38.62,3.3658,1.9869,1.5336,0.241,76.68,44
B0008,152,38.8,3.3541,1.968,1.5256,0.2466,76.28,43
B0008,153,38.78,3.3649,2.0337,1.5171,0.2377,75.86,42
B0008,154,38.52,3.3646,2.0049,1.512,0.2347,75.6,41
B0008,155,38.66,3.3635,2.0178,1.5027,0.2318,75.14,40
B0008,156,38.88,3.3424,2.0395,1.5326,0.2473,76.63,39
B0008,157,39.1,3.3816,2.0022,1.5227,0.2457,76.14,38
B0008,158,38.89,3.3578,1.988,1.4971,0.2416,74.86,37
B0008,159,38.98,3.3644,2.0092,1.4993,0.2493,74.96,36
B0008,160,39.5,3.3612,2.0026,1.4979,0.2469,74.9,35
B0008,161,39.52,3.3204,2.0169,1.5066,0.252,75.33,34
B0008,162,39.44,3.3501,2.027,1.5068,0.2481,75.34,33
B0008,163,39.52,3.341,1.9988,1.4823,0.2541,74.11,32
B0008,164,39.65,3.328,1.9572,1.5027,0.2572,75.13,31
B0008,165,39.49,3.3708,2.0114,1.4859,0.254,74.29,30
B0008,166,39.64,3.3082,1.9899,1.4974,0.2547,74.87,29
B0008,167,39.67,3.3236,1.9635,1.4802,0.2486,74.01,28
B0008,168,40.05,3.2844,1.9755,1.486,0.2602,74.3,27
B0008,169,39.38,3.3517,1.9755,1.4726,0.2567,73.63,26
B0008,170,39.81,3.3408,2.0358,1.4699,0.263,73.49,25
B0008,171,39.72,3.3221,1.9923,1.4764,0.2563,73.82,24
B0008,172,40.37,3.3401,1.9864,1.4667,0.2607,73.34,23
B0008,173,40.22,3.3305,1.9933,1.464,0.2576,73.2,22
B0008,174,40.28,3.2756,2.0187,1.4572,0.2653,72.86,21
B0008,175,39.88,3.3103,2.0123,1.4555,0.2704,72.77,20
B0008,176,40.1,3.2744,2.0107,1.4482,0.2662,72.41,19
B0008,177,39.67,3.3151,1.9417,1.4614,0.2668,73.07,18
B0008,178,40.58,3.3189,2.0033,1.438,0.2663,71.9,17
B0008,179,39.98,3.2962,2.0035,1.4398,0.2689,71.99,16
B0008,180,40.51,3.27,1.9945,1.4506,0.2741,72.53,15
B0008,181,39.62,3.3318,2.0204,1.4135,0.2634,70.67,14
B0008,182,40.23,3.3209,2.0447,1.4394,0.2651,71.97,13
B0008,183,40.55,3.3004,1.9913,1.4397,0.2733,71.99,12
B0008,184,40.02,3.2839,2.0157,1.4446,0.2745,72.23,11
B0008,185,40.36,3.3244,2.0329,1.4516,0.2768,72.58,10
B0008,186,40.8,3.2713,2.037,1.4357,0.2771,71.78,9
B0008,187,41.02,3.2866,2.0523,1.4398,0.2795,71.99,8
B0008,188,40.94,3.2849,1.9906,1.4139,0.2816,70.7,7
B0008,189,40.66,3.2921,2.0026,1.411,0.2804,70.55,6
B0008,190,40.84,3.2967,2.0018,1.4155,0.283,70.77,5
B0008,191,40.9,3.2922,1.9929,1.4035,0.2872,70.18,4
B0008,192,40.43,3.2652,1.9486,1.4067,0.2845,70.34,3
B0008,193,40.66,3.3022,1.9869,1.3957,0.2822,69.79,2
B0008,194,40.87,3.2889,2.0085,1.3969,0.2888,69.85,1
B0008,195,40.61,3.3303,2.0042,1.3981,0.2824,69.91,0
B0008,196,41.3,3.28,1.9847,1.3901,0.2882,69.51,0
B0008,197,40.79,3.2376,2.0064,1.3891,0.2837,69.46,0
B0008,198,40.91,3.2346,1.9987,1.3786,0.2936,68.93,0
B0008,199,41.38,3.2816,1.9632,1.4007,0.2965,70.04,0
B0008,200,41.52,3.2426,2.0578,1.3872,0.2927,69.36,0
B0009,1,31.58,3.757,2.0497,1.8826,0.0822,94.13,219
B0009,2,31.2,3.7191,2.0189,1.9053,0.08,95.26,218
B0009,3,31.06,3.7292,2.0171,1.8892,0.0807,94.46,217
B0009,4,31.97,3.72,2.0163,1.8995,0.0848,94.98,216
B0009,5,31.75,3.7331,2.0296,1.8966,0.0842,94.83,215
B0009,6,31.94,3.7158,1.9744,1.8852,0.0899,94.26,214
B0009,7,31.64,3.6823,2.0162,1.881,0.0879,94.05,213
B0009,8,32.16,3.7298,2.0237,1.8871,0.0884,94.36,212
B0009,9,31.78,3.7343,1.9984,1.8744,0.0845,93.72,211
B0009,10,31.99,3.7193,1.9555,1.8802,0.09,94.01,210
B0009,11,31.65,3.7346,1.9785,1.8787,0.0859,93.94,209
B0009,12,31.84,3.6867,2.0469,1.8883,0.0916,94.42,208
B0009,13,31.78,3.6998,2.0342,1.8701,0.0955,93.5,207
B0009,14,32.1,3.7211,1.9916,1.8742,0.0938,93.71,206
B0009,15,31.74,3.6905,1.9804,1.8747,0.0923,93.73,205
B0009,16,31.87,3.6914,1.9865,1.8653,0.0942,93.26,204
B0009,17,32.43,3.6691,2.0068,1.8724,0.0994,93.62,203
B0009,18,32.45,3.6786,2.0511,1.8698,0.0965,93.49,202
B0009,19,32.48,3.6884,2.002,1.8585,0.1005,92.93,201
B0009,20,32.52,3.6962,1.9666,1.87,0.1039,93.5,200
B0009,21,32.94,3.6734,1.9525,1.8669,0.1025,93.34,199
B0009,22,32.18,3.6788,2.0011,1.8637,0.1027,93.19,198
B0009,23,32.41,3.6708,1.9534,1.8591,0.1075,92.96,197
B0009,24,32.85,3.6556,1.9715,1.8588,0.1074,92.94,196
B0009,25,32.7,3.6812,1.9805,1.8564,0.1036,92.82,195
B0009,26,33.04,3.6424,1.9851,1.8475,0.109,92.38,194
B0009,27,33.07,3.6377,2.0366,1.8559,0.1105,92.8,193
B0009,28,33.19,3.6416,1.9815,1.8482,0.1122,92.41,192
B0009,29,33.36,3.6557,2.0196,1.8596,0.1133,92.98,191
B0009,30,32.79,3.6518,1.9754,1.846,0.1119,92.3,190
B0009,31,32.8,3.6451,1.9978,1.8609,0.1172,93.04,189
B0009,32,33.55,3.644,1.9747,1.8548,0.119,92.74,188
B0009,33,33.37,3.6695,2.0195,1.8347,0.1185,91.74,187
B0009,34,33.05,3.6841,2.0234,1.8524,0.1153,92.62,186
B0009,35,33.19,3.6223,1.9602,1.8437,0.1204,92.18,185
B0009,36,32.96,3.6456,2.0071,1.8377,0.1176,91.88,184
B0009,37,33.35,3.6823,1.9969,1.8279,0.1195,91.39,183
B0009,38,33.19,3.6541,2.0126,1.8333,0.1158,91.66,182
B0009,39,32.9,3.648,1.9683,1.8352,0.1221,91.76,181
B0009,40,33.82,3.5995,2.0422,1.8379,0.1246,91.89,180
B0009,41,34.11,3.623,1.9625,1.8369,0.1265,91.84,179
B0009,42,33.42,3.6394,2.019,1.8343,0.1248,91.72,178
B0009,43,33.6,3.6231,2.0048,1.8182,0.1258,90.91,177
B0009,44,33.25,3.6358,1.9906,1.8206,0.1252,91.03,176
B0009,45,34.36,3.6343,1.9891,1.8212,0.1313,91.06,175
B0009,46,34.34,3.6287,1.9792,1.8171,0.1318,90.85,174
B0009,47,33.74,3.5921,1.9731,1.825,0.1295,91.25,173
B0009,48,33.92,3.6131,1.988,1.8179,0.1349,90.9,172
B0009,49,33.96,3.6374,2.0465,1.8184,0.1358,90.92,171
B0009,50,34.16,3.6037,2.0426,1.8142,0.1311,90.71,170
B0009,51,34.17,3.6181,2.0033,1.8198,0.1381,90.99,169
B0009,52,33.99,3.5988,2.01,1.8182,0.1364,90.91,168
B0009,53,34.0,3.5969,1.9967,1.8181,0.1376,90.91,167
B0009,54,34.17,3.6141,2.0005,1.8192,0.1372,90.96,166
B0009,55,34.05,3.5924,2.0319,1.8033,0.1348,90.17,165
B0009,56,34.22,3.5925,1.9696,1.8148,0.143,90.74,164
B0009,57,34.39,3.5994,1.9987,1.802,0.1415,90.1,163
B0009,58,34.13,3.5798,1.9629,1.7984,0.1424,89.92,162
B0009,59,34.74,3.5765,1.9276,1.8022,0.1462,90.11,161
B0009,60,34.74,3.558,2.0366,1.7909,0.1484,89.55,160
B0009,61,34.2,3.6041,1.9512,1.786,0.1481,89.3,159
B0009,62,35.35,3.5971,1.9829,1.7895,0.1441,89.48,158
B0009,63,34.7,3.5752,2.0404,1.7978,0.145,89.89,157
B0009,64,35.09,3.5669,1.9787,1.7974,0.1512,89.87,156
B0009,65,34.39,3.6248,1.9681,1.7887,0.1494,89.43,155
B0009,66,34.59,3.5951,1.9639,1.7916,0.1567,89.58,154
B0009,67,34.37,3.5671,2.0029,1.7838,0.1526,89.19,153
B0009,68,34.84,3.5872,2.014,1.7896,0.1548,89.48,152
B0009,69,35.29,3.5506,1.9841,1.7721,0.1553,88.61,151
B0009,70,35.1,3.599,2.0378,1.7776,0.1556,88.88,150
B0009,71,35.35,3.5553,1.9474,1.7713,0.1602,88.56,149
B0009,72,35.05,3.5312,2.0146,1.7876,0.154,89.38,148
B0009,73,34.63,3.5438,1.9956,1.7683,0.152,88.41,147
B0009,74,35.15,3.5612,1.9727,1.7704,0.1536,88.52,146
B0009,75,35.96,3.5097,2.0249,1.7589,0.1689,87.94,145
B0009,76,35.59,3.5367,2.0132,1.7722,0.164,88.61,144
B0009,77,35.56,3.5309,2.0377,1.7654,0.1638,88.27,143
B0009,78,35.37,3.5266,2.0182,1.7711,0.1643,88.56,142
B0009,79,35.33,3.5144,2.0159,1.7598,0.1662,87.99,141
B0009,80,35.34,3.5158,1.9931,1.7461,0.1666,87.3,140
B0009,81,35.18,3.5116,2.0534,1.7454,0.1686,87.27,139
B0009,82,35.18,3.5209,1.9865,1.7585,0.17,87.93,138
B0009,83,35.84,3.5462,1.9488,1.7573,0.175,87.86,137
B0009,84,35.65,3.5289,2.0266,1.7575,0.1718,87.87,136
B0009,85,36.6,3.552,1.9763,1.7667,0.1789,88.34,135
B0009,86,35.93,3.5683,2.0394,1.7439,0.1713,87.2,134
B0009,87,35.73,3.522,1.9989,1.7294,0.1732,86.47,133
B0009,88,35.81,3.5403,1.9861,1.7485,0.1712,87.43,132
B0009,89,35.92,3.4907,2.0142,1.7432,0.1675,87.16,131
B0009,90,35.89,3.5548,1.992,1.7189,0.1773,85.94,130
B0009,91,36.49,3.4919,2.037,1.7307,0.1794,86.54,129
B0009,92,36.01,3.5097,1.9523,1.7325,0.181,86.62,128
B0009,93,35.91,3.5211,1.9972,1.7297,0.1817,86.49,127
B0009,94,36.37,3.5396,1.9475,1.7366,0.1796,86.83,126
B0009,95,36.02,3.5378,2.0381,1.7231,0.1794,86.15,125
B0009,96,36.24,3.5014,1.9844,1.7204,0.1834,86.02,124
B0009,97,36.4,3.5056,1.9875,1.7163,0.1848,85.81,123
B0009,98,36.29,3.4978,2.0052,1.7198,0.1862,85.99,122
B0009,99,36.82,3.5172,2.0061,1.7133,0.1905,85.67,121
B0009,100,36.88,3.4711,1.956,1.7263,0.1894,86.31,120
B0009,101,36.38,3.514,2.0055,1.7122,0.1915,85.61,119
B0009,102,36.48,3.4635,2.0098,1.6988,0.193,84.94,118
B0009,103,36.45,3.4521,2.0591,1.7027,0.1907,85.14,117
B0009,104,36.98,3.4464,1.992,1.7114,0.1953,85.57,116
B0009,105,37.27,3.5049,2.029,1.7022,0.197,85.11,115
B0009,106,37.76,3.4729,2.017,1.7168,0.1958,85.84,114
B0009,107,36.73,3.4731,1.9914,1.6951,0.1944,84.76,113
B0009,108,37.45,3.4666,2.0235,1.6962,0.1977,84.81,112
B0009,109,36.75,3.4472,1.9648,1.686,0.1962,84.3,111
B0009,110,36.33,3.4695,1.9862,1.6881,0.1991,84.4,110
B0009,111,36.64,3.5125,1.9966,1.697,0.1958,84.85,109
B0009,112,37.36,3.4429,1.9832,1.6921,0.2059,84.61,108
B0009,113,37.63,3.431,2.0199,1.6896,0.204,84.48,107
B0009,114,37.03,3.445,1.9299,1.6942,0.2079,84.71,106
B0009,115,37.9,3.4567,1.9643,1.6733,0.2063,83.66,105
B0009,116,36.71,3.4735,1.9856,1.6794,0.2072,83.97,104
B0009,117,36.83,3.467,1.9886,1.6796,0.2037,83.98,103
B0009,118,37.53,3.4029,2.0499,1.6652,0.2115,83.26,102
B0009,119,37.11,3.4422,1.9279,1.6649,0.208,83.24,101
B0009,120,37.56,3.478,1.979,1.6843,0.2099,84.21,100
B0009,121,37.71,3.4184,2.0159,1.6743,0.2108,83.72,99
B0009,122,37.93,3.4307,2.0175,1.669,0.2177,83.45,98
B0009,123,37.08,3.4095,1.9896,1.6665,0.2131,83.32,97
B0009,124,38.07,3.4445,1.9934,1.6593,0.2175,82.96,96
B0009,125,37.39,3.4431,1.9259,1.6542,0.2172,82.71,95
B0009,126,37.89,3.4464,2.0112,1.6474,0.2137,82.37,94
B0009,127,38.1,3.4584,1.9989,1.6565,0.2204,82.83,93
B0009,128,37.9,3.4281,1.9764,1.6478,0.2207,82.39,92
B0009,129,38.34,3.4415,2.067,1.6417,0.2226,82.09,91
B0009,130,37.98,3.4234,1.9739,1.6515,0.2298,82.57,90
B0009,131,38.36,3.406,2.011,1.6487,0.2252,82.43,89
B0009,132,38.25,3.3958,2.0113,1.6446,0.2271,82.23,88
B0009,133,37.87,3.414,1.9824,1.6515,0.2268,82.58,87
B0009,134,38.14,3.4135,1.9888,1.6257,0.2256,81.29,86
B0009,135,38.44,3.4315,1.9917,1.6313,0.2234,81.57,85
B0009,136,38.36,3.4011,1.9977,1.6189,0.2287,80.95,84
B0009,137,37.81,3.4038,1.9787,1.6177,0.229,80.89,83
B0009,138,38.22,3.3975,1.9863,1.6237,0.2346,81.18,82
B0009,139,38.24,3.3811,1.9651,1.6249,0.2284,81.24,81
B0009,140,38.68,3.3822,2.051,1.6112,0.2335,80.56,80
B0009,141,38.38,3.3992,1.9892,1.6143,0.2269,80.71,79
B0009,142,38.79,3.3578,2.0309,1.613,0.235,80.65,78
B0009,143,39.17,3.3883,1.9969,1.602,0.242,80.1,77
B0009,144,38.5,3.3902,1.997,1.6118,0.2329,80.59,76
B0009,145,38.55,3.4098,1.9889,1.6078,0.235,80.39,75
B0009,146,38.59,3.3617,2.0286,1.591,0.2372,79.55,74
B0009,147,39.39,3.4202,1.9975,1.6086,0.2439,80.43,73
B0009,148,39.35,3.3562,1.9539,1.5941,0.2454,79.7,72
B0009,149,38.64,3.3821,2.0231,1.6151,0.2367,80.75,71
B0009,150,39.02,3.3551,1.9841,1.5918,0.2421,79.59,70
B0009,151,39.22,3.3547,2.0256,1.5795,0.2496,78.97,69
B0009,152,39.35,3.3364,1.9722,1.5838,0.2498,79.19,68
B0009,153,39.38,3.3408,2.0023,1.5866,0.2484,79.33,67
B0009,154,39.26,3.351,2.0967,1.6057,0.2499,80.28,66
B0009,155,39.28,3.3312,1.9269,1.5753,0.2525,78.77,65
B0009,156,39.35,3.3522,1.9858,1.5861,0.2536,79.3,64
B0009,157,39.44,3.4117,1.9851,1.5856,0.2532,79.28,63
B0009,158,39.19,3.3807,1.9533,1.5692,0.2498,78.46,62
B0009,159,39.16,3.3468,1.9583,1.5697,0.252,78.49,61
B0009,160,39.43,3.3701,2.0506,1.5627,0.2498,78.13,60
B0009,161,40.16,3.3649,1.9893,1.5922,0.2609,79.61,59
B0009,162,39.78,3.3633,1.9843,1.5659,0.2587,78.3,58
B0009,163,39.53,3.3655,1.9857,1.56,0.2558,78.0,57
B0009,164,39.69,3.3661,1.9696,1.5546,0.2553,77.73,56
B0009,165,39.86,3.3196,2.06,1.5382,0.2598,76.91,55
B0009,166,39.86,3.2989,2.0307,1.5579,0.2622,77.89,54
B0009,167,40.02,3.3195,2.0339,1.5534,0.2591,77.67,53
B0009,168,39.49,3.324,1.9673,1.5492,0.2701,77.46,52
B0009,169,40.01,3.3261,2.0405,1.5424,0.2625,77.12,51
B0009,170,40.05,3.3179,1.9937,1.558,0.2691,77.9,50
B0009,171,39.71,3.308,2.0151,1.5422,0.2599,77.11,49
B0009,172,40.18,3.3185,1.9971,1.5357,0.2655,76.78,48
B0009,173,40.42,3.314,2.0265,1.534,0.2718,76.7,47
B0009,174,40.49,3.3244,2.0361,1.5233,0.2717,76.16,46
B0009,175,39.97,3.3086,2.0073,1.5363,0.2667,76.82,45
B0009,176,40.26,3.2868,2.0325,1.5216,0.2725,76.08,44
B0009,177,39.73,3.3133,1.9962,1.5207,0.2724,76.03,43
B0009,178,40.41,3.3072,1.992,1.5171,0.2758,75.86,42
B0009,179,40.33,3.3182,2.0096,1.5057,0.2753,75.28,41
B0009,180,40.02,3.3064,1.9997,1.5143,0.2779,75.72,40
B0009,181,40.32,3.2757,1.9993,1.5153,0.2814,75.76,39
B0009,182,40.23,3.3033,1.9771,1.5096,0.2753,75.48,38
B0009,183,40.02,3.29,2.0009,1.5204,0.2799,76.02,37
B0009,184,40.3,3.2991,1.9864,1.5036,0.2777,75.18,36
B0009,185,40.19,3.2702,1.94,1.5004,0.2826,75.02,35
B0009,186,40.97,3.3271,2.0393,1.4893,0.2901,74.46,34
B0009,187,40.81,3.3061,2.0006,1.5016,0.2863,75.08,33
B0009,188,41.1,3.2581,2.0163,1.4951,0.2843,74.75,32
B0009,189,40.68,3.2474,2.0243,1.4889,0.2832,74.44,31
B0009,190,41.01,3.2666,2.005,1.4936,0.2872,74.68,30
B0009,191,40.73,3.27,1.9883,1.4873,0.2876,74.37,29
B0009,192,40.81,3.2605,2.0052,1.4848,0.2924,74.24,28
B0009,193,41.79,3.2789,2.0164,1.4663,0.2916,73.31,27
B0009,194,41.4,3.2782,2.0356,1.4809,0.2943,74.05,26
B0009,195,40.87,3.2708,1.9935,1.4722,0.2915,73.61,25
B0009,196,41.17,3.2594,1.9565,1.4749,0.2939,73.74,24
B0009,197,41.38,3.2806,2.0064,1.4708,0.2936,73.54,23
B0009,198,41.17,3.2728,2.0091,1.4696,0.297,73.48,22
B0009,199,41.44,3.2753,2.0148,1.4548,0.2969,72.74,21
B0009,200,41.42,3.2458,1.9805,1.4407,0.3005,72.03,20
B0010,1,31.66,3.7594,1.9914,1.8779,0.0756,93.9,189
B0010,2,32.66,3.7147,2.0264,1.8771,0.0801,93.86,188
B0010,3,31.7,3.7331,2.0152,1.8741,0.0805,93.71,187
B0010,4,31.71,3.766,1.963,1.8707,0.081,93.54,186
B0010,5,31.97,3.741,2.0403,1.8689,0.0806,93.44,185
B0010,6,31.97,3.7239,2.0397,1.8806,0.0879,94.03,184
B0010,7,31.97,3.6832,2.0044,1.8837,0.0834,94.18,183
B0010,8,31.82,3.6973,1.9638,1.8591,0.0842,92.96,182
B0010,9,31.88,3.7129,1.9594,1.8668,0.0882,93.34,181
B0010,10,32.06,3.7197,2.0012,1.8486,0.0906,92.43,180
B0010,11,31.4,3.7107,1.9617,1.8703,0.0854,93.52,179
B0010,12,31.68,3.7327,1.9644,1.8543,0.0903,92.71,178
B0010,13,32.23,3.691,2.0159,1.8518,0.0896,92.59,177
B0010,14,32.02,3.6844,2.0318,1.8559,0.0916,92.79,176
B0010,15,32.3,3.7012,1.9829,1.8485,0.0888,92.43,175
B0010,16,31.54,3.7162,1.9798,1.841,0.0893,92.05,174
B0010,17,32.91,3.6939,1.9968,1.85,0.0988,92.5,173
B0010,18,32.94,3.7186,2.0345,1.84,0.0974,92.0,172
B0010,19,32.73,3.6834,2.0234,1.8367,0.102,91.83,171
B0010,20,31.81,3.7374,1.9529,1.8408,0.0945,92.04,170
B0010,21,32.32,3.6595,1.9533,1.8474,0.093,92.37,169
B0010,22,31.77,3.6593,1.9337,1.8512,0.0971,92.56,168
B0010,23,33.02,3.715,1.9833,1.8209,0.0972,91.04,167
B0010,24,32.62,3.725,2.0511,1.8278,0.0994,91.39,166
B0010,25,32.59,3.6865,1.9974,1.833,0.1009,91.65,165
B0010,26,32.28,3.6854,1.9797,1.8237,0.106,91.19,164
B0010,27,32.95,3.6892,2.0262,1.8338,0.1067,91.69,163
B0010,28,33.02,3.6216,2.0142,1.8185,0.1058,90.93,162
B0010,29,32.78,3.6693,2.0103,1.8221,0.1048,91.1,161
B0010,30,32.91,3.6747,1.9809,1.8129,0.1085,90.65,160
B0010,31,32.97,3.6856,2.0557,1.8244,0.1076,91.22,159
B0010,32,32.78,3.6867,2.0372,1.8187,0.1094,90.94,158
B0010,33,32.88,3.6279,1.9667,1.8075,0.1083,90.37,157
B0010,34,33.04,3.6856,1.9732,1.8148,0.111,90.74,156
B0010,35,33.44,3.6677,1.9708,1.8108,0.1146,90.54,155
B0010,36,32.86,3.6192,1.9999,1.8173,0.1082,90.87,154
B0010,37,32.82,3.6301,1.9682,1.8096,0.1124,90.48,153
B0010,38,33.39,3.6678,2.0137,1.8054,0.118,90.27,152
B0010,39,33.52,3.6197,1.9726,1.8128,0.1146,90.64,151
B0010,40,32.99,3.6347,1.9903,1.8027,0.1142,90.14,150
B0010,41,33.78,3.6273,2.054,1.7795,0.1179,88.97,149
B0010,42,32.46,3.6158,1.9627,1.8093,0.1194,90.47,148
B0010,43,33.61,3.6273,2.0283,1.8091,0.1184,90.46,147
B0010,44,33.84,3.6383,2.026,1.7785,0.1231,88.92,146
B0010,45,34.19,3.6526,2.0213,1.7912,0.1265,89.56,145
B0010,46,33.4,3.6409,2.0391,1.7857,0.1179,89.29,144
B0010,47,33.46,3.6149,1.9684,1.7795,0.1246,88.97,143
B0010,48,33.65,3.6031,1.9601,1.7857,0.1302,89.29,142
B0010,49,34.27,3.6364,2.0476,1.7775,0.1264,88.87,141
B0010,50,33.76,3.6337,1.981,1.7915,0.1237,89.58,140
B0010,51,33.89,3.6603,2.0196,1.7889,0.129,89.45,139
B0010,52,33.85,3.6201,1.9807,1.7884,0.1291,89.42,138
B0010,53,33.59,3.636,2.0135,1.7703,0.1262,88.52,137
B0010,54,34.21,3.6299,1.9966,1.785,0.1309,89.25,136
B0010,55,33.46,3.5874,2.0294,1.7543,0.1271,87.72,135
B0010,56,34.16,3.6277,1.9973,1.7713,0.1297,88.56,134
B0010,57,34.28,3.6181,1.9836,1.783,0.1406,89.15,133
B0010,58,34.06,3.5975,2.0082,1.772,0.1341,88.6,132
B0010,59,34.28,3.6316,1.9817,1.7732,0.1296,88.66,131
B0010,60,34.45,3.5956,2.0396,1.7671,0.1331,88.35,130
B0010,61,33.59,3.6033,2.0193,1.7569,0.1356,87.85,129
B0010,62,34.4,3.6034,2.0033,1.7655,0.1356,88.27,128
B0010,63,34.56,3.5819,2.0073,1.7389,0.1434,86.95,127
B0010,64,34.67,3.5817,1.9761,1.7416,0.1401,87.08,126
B0010,65,34.85,3.5729,2.0096,1.7524,0.1476,87.62,125
B0010,66,34.34,3.5727,1.9423,1.7355,0.1436,86.77,124
B0010,67,34.41,3.5482,2.011,1.7428,0.1477,87.14,123
B0010,68,34.99,3.5924,2.0361,1.7389,0.1451,86.95,122
B0010,69,34.51,3.5397,2.0348,1.7331,0.1462,86.65,121
B0010,70,34.55,3.5835,1.9619,1.7345,0.1448,86.72,120
B0010,71,34.29,3.5715,2.0017,1.7281,0.1453,86.41,119
B0010,72,34.53,3.5936,1.9742,1.7254,0.1464,86.27,118
B0010,73,34.4,3.5629,2.0123,1.7388,0.1478,86.94,117
B0010,74,34.74,3.5477,1.9953,1.7256,0.1545,86.28,116
B0010,75,34.64,3.5948,2.0287,1.7241,0.1476,86.2,115
B0010,76,35.14,3.5322,1.9746,1.7166,0.155,85.83,114
B0010,77,34.49,3.5324,1.9755,1.7128,0.1575,85.64,113
B0010,78,34.53,3.5712,2.0017,1.7094,0.1515,85.47,112
B0010,79,34.95,3.5446,1.9634,1.7079,0.1558,85.39,111
B0010,80,35.31,3.5683,1.9874,1.7062,0.1587,85.31,110
B0010,81,35.06,3.5197,2.0302,1.7099,0.1525,85.5,109
B0010,82,34.62,3.5425,1.944,1.7092,0.1566,85.46,108
B0010,83,35.21,3.5598,1.974,1.707,0.1604,85.35,107
B0010,84,34.94,3.5704,2.0126,1.7107,0.1644,85.53,106
B0010,85,35.38,3.6266,2.0226,1.6949,0.1586,84.75,105
B0010,86,34.93,3.5806,2.046,1.693,0.1636,84.65,104
B0010,87,34.43,3.5602,2.0226,1.6988,0.1622,84.94,103
B0010,88,34.84,3.5705,2.0181,1.6864,0.1597,84.32,102
B0010,89,35.4,3.5246,2.0004,1.6825,0.1653,84.13,101
B0010,90,35.09,3.4942,1.9842,1.6908,0.1653,84.54,100
B0010,91,35.17,3.4839,1.9623,1.6855,0.1675,84.27,99
B0010,92,35.47,3.5049,1.9782,1.6882,0.1679,84.41,98
B0010,93,35.4,3.5004,1.9834,1.6813,0.1676,84.07,97
B0010,94,35.86,3.5241,2.0031,1.6748,0.1764,83.74,96
B0010,95,35.86,3.5423,1.9979,1.6962,0.1715,84.81,95
B0010,96,35.77,3.5281,1.9921,1.6912,0.172,84.56,94
B0010,97,35.66,3.5277,1.9802,1.6811,0.1738,84.05,93
B0010,98,35.38,3.5078,2.0032,1.656,0.1718,82.8,92
B0010,99,35.42,3.4977,2.029,1.6492,0.1713,82.46,91
B0010,100,35.52,3.4972,1.9657,1.6723,0.1798,83.62,90
B0010,101,35.88,3.5117,1.9596,1.6693,0.1791,83.46,89
B0010,102,36.08,3.5169,2.0083,1.66,0.1753,83.0,88
B0010,103,36.66,3.4971,2.0187,1.6575,0.1774,82.88,87
B0010,104,36.63,3.5014,2.0179,1.6514,0.1795,82.57,86
B0010,105,36.55,3.5128,1.9815,1.6607,0.185,83.03,85
B0010,106,35.4,3.4557,1.9394,1.6459,0.1783,82.3,84
B0010,107,36.18,3.5152,2.0287,1.638,0.1821,81.9,83
B0010,108,36.94,3.4986,1.9973,1.6476,0.1838,82.38,82
B0010,109,36.8,3.4913,2.0407,1.6429,0.188,82.14,81
B0010,110,36.74,3.4901,2.0011,1.6391,0.1886,81.96,80
B0010,111,35.98,3.5115,1.989,1.637,0.1891,81.85,79
B0010,112,36.11,3.5077,2.0164,1.6344,0.1849,81.72,78
B0010,113,36.12,3.4606,2.0014,1.6205,0.189,81.02,77
B0010,114,36.6,3.4871,2.0474,1.6431,0.1907,82.15,76
B0010,115,36.9,3.464,1.9819,1.6434,0.1927,82.17,75
B0010,116,36.4,3.4434,2.0447,1.6215,0.1922,81.07,74
B0010,117,36.81,3.4652,2.0155,1.6074,0.1918,80.37,73
B0010,118,36.59,3.4747,1.9684,1.6284,0.1941,81.42,72
B0010,119,36.05,3.4629,1.9369,1.6148,0.1897,80.74,71
B0010,120,36.89,3.4974,2.0274,1.593,0.1972,79.65,70
B0010,121,37.03,3.4629,2.0355,1.6038,0.1952,80.19,69
B0010,122,36.82,3.4649,1.9666,1.5984,0.1966,79.92,68
B0010,123,36.52,3.4157,1.9858,1.6093,0.1958,80.47,67
B0010,124,36.63,3.4534,2.0004,1.6033,0.2017,80.17,66
B0010,125,37.49,3.4292,2.0077,1.5886,0.2015,79.43,65
B0010,126,37.77,3.4394,2.0593,1.5877,0.2017,79.38,64
B0010,127,36.51,3.4932,1.9755,1.5861,0.1975,79.3,63
B0010,128,37.4,3.4029,2.0024,1.5934,0.2086,79.67,62
B0010,129,37.21,3.4495,1.9833,1.5803,0.2046,79.01,61
B0010,130,36.86,3.4615,1.9937,1.5897,0.1996,79.48,60
B0010,131,36.8,3.4471,1.989,1.5805,0.2065,79.02,59
B0010,132,37.19,3.4302,1.964,1.588,0.2031,79.4,58
B0010,133,37.34,3.4212,1.9957,1.5673,0.2117,78.37,57
B0010,134,37.61,3.4284,1.9839,1.5643,0.2133,78.21,56
B0010,135,37.63,3.4044,1.975,1.5531,0.213,77.65,55
B0010,136,38.04,3.4209,2.0235,1.5638,0.2137,78.19,54
B0010,137,37.52,3.4262,1.9875,1.5583,0.2129,77.91,53
B0010,138,37.24,3.4285,1.9877,1.5673,0.2087,78.37,52
B0010,139,37.14,3.4141,2.0145,1.555,0.2132,77.75,51
B0010,140,37.84,3.3968,2.0347,1.5621,0.2133,78.11,50
B0010,141,37.43,3.4375,2.0263,1.5472,0.2156,77.36,49
B0010,142,37.82,3.4048,2.0283,1.5489,0.2166,77.45,48
B0010,143,37.21,3.4195,2.0057,1.5509,0.2127,77.54,47
B0010,144,37.89,3.402,1.9803,1.5385,0.2205,76.93,46
B0010,145,37.82,3.3965,2.0065,1.5353,0.2155,76.77,45
B0010,146,37.13,3.4117,1.9818,1.5504,0.2158,77.52,44
B0010,147,38.07,3.4234,2.0294,1.5416,0.2162,77.08,43
B0010,148,38.37,3.3957,1.9836,1.5288,0.2302,76.44,42
B0010,149,37.59,3.4168,1.9558,1.5272,0.2293,76.36,41
B0010,150,38.03,3.3847,2.0385,1.5207,0.2268,76.04,40
B0010,151,38.9,3.4,2.0168,1.5197,0.2237,75.98,39
B0010,152,38.3,3.4024,1.9822,1.5237,0.2297,76.19,38
B0010,153,37.91,3.3777,2.0185,1.5112,0.23,75.56,37
B0010,154,38.36,3.362,1.9826,1.5229,0.23,76.14,36
B0010,155,38.65,3.3779,1.9916,1.5109,0.2331,75.55,35
B0010,156,38.78,3.3768,1.953,1.4943,0.2365,74.71,34
B0010,157,37.71,3.3745,2.0126,1.5127,0.2257,75.64,33
B0010,158,39.62,3.361,2.0103,1.5086,0.2311,75.43,32
B0010,159,38.22,3.3983,1.9932,1.4871,0.2293,74.36,31
B0010,160,38.34,3.3856,1.9761,1.5023,0.2334,75.11,30
B0010,161,38.39,3.4001,1.9876,1.4932,0.2331,74.66,29
B0010,162,38.97,3.3708,2.017,1.4793,0.2381,73.96,28
B0010,163,39.08,3.3694,2.0378,1.4847,0.236,74.23,27
B0010,164,39.02,3.3653,1.9971,1.4718,0.2403,73.59,26
B0010,165,39.2,3.3431,1.9308,1.4827,0.24,74.13,25
B0010,166,38.83,3.4025,1.9442,1.4718,0.2392,73.59,24
B0010,167,38.17,3.3455,1.9704,1.4762,0.2385,73.81,23
B0010,168,39.49,3.3781,2.0106,1.4706,0.2426,73.53,22
B0010,169,39.09,3.3629,2.0474,1.4675,0.2457,73.37,21
B0010,170,39.19,3.3403,2.002,1.4596,0.2402,72.98,20
B0010,171,38.88,3.3275,1.95,1.4582,0.2444,72.91,19
B0010,172,39.12,3.3922,2.031,1.4673,0.2437,73.37,18
B0010,173,38.77,3.3594,1.9845,1.4664,0.2444,73.32,17
B0010,174,38.98,3.3679,2.0256,1.4539,0.244,72.7,16
B0010,175,39.48,3.3267,2.0135,1.4524,0.2516,72.62,15
B0010,176,39.69,3.3099,2.0212,1.4461,0.2526,72.31,14
B0010,177,39.8,3.3311,2.0386,1.4277,0.2531,71.38,13
B0010,178,39.23,3.3436,2.0233,1.434,0.2566,71.7,12
B0010,179,39.52,3.3372,2.0408,1.4419,0.2554,72.1,11
B0010,180,39.78,3.3327,2.0054,1.4293,0.2563,71.46,10
B0010,181,40.02,3.3229,2.0066,1.4316,0.2574,71.58,9
B0010,182,39.25,3.32,2.0005,1.4158,0.254,70.79,8
B0010,183,38.99,3.3609,2.0037,1.4202,0.2518,71.01,7
B0010,184,40.06,3.3279,1.981,1.4158,0.2562,70.79,6
B0010,185,40.06,3.3211,2.0079,1.4079,0.258,70.39,5
B0010,186,39.7,3.3361,1.9976,1.4088,0.2627,70.44,4
B0010,187,39.47,3.2951,1.9822,1.4092,0.2587,70.46,3
B0010,188,39.68,3.2899,1.9784,1.399,0.26,69.95,2
B0010,189,39.65,3.3215,2.0198,1.394,0.259,69.7,1
B0010,190,39.54,3.3046,1.9431,1.4013,0.2631,70.06,0
B0010,191,39.45,3.2511,1.9785,1.392,0.2664,69.6,0
B0010,192,40.17,3.3429,2.0041,1.4092,0.2611,70.46,0
B0010,193,40.17,3.2926,2.002,1.385,0.2709,69.25,0
B0010,194,39.97,3.2807,1.964,1.3899,0.2677,69.5,0
B0010,195,40.54,3.2998,2.0242,1.3755,0.2673,68.78,0
B0010,196,40.72,3.2679,2.0336,1.3811,0.2653,69.05,0
B0010,197,40.22,3.2543,1.992,1.3805,0.2692,69.03,0
B0010,198,40.23,3.3107,2.0115,1.3769,0.2639,68.84,0
B0010,199,40.16,3.3017,1.9803,1.3681,0.2693,68.4,0
B0010,200,40.02,3.3104,1.963,1.3674,0.2712,68.37,0
