daily_distance_km,max_payload_kg,route_type,depot_grid_capacity_kw,annual_fuel_cost_usd,annual_maintenance_cost_usd,charger_availability_on_route,suitability_score
180.9928166285968,5697.135749742524,mixed,308.9412992377278,9776.374663399518,1649.3455002208243,0,78.07086544774116
150.84689127546338,207.393747116707,mixed,414.2396725072822,7352.115623399319,1554.4817693996881,0,72.26954513770119
116.72850225636685,3588.893814248068,mixed,310.06849120395515,4051.056115225764,1680.7697747946663,0,68.85665672600386
398.07466188276913,5215.988434523339,urban,571.335925280601,22334.736107714925,4238.119195324137,1,78.7593459150824
112.2814793247774,3970.70834347151,mixed,73.43767323507672,4490.712606731839,1548.3587047879305,1,57.54932556518105
444.70191041757545,4834.85115832502,highway,482.1842246809119,24492.81733281098,5013.917378770948,0,39.852132968567325
325.3179262216465,5386.107457516565,urban,210.67260812588057,16606.14857067105,4498.505249995803,0,67.58325303653301
432.1644231261755,4543.063442740388,urban,235.86539753063033,16675.295108425653,4741.013610940278,1,75.30575991968294
272.61458229327803,4344.551797983881,urban,429.6652245704818,10060.023292426567,5384.180172434236,0,77.73564929738649
336.166135914861,5793.763464478922,highway,558.6856092765116,11515.227276715725,4591.684430898655,1,59.29120205983047
303.0480168058341,5202.5552486657,mixed,433.9774554538424,11474.383637254088,5089.855975008532,1,68.72023182492154
401.50588719056555,4919.960537059227,highway,468.87843659694704,14104.678270409968,6527.213749538261,0,40.996317276961605
403.6752772014347,655.4596587604753,mixed,454.20585666289736,20205.62915473492,5502.8982241601325,0,64.01902800218707
289.2537449279832,1548.3248163655944,mixed,202.77248450047904,14306.620783663928,3033.049910193201,0,68.17363775344253
309.1160569383441,3407.0227423017736,mixed,457.80430341161497,15162.325575409799,4291.760680472157,0,71.18902566150179
443.6723030314909,4300.92661410266,urban,473.94464472858397,22565.80281435965,7104.1453801754205,1,75.42051893106242
447.3879150437108,1923.8071258077898,urban,327.03918758055,25268.691951770063,5927.438407149077,0,64.72899904016421
323.8761495112595,695.9694617568166,mixed,329.00239962008754,19332.317359588204,2760.740975346212,1,87.21422507741207
18.60573935052105,1969.9302428691992,urban,459.436669791553,697.4771648710603,143.72543615188656,0,75.51832965146903
63.55121486058256,4660.520706396037,urban,492.9630544012784,3120.534390532057,737.0962302386403,1,73.6836786733319
413.9432772751035,5282.796021647033,urban,212.2593335879422,13472.167763207508,3881.8768832157575,0,53.14709054286209
54.3920641124227,5490.486342814405,urban,483.913897281545,1844.1427676866417,1024.0599552739059,1,70.27938907777832
114.28641909760587,2366.3700729932643,urban,491.31226890511556,5859.010723905388,1108.3392210367538,1,85.40192777776946
122.20420630306809,2329.3506629321496,mixed,151.9634999373689,5598.647407768227,1518.8191238330483,0,70.95074401112062
294.10916794765575,2529.238705184978,urban,434.41618601027886,16071.828658753428,4823.675316977171,0,78.38459364911502
283.1342510159503,2348.4853961154695,urban,124.12234427415264,12411.05346000372,5009.429394755007,1,73.68899181284736
149.57914839048613,4047.2501539171767,urban,69.4337310980556,5107.671435191329,2015.0426957701295,0,68.91614364692146
111.53928498932592,2246.1910834721575,mixed,351.1076620493832,6507.396382849909,1089.0905056481288,0,72.82324501335019
370.50739388372625,269.0120291933381,mixed,546.5615362882884,12113.322537891232,4033.413995410931,1,70.1633596496028
449.98711235677894,2718.2939140240496,highway,35.7435287625715,16263.142120244262,5731.533366708869,0,27.25316729772465
39.55464116114399,1461.2895871447383,highway,498.5034579930292,1542.700152483747,476.9274105844311,0,55.5135703348292
76.92891515776122,318.5217560400268,urban,311.28565826155136,4796.257819553629,912.254575609799,1,72.74293929522746
313.60625474815396,2904.431266474182,urban,518.6238375019195,13656.907668656944,2868.9241224013176,1,66.9509298230104
389.0652750272129,1354.8341713100147,urban,508.43400707506237,18015.8726911203,7359.705868279894,0,74.19556904980807
382.9027309810258,2798.5396168124444,highway,527.0427808175289,21065.449038622068,3014.1940556335758,0,54.39842695243354
349.6526661834505,1774.837421670176,mixed,464.79126356190386,17721.623187472083,4545.493960602728,1,81.37995381295576
427.65399884161275,3681.6968911405343,urban,508.15052740999204,24524.319982793993,8447.885071553635,0,72.04486584107914
116.06722900042797,5946.632713212663,urban,117.97474621270412,5316.9338380330555,1827.6583360602274,1,71.20435281418874
64.89029011875543,3351.3067361632397,mixed,192.75409209184085,3996.967699686181,774.9609394024058,0,66.88526905998962
301.1437810924863,3934.3411138227048,urban,156.8544099222684,16832.85377292795,2808.5330955774775,1,65.46688343800098
397.35828955839605,5527.763182844527,highway,449.3205576809154,17104.039272865146,7767.721795832896,0,46.90171138457918
285.6502639934665,2337.902443691786,mixed,104.88122482977452,12109.095818325355,2192.317079468166,1,51.02392643308831
462.7938316683914,1124.3084312456608,mixed,121.60325737100632,27864.10563376708,7412.728295703852,0,46.55139876875316
384.93747454718203,1804.3641051437367,mixed,529.1943616223364,20110.4840941269,7122.0047530102,0,59.018955846942276
340.8681874228063,2506.350403180113,urban,427.94108285401035,17110.421712324624,2663.7165379484622,0,72.12419332785308
43.01964025535612,3923.353435346654,mixed,527.0972870826657,2350.141253059601,712.6068241076725,0,69.8404942982521
65.10014101023218,176.83997216386803,mixed,96.52282608250394,3139.5909723418386,1301.0570463770896,0,54.07641118739964
379.94949915490537,5142.291806386858,urban,248.40353666836188,13363.933385417953,5887.519188319933,1,71.95801019048626
107.18063539331865,595.1497423415082,mixed,180.64343449464582,4327.364833520046,1359.4241793759938,1,71.75928540725303
28.408356876730608,5418.83262117352,highway,20.66343488859496,1367.3853524898734,523.5662726847698,0,39.12300154749277
438.50371887233865,5704.191949048658,urban,181.4459318566435,13414.027919982165,6326.398647519948,0,48.93402726978263
429.22449877107385,5942.101345555984,mixed,237.0562024070595,18977.688169695277,7240.163388557819,1,62.958547200691456
116.59497966264371,4885.634578780234,urban,68.94848778698645,6361.841083369037,1731.1133424349255,0,62.89202986298241
377.7959100039239,979.8548267498927,mixed,346.3952213286896,13350.402693786658,3014.297051673544,0,57.242339722678814
37.310542463419615,4281.07720286734,urban,239.1560075464904,1197.5999810673368,379.23600764190576,0,68.65618251035028
147.55197177781733,1339.4295500578326,mixed,42.180072432364085,8435.685969122324,1251.911296408791,0,62.68113791545723
305.00511233933054,5398.197838145364,urban,426.8276359477664,15268.983152010944,2694.292254431563,0,71.36577027631961
369.87823321364925,2002.1446650837668,urban,441.62870279704555,13219.010343339725,2845.3137084791224,1,71.99516777725285
19.83562278650815,2061.7564658889905,mixed,503.16579413711946,1114.859430581502,253.1930415814656,0,64.31851100389086
166.68700517229098,5518.27178110197,mixed,299.0412509221848,8565.913150248078,1622.3888571202415,1,78.12633993601935
114.67068542960841,227.40176408467167,highway,581.6653964406883,4685.315347027616,2086.5714722817465,0,53.858145451901144
479.43288867315647,1284.701986178883,mixed,549.727524551487,20244.714784872085,8090.654955503921,0,52.296272650146136
327.0067380591343,2618.303759396212,mixed,337.540700683577,11466.937733513398,4795.459778007916,0,64.25910207516834
203.63722558908088,4249.221168764629,mixed,275.2968796756091,11637.013553201305,2772.0660671805354,1,81.52965392137968
50.178459921018536,3938.262071361702,urban,16.775140323209868,2335.44181837427,536.8271284849777,0,62.003768274835245
293.3816697407382,4066.059469727822,urban,430.9318010674518,14112.573662674888,3942.138199358217,0,81.30811885956052
313.3911839852699,5298.128866202385,urban,345.49838486906924,18400.28928327826,4862.378904504086,0,77.32582667707673
394.62875628895785,858.0279119155512,urban,563.4633251093572,12041.897224339324,6818.340700057234,0,61.800931206843046
149.18823660750405,3204.6459228798067,urban,362.6257932661278,4800.131443027391,1271.2368174028559,0,76.49267904496527
471.36405742324484,4394.044481249558,highway,595.8208149272469,16616.203768419524,7709.540308526821,0,38.332193990044125
219.35156878098653,3871.2928911063623,highway,514.484274040025,6794.684409697727,3681.623811458608,0,56.056515002628664
152.61384591666453,2772.637601644715,highway,572.8547924517476,7842.837001475793,2210.9400611705446,1,62.316726908763165
177.02894031067788,250.12032735215922,highway,206.6827212017478,8957.856051807757,1801.9758036247654,0,59.31108010639488
256.60751462971257,503.64575404012515,mixed,102.36155693885087,9456.259391560558,3654.041571289386,1,61.8933973865929
450.5662274958142,845.8067620949442,urban,481.1701865701483,15704.805517549605,6210.519733009276,0,59.30278118799279
356.84884103252125,2157.8823540868766,mixed,474.9253052369425,12395.056278469972,4798.3237647826245,0,61.76507385020442
283.3559870006588,838.2726981028093,highway,138.69762955225448,17279.146109445985,3756.73337624374,1,52.262169272548974
90.70683041063573,2642.5815314162587,mixed,462.375622668924,4765.636836495672,805.9591761643622,1,70.45800955049016
84.44928956425532,1195.0556449256394,mixed,355.4544144542226,4140.247768192742,826.4339268924871,1,68.17905348817872
248.52156492330727,4708.122255528306,urban,79.0722097674787,10060.3575642665,2166.2757736645717,1,60.24476317296213
353.84954763976685,5248.202557766462,mixed,308.5434045785721,15595.530969069361,3726.379977710622,1,77.50946456047167
364.2206603311262,2429.4379216138286,urban,559.7157304906269,11984.932555289291,3931.201049834527,0,59.52737216243489
120.05018850246016,3141.2908270964867,urban,311.27766408545887,7495.926130314212,1268.1439558889876,0,77.73988267358196
61.54627347397277,5727.953013131509,highway,476.38890888878115,3356.7508384282264,623.8707774818132,0,53.52413125411113
193.7743600030121,3282.7203687894294,urban,31.912342185544578,9726.935651518208,3234.631902471604,1,71.31433181446361
441.95023260849456,5971.1783126840355,highway,440.92762652461727,21700.8320593995,7836.6913540343785,1,59.94613613925269
268.5957724912627,981.4663130985195,urban,568.8998708904242,12460.216195615501,3112.7202026134846,1,75.35584332017399
163.84639157677506,5194.024560490686,highway,307.22375416236747,6286.194788618432,1853.7762851797831,0,67.66811598476279
165.49151577769157,3058.6375656368473,mixed,212.56029911996805,6182.380431678169,2987.188779907053,1,71.82258962386021
76.420476028316,282.8775508105587,mixed,393.2905453588349,3657.469069920328,1169.1605898466696,0,76.96304033863417
235.04903728936347,5837.504207420189,urban,551.0128108295334,7587.741719741113,2625.0227264886203,1,78.6282784676824
382.9836455093999,5795.530213498644,mixed,118.41024556200561,12416.44505140874,6288.650307509622,0,49.86407884852912
465.37979156021373,2392.1344150698897,highway,251.1611128632852,22443.611573450537,5494.9300641948485,1,54.68637349235268
248.24167498045855,5731.731115852544,urban,106.42981437437709,14868.159963648528,3681.9069145221006,0,77.26475885786196
92.75493586685012,974.9064070954926,urban,305.5427258486373,5538.752950789024,1846.5583413860197,0,80.76641080316831
332.571935908332,4128.644325555991,urban,331.146877622877,10094.196716934068,3748.0623346207403,1,80.89915010149349
366.9079743765623,1272.7845732938322,urban,567.3591146121712,12287.86254029325,7019.527433131944,1,75.14654271488611
48.34038348174252,1592.8863325587417,urban,256.321364954062,2366.2629822204995,556.30863449893,0,68.33841315988123
410.3146952785214,4709.1240076352415,mixed,346.6696189207235,23624.057718789532,5848.4548954463135,1,71.56090455573047
400.6349113480737,2357.5447947069756,urban,532.8786058216791,24446.580160059984,5308.331394705082,1,84.93539204359239
234.73159012818985,191.6958915474339,mixed,203.02192510305284,13607.137320408645,4058.3905433750406,0,79.45032353187717
275.59647115637875,2573.294781544228,highway,409.38586334604014,14337.197273841037,2277.435188556027,0,54.754408448287144
346.7347496255774,1484.205525702813,mixed,457.93968156092643,12661.7353973428,5318.574310765123,0,54.004758454070455
329.68787815422957,4147.479994316003,urban,208.3590172919005,10668.76498372498,5607.442471962032,0,60.74197840993245
22.689229859842214,1287.5248758324767,mixed,111.13959353542701,715.7150325433256,304.0767622006909,1,55.51718675099753
71.93241628954588,5077.183141353383,urban,309.2020820128299,3588.8877560537353,634.1675172427039,0,73.58585841348736
90.60460843827926,1712.494120832761,urban,223.72901212798146,2824.7010177924094,956.7903431685841,1,67.56101309631453
366.38928841852595,2449.2153109556302,urban,170.88052259844517,19794.290705204323,5860.7281136263,1,72.24661695190102
219.6388567449567,1893.5156356630234,highway,584.4514667560514,11674.969094368804,4105.701971061954,1,71.0514241694174
268.6587212698737,3916.95158468479,mixed,308.7595159403969,8754.876265567842,3430.800774938102,1,65.21323800819961
374.29965815640014,741.8067161744207,urban,516.039450898403,22257.81408727413,5429.2728506295625,1,86.87929186718249
173.55675511480223,2946.881330284728,mixed,129.26068516786512,8150.694149772563,1797.1477369996305,0,67.73633179297931
363.23395570322947,2106.5606690080904,urban,564.5740174659913,21574.009622497877,4595.878075913601,1,80.49376736972935
220.66916270274524,5322.207085236641,highway,479.7423892228777,13086.19480704455,2584.0077813647504,1,66.61099898938403
190.38878731500606,579.4607474101954,highway,488.0849113706483,6930.838605154697,2987.974831516335,0,60.72940555320645
169.86232778545414,5003.7161298572,urban,243.01245198961823,7196.8583915541485,3364.758159633791,1,79.2032591439167
463.69933920395806,1130.9307876999685,urban,299.0976409504465,15939.829787386809,8191.848459755445,0,60.68143808666705
373.96763597967515,668.1793105902376,mixed,362.1122806507278,20638.071646964912,3703.048964145826,0,63.20134717837336
24.391112459691158,1333.5887200195966,mixed,477.0128386799629,1131.358817820765,359.06113763395297,1,63.13659093763892
460.19820123096383,750.5199447690908,urban,511.698199955356,27697.60224023898,3833.5184062312023,1,72.82389351731356
375.5794278229031,3197.7560969824344,mixed,60.656505970881646,13808.92675087288,3976.0504245339057,1,59.76386538685714
84.36624222122883,5931.05747455732,urban,543.8764967069071,4418.424534879102,814.3637938253164,0,73.57457221771003
50.497228316262465,350.8150087569142,mixed,563.4355417149926,3138.412682891919,590.530707680506,1,69.93661886748382
158.31025355164581,2847.6008435188487,urban,361.83913154871954,8172.749585239717,2530.6170460597,1,87.3605614032069
305.2444111459187,2408.5114252809913,mixed,124.24910875411997,9839.600239823307,4194.79582050044,0,53.84044204200759
301.69421045450235,2136.6975233414423,mixed,493.77267713154134,14820.363450423643,5780.873110532143,0,71.6748091067241
143.27030819438752,2091.402121035161,mixed,335.92375451151537,5135.508346465724,1455.5347096215842,1,73.07488872810593
222.23886507569927,5385.824626264804,mixed,493.05992542408205,6887.480287919051,2678.5593294885575,0,70.42921854958409
113.528922406887,261.01047871916364,mixed,491.66275405475017,4641.768800152524,1319.5645130064527,0,69.17353642049063
38.519088602532925,4683.2608661738095,urban,65.73664967618859,1488.7004775372861,402.50696221056535,0,58.3190453758462
255.3912673534986,1629.659096014759,urban,370.1075355968385,14208.70700435865,5086.023772971246,1,84.28779840018795
176.3508774271977,2392.278738282813,urban,297.6394150722019,7432.2402899552035,2176.2261394678308,0,83.68574755471597
267.44033101853745,2607.8769901641795,urban,568.4798899497179,14393.948943153837,5149.927896023028,0,83.72863933898905
455.12590494876,1932.680761331399,mixed,188.53515577635687,13893.977690420641,5634.876701438548,0,44.02409019104698
81.66719493832431,697.3193417370775,urban,135.51006212169113,2489.329973277839,820.8488984499751,0,69.02764337494988
15.912338514594227,818.8354656521935,urban,539.7958107712055,492.52963937254907,143.05318244578118,0,73.92209145853128
50.74836917618821,1894.0670758834692,highway,101.99860780656127,1884.2437788142593,923.3432285817736,0,43.68126146457636
230.15935768725748,4957.582959390416,mixed,416.61388335381014,9702.276353131976,1818.5398366209577,0,63.37822505618643
343.72339385808044,937.5717688063593,mixed,190.51159109745936,17101.953543408177,6721.487715464906,0,60.49259842166747
285.0550755424929,4494.443023903695,urban,347.1897669660244,17685.4443753658,3628.0071599028984,1,75.70293453796188
245.12599242879236,1839.887917161333,urban,375.48836821213774,10177.217170184795,2596.4184846032117,0,79.08690466975531
179.59285595797178,5318.269870405743,mixed,259.1610299454105,5712.653794519736,2733.057848244293,1,73.37800546437745
159.13798976214795,2655.721581093749,highway,585.354513438701,5782.160340648615,1457.9287523921528,1,55.472147752493605
189.97307142381572,1154.581382789647,urban,92.1224033297128,11242.641435697202,1596.1194881790361,0,75.92572095054011
299.41025361421816,5917.190033146485,mixed,243.96846708650287,15787.849881002085,5343.6621937675245,0,65.39191509487037
93.00558947747433,1183.3119374949827,highway,266.78126622147477,5178.693221296227,1191.2513676796098,1,52.85170752304198
373.683368620401,3470.575954208776,mixed,384.1624651627662,12718.487843181227,5223.415781644148,1,67.11024138740052
282.4927566432963,3480.325896862385,mixed,253.24695854379368,9714.100212205134,2742.63745776204,0,64.38214590089156
140.15771558931385,2330.9586893900123,mixed,71.76606665271548,4716.026147728604,1158.7963893535493,0,64.83641541474607
248.03612770724695,5716.208266412416,highway,569.2465489357833,14350.87374114263,3000.5430553807378,0,60.41717182349179
462.6920897736024,5086.66619010863,mixed,258.4062627586311,17038.149121872393,6397.564013862277,1,67.70768472610773
24.528561052515226,5004.444430903716,highway,215.46413042198745,1248.5634042842494,418.65060464636304,1,48.91541717293375
107.77802801907157,5848.788822262445,mixed,276.33244264179274,5041.361115574701,1483.365166647907,0,72.35470815353243
223.4968115550243,2824.0896284484534,highway,141.70847404541962,10659.160156912854,3862.3238800655613,0,55.090364793558386
311.87447062762004,718.5367873771713,highway,73.62968553116077,11337.151334384971,2789.0652428821672,0,34.903598196148806
113.68614382275061,4627.917163881294,mixed,101.9184102786846,5757.691373838167,943.5420899442607,1,64.45530078068991
448.10283599493124,2377.753589793813,mixed,112.49307379708237,14070.772910867388,4250.596876981605,0,42.91969194438928
313.7959857774586,1263.5191380505821,mixed,130.63896135629864,19545.676972126,5381.648723195953,1,63.30762755135115
423.0058562647402,2976.9969578384826,mixed,260.6767241523225,13058.048847936318,7187.558103030899,0,52.672504310284985
168.1328375663981,5565.455799977905,highway,379.98107239082987,5318.056376166799,1558.103408159311,1,63.25921703286112
400.46357945258274,1152.4385612355761,urban,382.89938524563854,16239.215088048204,3158.599708463121,0,62.2567910303536
190.87193585824252,5114.88806909399,mixed,15.057078193727213,10885.011176594548,3066.5531411055767,1,69.1019587445276
132.5295741944603,2596.4989084484364,mixed,553.7602351355639,5083.65546936968,2410.8484383268337,0,77.49521030613809
438.91973271116376,950.2915871133806,mixed,496.3656006114082,19899.69365992061,7429.3073471932385,1,68.8677965721401
57.881591190667365,5113.03647833364,mixed,578.9037530700833,1770.2658230698091,580.8410300530805,0,67.89811813429624
453.44329016622794,5822.2789959698575,urban,225.59201166716284,14765.73585074006,6709.645126387667,1,68.23822230200652
228.20957072843657,1853.933687634818,mixed,403.9075768632972,11355.456427888601,3872.048105318122,0,81.9119894025645
476.5708451709257,1925.6868275761028,highway,113.29213831481681,17307.456706806122,5098.287613094014,0,20.341850137375623
265.9115139867884,2434.6940007836088,highway,492.96432092389654,13977.179582808292,3748.424320581819,0,57.1966457937601
367.232000018271,4912.662632095721,urban,109.40011792830578,20390.635090491513,4197.739038610046,0,59.167358930233846
18.28802259717186,210.9406009260739,mixed,205.7016349725335,1054.0459372058135,188.7267735968269,0,62.91360643845053
245.9500712814768,1460.145827664576,highway,302.1383907289852,8448.010731790608,4825.507585024204,0,54.88919081973155
357.9158643024236,4279.513894972008,mixed,362.801026278859,16036.072349849599,6767.213496001763,0,67.59072477952871
379.0145642806788,2522.9907853403274,mixed,342.38531920773795,23036.560978313002,4954.041242861799,0,66.37809254157034
88.49259090974309,2082.229394363546,urban,74.7261668503484,4875.297102056547,814.9924943626022,0,68.23222636628289
209.82149192799207,5252.854900076802,mixed,261.68046167535283,7092.220816841122,3482.7936440601898,0,76.86519576193135
209.8684605254925,5516.403432855501,mixed,554.9019195604062,9723.469782924803,2244.808485624171,0,79.62286908291767
63.19297595206098,5695.719382122244,mixed,525.3355887348332,3790.1484311824966,607.0615902882172,0,69.26928037243479
221.016161076532,1744.4206160276353,mixed,360.6083611039643,9791.29467674267,2711.6721935714104,1,76.53348386687101
390.29822579364253,5488.198765803776,mixed,349.80987664035683,22331.331500626275,5512.229699138297,0,63.208827882255804
154.58404299282896,4461.24849515464,highway,80.32998184985816,7128.630920987796,1347.6643241236472,1,45.09384744471726
216.14715268065567,1052.1562786581967,mixed,132.1517796015275,7234.743377485403,3165.8707976629958,0,69.04320204899959
461.84578855389634,3720.07966560303,mixed,162.7942494233962,16074.674341436654,3552.4506922200185,1,54.232417417436594
29.74425528957643,304.05869294589866,highway,300.5945011864263,937.448562676482,554.6816774612668,0,48.49216410762616
290.0576220713404,4294.012211259561,highway,442.84328813599546,10542.935861362153,5513.783977212266,1,54.66854054671084
360.69778267659757,4441.37000750799,highway,284.52433302849107,21296.483773031727,6010.445901958771,0,51.47586934743908
368.81033182449795,4767.630275280734,mixed,88.74570947487769,18857.802059704052,4916.930516043306,0,48.79639031652206
347.91118157108065,1159.2715666162442,mixed,272.0190930516576,18791.67459701319,3717.849645154898,0,60.85118799904398
352.79992121282294,3825.262154543056,urban,110.1404534430997,17711.966326506667,5927.532996302293,0,60.58259724709986
42.44088953796818,1196.311606241778,urban,454.42120074033744,1806.3915066302065,812.6354480327035,0,73.77436852092715
263.37352789839474,5687.902987826678,mixed,112.40300333667872,9757.458989228911,2497.2212236084815,0,61.282591355679436
379.08061832062407,4098.8125521828815,mixed,297.2823838835072,22776.10138669232,5050.405734033611,1,79.22885642519782
58.74024780235826,707.6562108237262,urban,420.6469575567394,2745.0473747751926,672.0336913092782,0,75.90908614409227
20.603213909893555,1244.1385455340635,highway,148.49586740794703,940.2430396447321,246.3994467030892,0,45.321706255321416
393.771251693841,4031.241574059025,mixed,59.47761296783596,24560.84504875731,4950.481255654395,1,68.59131176462934
346.21689021841746,2938.5224025337106,mixed,344.530193503728,14706.505722399696,6715.726307506915,1,78.60689201831562
206.6759838652158,4457.341347333639,mixed,46.70855815006962,11937.41318444155,2218.246018154759,0,68.78685796260707
452.28434114698996,1792.6144737151058,urban,358.84465613637826,26244.333477188655,6177.502149645514,1,75.56777593815471
371.4681140129341,3998.8175905554,highway,455.79664448792784,13953.004257817618,7204.101562661261,0,45.901259148652755
465.0553378470585,1185.2169829780682,urban,207.64985512829932,15385.095553346266,6255.325007789184,0,52.36054111887856
447.1315956895723,3330.7050406620438,mixed,300.6844043122049,27591.441692310753,8180.269871090432,0,51.95183336626843
238.8015253853778,5753.127610567419,mixed,558.3256753615937,10469.452437965061,1966.4254122378904,0,71.77853586344273
365.9396750692582,3825.1000589022706,mixed,290.59868554269815,11004.596629313948,7103.943083813883,0,63.871632534897074
326.1739957955521,442.46266240376144,mixed,597.9841259151325,15075.13570094661,3210.9022629867677,0,64.19379686158173
392.32202269300853,5934.258505759267,urban,106.84641064423865,19666.028749987512,7748.041356866577,0,60.0263123113333
381.2751070467113,1067.6680284458637,urban,429.72633295272414,21055.104924163265,3696.351904055073,0,73.30411093655482
86.25286606545043,4350.704250778065,mixed,396.7818799453936,5230.8584394585205,1125.9944527309638,1,73.7016997174945
123.68702229097404,3265.300728525546,mixed,525.2983159129014,7389.439393157943,1404.797760912942,1,73.19363317211527
138.56518338756882,1872.0100236551773,mixed,69.07927901446632,8390.733501868635,1789.6237668229144,1,65.74136520972415
395.6018300359099,1187.2663397520982,urban,178.92085602856278,12281.089842930025,4205.864295066928,1,60.56952451394908
391.9948923270728,1189.5588310187868,urban,92.32484706979612,20827.73108075445,7669.955381778322,1,70.81765347855497
245.3309363268406,5171.638135067738,mixed,560.8606465290741,9160.751318294953,2777.529479965805,1,68.65311856186979
285.08700055214337,5256.538207856027,mixed,264.5816649174754,10290.347090395313,4466.154819345507,0,68.40610927427817
399.5188011303059,2871.101301504565,urban,547.3885196380154,22377.189273004766,3682.801711763271,0,67.02341300752661
160.3560243151506,756.1855581110972,mixed,187.22809169991126,6984.581633290788,2855.1139269348023,0,68.69492752986264
38.333131266108936,5322.365857503721,urban,88.92533929656635,2291.9188462466823,547.4488371390294,0,62.51501221995674
239.40734379981276,2999.046444124271,mixed,188.4743046968196,7512.396666061764,4726.637516861883,0,68.11340982777219
439.87847188963235,2716.760173771445,urban,364.34700020690866,24664.371673943027,5627.15754086442,0,60.391675921896834
382.56774134643393,2533.0385929600784,highway,509.4610661939857,13178.356269435693,3803.908711108019,1,50.52604728320788
185.47704594544587,2285.332917076353,urban,240.45355553662316,6628.71945450995,2193.31011780725,0,77.92460018069201
45.118682624519074,3227.131611110276,mixed,550.1630656632883,2053.528596708709,754.0265857653769,0,72.38417186757847
311.16757000286714,3686.5661756784693,highway,157.8757549115883,13335.60682020244,4897.413956413135,0,37.17710278412069
403.03822007979187,2878.628390901792,urban,420.7213020727036,18459.39228210484,6944.0835727230415,1,81.25368985207314
324.2010834014069,5395.3917562120105,mixed,445.3923100321293,19630.655050269255,2729.2474796408333,0,67.70856446001551
212.65971911480415,2008.3181868975591,urban,175.26830780841036,10923.296330993335,3137.711152708846,0,76.87404388951138
72.35943012826817,3533.124362202671,urban,30.777378805808553,2853.4981003547964,1385.8356541341195,1,59.58268856526985
438.51002352387,1904.7304331348137,mixed,228.6638450996919,15619.522319660458,3880.2760920557407,1,59.15888595170589
143.3206214753231,4557.097639186325,highway,41.439746174089606,6256.160673264892,1243.9070102454689,1,47.934520131652896
119.29347196922609,747.4084310701786,mixed,541.9409586102739,5329.833511438564,1963.2788231671168,1,72.141375388061
394.42914950848916,1253.8891312526953,mixed,572.8122788164239,19540.835873033117,4512.182971296487,0,67.96611934093137
471.26727150659354,4837.028248072662,mixed,445.1972508284103,18212.16511529113,7414.0898805213465,1,68.60403230838543
321.97452031631354,1221.7059320343014,mixed,440.1104824085928,17690.584313840212,4609.80786458905,0,69.63225345398845
305.53687739641606,3810.61612523923,mixed,155.9222116058624,10143.811490314763,6057.523176646788,1,57.74290589584221
163.5353541877941,5825.924193639552,urban,58.246462286479506,7884.813653604464,3043.9171069040362,0,74.59636263841848
24.492254568585142,3208.9100905309,urban,484.2312119786362,1231.097756499384,391.2860490398645,0,77.00805906027495
104.18600760755999,1246.2692110894052,mixed,342.10972995872004,3825.921320272749,1122.180489380303,0,67.45357572982093
286.76015299880595,2026.0426173019293,highway,413.75210551049736,16300.986680524884,3089.511455614854,0,55.546075907385344
85.36215474446117,4967.229747257294,urban,471.0900248304446,4268.239542301271,1581.5940584148075,0,78.92369094003539
425.9836502230671,2207.2163417518464,mixed,254.5190473370773,21719.190452532668,6311.698921816384,0,61.11283455009089
102.48727985159161,4382.541450324409,urban,99.55975513731586,4732.520679556167,1779.7963848736463,1,66.89174658925377
257.7785706505342,4697.49786787146,urban,480.0965276272938,15353.758777726542,3382.906181727766,0,79.85652065511151
253.08615928248963,3081.91965638421,mixed,280.4528989486183,13300.347437088605,2224.2275799113436,0,73.33246417488236
295.8347180102875,4731.7982985433755,mixed,498.7506750507206,12546.248581993817,3449.0129420666694,1,71.37414487925878
167.25684241888814,2003.8825759050542,mixed,271.05400085460747,6314.730462199604,1591.3426355794054,1,73.16309054022162
421.1934034953716,3169.533933290974,urban,141.95459894752406,13608.550136863192,7275.235837648154,0,49.48219291408511
221.60021422840737,4166.3658442370215,highway,115.03793474246265,7838.936327537305,3602.4216939327935,0,50.92223748450619
340.57141411250694,1133.2279117306252,urban,450.1942275871132,21204.724117961785,2930.672030887731,1,87.74643550465194
310.69855034951695,1750.6885091858096,mixed,351.3101368344881,13428.367770215707,4743.533410167274,0,66.57641041949725
69.47757865066202,3964.414129852865,mixed,251.6926967718416,4113.582266273981,1280.2420703620555,0,72.83172448000705
304.5272990067143,3983.856701002888,mixed,302.8883023719292,10823.96730043284,4938.535558823762,0,67.6976367164518
271.0767452612096,3035.820481749927,highway,336.5385840926258,11879.729176184153,3764.9575124096664,1,55.79453310820578
432.85088941399624,4804.174337175405,mixed,155.05861846809069,26497.76804692477,4933.7604238720705,0,52.68663792325135
424.60763596548003,2970.021176729107,urban,236.22686412314815,13995.831198613621,7892.907941170207,0,53.28419201223182
85.19397614641557,5305.73525267034,urban,186.060707089195,4200.44547885268,1089.2101841444928,1,74.28130232479285
52.983592697772565,4455.03507060088,urban,242.22795034619193,3172.2912431194122,963.8997583757483,0,71.08627467309284
151.98538193305396,1990.9649503245466,urban,307.82889490797436,9250.546137994106,2627.4469828118063,0,83.05372152713805
473.77497835820355,2462.23594963465,highway,116.41416034680405,27239.807510930175,8387.161247828046,0,29.37146213246005
25.031806028937286,4055.9671117535972,urban,245.20631164959948,1447.285683108772,497.443789374648,1,71.63040826995027
327.8948914013877,5382.547820117424,mixed,240.51424933455024,16786.889156752568,5528.137838610783,1,73.27949057621944
297.9588862360544,1195.4460863155261,mixed,182.3122328527237,11073.269860213517,2361.476637934928,1,54.65218957278688
315.6589004128848,3160.781701640584,highway,599.1203500094344,16965.735554376944,3178.0298783905614,0,53.19634113990369
116.5029387433948,844.8888647476039,mixed,58.07209276166046,7199.589785537366,925.0262711054261,0,60.77360391129977
120.42356579693022,1784.8126586227677,mixed,391.12641648215543,5671.087623200797,1189.0526095470154,0,74.23786899941663
215.24856821082844,4162.990951865468,urban,117.04658482381484,8281.185877848387,1779.6738454157105,0,68.41095079306001
59.5738802861347,604.747616201746,mixed,506.1215337318317,2897.5430525883403,820.3450216599468,1,74.2465744822247
49.69514219380719,4024.7977040497576,urban,549.804973565441,2606.253611065747,390.2349636085181,0,75.67615880996233
56.0871458710352,5419.745057529987,highway,249.86461982624093,2062.274439275476,751.973755229308,1,52.912987461854634
281.43531465740983,5820.816202458027,urban,496.7348929111152,15021.231050860539,5272.834528958978,0,77.87963679598572
199.9499634575206,1417.2983759992658,urban,161.19702786978536,9815.85721042525,3370.596555425275,0,86.10063493582824
151.5318030056322,4531.053046156074,mixed,96.94007678761803,7561.644878783998,2924.4803109022105,1,66.11332102418136
161.85601153785709,5569.267124927349,mixed,199.7887858455274,6465.2748874442195,1672.4718718858464,0,67.6133045716021
111.38673721981928,684.5104684692006,mixed,214.87929812626263,3903.678676341096,1574.849482562515,1,69.4384264878635
206.34998092469974,2572.0381096618507,urban,247.45416369956368,10371.587832865414,2369.3606579823995,0,82.10453420637059
109.42200217798484,5528.547136202171,urban,233.18098104532396,5367.430656354971,1496.0994008317084,1,72.44013219316668
339.5914096691896,1336.3068647907562,urban,255.5195049175448,13918.288437686364,4911.662650783444,1,83.50542445052292
72.6286183840803,5612.500000158875,mixed,430.36951899600103,2877.2948700522343,577.566496144704,0,72.07263213401484
455.9325693300936,3234.073615863504,mixed,158.6643777264551,18823.379016621046,4748.857632982889,0,48.43950472001576
56.765807159186224,734.3745328447008,mixed,25.86672352259619,2606.754466296564,925.8309996640028,0,62.94243295240246
453.7092321401423,2781.782303019763,mixed,301.4631225580439,27985.53015270538,7786.376497473273,1,71.14005181709875
402.4821617569891,2058.6279934823374,mixed,277.25037785984546,22062.401893423314,5883.5414307004685,0,62.04757278595232
331.5311360852219,1800.8943392280785,highway,50.13801905840681,19123.22699222677,3608.836712147678,0,47.832437524113
439.22026983794984,3317.63211745705,urban,93.27381987832703,20394.58314829918,5518.166461959992,1,66.97836483756961
79.73673898558025,2979.01724089844,mixed,313.3037233906629,3755.5220555304477,693.7463199167672,1,72.18485783749777
96.98636999691563,2969.507883777538,mixed,152.3291946114539,3553.6340843503167,1882.9656623239243,1,62.98133654510027
132.25095530734936,665.6291269532245,urban,528.3950020727465,7066.696181034618,2427.9249825742836,0,81.54178585342962
128.83735994613926,4843.561359008749,mixed,116.37610457880466,5630.3833331856395,1071.9306143688987,0,62.629502978413036
159.54444598112948,2966.419994831402,urban,26.77173963138201,8636.064744150186,1528.6166075270685,1,73.01682486013706
282.6683676969884,4952.299097905964,urban,276.8248050937703,12237.929081242195,4173.225472335145,0,68.82607710327102
28.10026425687365,4973.8786530730595,mixed,591.9054197058294,942.1121809127216,292.3938132299986,1,72.09761129919454
192.75675669358876,2005.2416503610527,urban,385.8154278892887,6866.813897530496,3697.076275219776,1,80.0446406212065
129.56908447005736,175.42587727453233,urban,222.1073869382258,7304.590274083186,2195.5328809962302,0,77.33175352351606
297.08287934451573,5480.787213129993,mixed,24.867786708697118,11409.478649669976,3242.9994645344104,0,50.722406291559736
473.10373893896406,4600.0639545545055,mixed,298.6948372492027,18257.79180411869,3584.360547629959,0,49.86069659443944
255.70939466526826,777.423947417306,urban,135.7826112509817,15394.84677071871,4473.148065880019,0,77.67238577112575
212.94363619007171,4255.103148918142,urban,393.9361399862879,10939.587012397313,2725.917331841069,0,84.05318305888672
186.23324849247902,267.13612171295154,mixed,356.05996883281125,6278.853135105536,2892.1504641740867,1,74.00210803868889
380.00138677913384,312.3905549410861,mixed,170.1500586015032,13173.32616093774,4213.145796228415,0,50.58309985655537
48.471133217588026,3226.065951647379,highway,55.29639951792291,1883.1976352819465,450.0988589766715,0,38.676559795896615
461.2932892239565,711.8189610326277,urban,456.6862308535958,22744.000976946496,7353.6584870035795,0,59.99117846530063
209.3318169844412,5791.368656536775,urban,357.4964953368712,11401.640022877644,2748.329430752188,0,80.80844702003996
160.87083750867754,5378.9126759040355,urban,507.6438559625476,6261.275489683073,1679.430615912496,0,78.1779203462604
467.9416741258611,3951.400382800126,mixed,166.98300914747904,27279.06523172588,4314.586012488988,0,50.68832569739818
450.18367140808795,522.6974794041328,mixed,396.92430789654105,15102.921989932016,6642.907973100815,0,54.06070767610361
313.4993749910603,2050.286258171331,mixed,84.4280928092807,11520.153056213338,5194.488472181399,0,59.2942779830663
23.605929305436618,2324.579537750357,mixed,185.70879613135355,1452.7114846250074,260.8121642734424,0,70.1238922277316
363.0687639360559,2963.147039597893,mixed,399.0753804482612,12482.01657861932,6059.3568748366515,1,69.76175701237871
171.0341910195306,1138.0818129377453,highway,497.96506350970395,10067.691199770697,1674.2583966211962,0,61.590386242557415
195.5503073472314,3528.443110363596,urban,202.74141851985792,10340.28763171938,2293.8434601639146,0,83.68747787532968
88.8150899744857,2699.258290268956,urban,482.32933058555324,2875.4178865023596,1493.0730163403766,1,76.24781380950893
258.4080089971782,5691.687235848222,urban,411.48518925987025,11814.536124232476,4070.3897245337275,1,81.95609223007229
361.2169572347513,5626.742093307532,urban,218.97474133194592,16929.093358387898,3930.59869638989,0,65.03995203703465
141.95016991327682,3458.0226387388384,highway,527.692208580497,8558.81991692557,1281.3398271238948,0,61.22511815283203
451.5108022401694,3919.443615544631,urban,312.89900363072724,19724.65542824209,3626.046143948981,1,71.40982148995388
105.55263804137375,956.1093364763933,mixed,394.2243911894581,4699.184182518789,1897.1967565027148,0,74.21398746192396
45.81198837641151,1456.4409472150037,urban,304.94433501353586,1541.8355464636277,386.61993932538263,0,72.36665831285542
314.629201107704,5419.185114581171,urban,279.84117688709927,15974.702505872656,2811.3894894301357,0,74.5606167689252
409.93321032422176,4240.120648940049,urban,511.066964584731,15107.740726877992,4292.567599893684,1,68.00587211214747
458.2067795779932,1258.1666541060035,urban,187.40208279759608,14900.80698556819,5989.161846025167,0,55.032234943450895
371.7345198901813,3485.7302905283536,mixed,36.42809508277894,23196.184787178714,6457.897912766134,0,47.88106902274544
107.83725535032363,5618.353315363276,highway,529.6728464738022,4180.091529330436,1142.3744039110818,0,56.82226597897349
469.6124509337346,2169.2509710471363,mixed,497.6390125349421,16241.184012125235,6712.5713896895595,0,52.21997756026196
442.53768235341187,1237.0491967866487,mixed,229.43787762322344,23336.53306969187,3818.948198356323,0,50.63733750544879
90.87285158453807,5660.847869918225,urban,123.48891614254858,5152.915067190656,1209.1893822484858,1,62.628912896418186
274.8354095156258,2848.40235770878,highway,410.1871811833555,8817.412117552487,2671.534140002145,0,47.02381778593741
273.31560305790515,2590.865692177184,urban,61.075128626848965,9135.651241891746,2771.3913764207123,1,59.28245200257549
220.77867183020393,1715.268118787589,highway,262.89653199020296,7270.385007545711,2668.188719628066,0,54.52440175634282
472.69081857075525,5365.773975440794,mixed,65.22945810091822,14902.134581751137,8043.706975729027,0,37.995918981298615
42.72434028880286,5096.858086304014,urban,364.77716006732624,2197.4126061259567,717.7616696823864,0,77.55505237973716
306.6521424262669,2507.4938367050113,mixed,30.916904528633538,15062.80802445223,3890.5454717998555,0,51.39592975142045
110.46618454564668,329.0876873979113,highway,383.1044497460723,5693.561515722461,992.3607543331439,0,60.06045871871506
260.2090101998962,2762.9108684609164,urban,408.825260374297,12082.592747497216,2864.548684222177,1,74.43195685693534
377.5794588811962,1208.0193969933118,urban,299.9795176557134,21359.292324752296,5216.995449668176,0,67.65286895917542
129.72796347337405,984.9943103709548,urban,117.37928763910294,6196.679285505286,2382.7974694238314,0,69.35282060710142
197.91218911466407,2449.597629588228,mixed,74.31545409691624,11846.880229468814,3879.7087988360067,1,74.44742768042393
457.1071545403856,729.6000834660691,urban,198.2760236601469,20928.000747199032,7070.710224190144,0,52.87484902741973
369.08854303994394,5751.16736555024,mixed,287.1459075660072,20556.90552372462,4386.093645818042,0,67.12879907127798
281.31628079800356,428.1042134204985,highway,390.69186535423404,12163.89416233238,4548.368937232942,0,52.53550518282359
118.22878533012329,2498.012320282554,highway,15.73132459832228,5219.183313750786,1383.6168968440716,0,42.08105964197567
212.76702842707613,1101.810806885415,urban,430.9723927526874,12253.730078075949,3259.254313746478,1,87.5194409204364
374.93851335821404,4179.546230943223,mixed,431.93648029328676,12560.044505811673,3954.507300161674,0,62.65732790420237
396.55253132113893,611.0469779051862,urban,275.0546167981124,19177.211825756665,4297.582051251619,1,74.32727274872462
128.7418821362155,3348.8126091205104,mixed,215.89277076255178,6901.328991681839,1086.622664996112,1,72.53982227711214
322.85799784391395,4672.643746931335,highway,507.7505103321598,17559.817101933717,4117.009124021614,0,52.2525295820072
59.176391337380956,5707.850035036478,mixed,473.98367698826837,2912.8714443349213,901.0896514800934,0,68.15252295058762
25.79372296446596,4236.386243371064,highway,590.2165117828686,1149.4223521093513,447.77740043877793,1,56.21412802925046
270.1333743963549,732.0267821623136,highway,232.57952112328695,10393.497582104943,4762.277643649938,1,49.66133050314666
119.33663224039935,667.845215827725,urban,545.4970738414025,7107.2545536543175,2375.46197042627,0,77.91692014851245
51.69409452759178,4429.848583947685,mixed,66.13010324737708,2172.088062043528,444.41136879135496,1,57.82683186502797
354.3701654962819,1409.6770192702916,urban,255.70764875674857,19833.121120811364,4842.1882193027395,1,87.06346141710287
246.55818358955995,2766.3499555045055,urban,287.2438594679655,7650.486528152121,3456.050980434163,0,76.55954905345449
385.2688100956795,5863.23344290545,urban,272.911474979023,14465.109908073027,6764.036524002727,1,71.30675618946852
323.734071451459,4946.454770662672,highway,380.6824402322074,13348.043234586568,3505.8721198527464,0,45.45861625513129
354.35929706070283,5102.571140206173,mixed,114.57158572032883,18365.080584282212,2964.9788095705176,0,57.89802436404108
157.92267030259342,5185.50394265926,mixed,521.8745204598574,6376.641256826674,1803.7903916263706,0,79.55984863186946
137.4232589427049,3774.340239711114,mixed,337.781950845689,4307.439088383646,2720.8565525006793,0,74.12008874488446
294.40682482429645,4502.013454595499,mixed,543.9625855877597,10495.807703329278,5518.071525778453,1,65.48590900423254
108.03819528510923,2249.9213506105802,mixed,16.539511752568576,4151.137959441647,1344.0585690458227,0,63.032292352290824
394.1666337688898,5990.910425451177,urban,383.5430464519029,14080.240395935127,7273.714553407641,0,64.55721888474571
258.1578785730209,1785.7896924796735,mixed,256.28784041007725,9454.012115616475,2041.8819409640357,1,64.32362102279363
120.55031854170886,3601.5433093255892,mixed,310.48295112343266,6629.194690899767,1377.5949093804809,0,72.2833499058112
305.70322803340747,1800.060818178981,mixed,450.1256388064669,13264.797328957982,5070.133311534539,0,64.39028068161112
454.44161681388226,805.615645776428,urban,147.8837727769634,19617.48361342185,4666.276113593692,0,62.41075970807486
53.174047864709955,3470.3770168355086,urban,134.86616960041698,3265.668513326861,530.670983364217,0,70.56178947243191
65.84552140077886,2217.0897245669175,highway,426.2595733762287,2931.298393502334,1203.1685006452146,1,52.992480324826225
407.3852032914531,3561.832715011818,urban,319.9989689823454,24503.767498210673,6192.020645328711,0,72.86464240987728
65.96110517359621,3418.269088490208,mixed,151.67887236608885,2619.9454606457757,1310.1711830726742,0,63.89999011097603
33.30954674913933,3322.201865489835,urban,298.150901281608,1432.9884743035338,305.89392408994195,0,74.32986906803784
176.7877201866099,871.3115639721972,urban,283.84166737963835,7580.517615277915,2112.8970165050314,0,78.67042983677337
232.01823648854287,2725.057529949589,urban,419.4949900379572,11078.305143520698,2642.7264948833727,0,79.15957386370933
279.79166306117077,4900.223045482932,mixed,16.55674561727845,13706.444329112976,5176.608254272824,0,59.66989164530249
250.89460814237617,1993.5894489361197,highway,358.25475547631754,9550.068282057247,2682.366065521614,0,49.62124476814655
439.63082163602274,2746.4143059585813,urban,369.3217180496811,24527.65777064995,5239.635522567467,0,62.58107213575024
372.4306666821114,3038.914803373568,urban,451.1234302549331,17182.868501033954,3458.176444398201,0,66.38427282648134
472.4717689756955,5196.978178661707,mixed,535.1998226307377,14282.30917547531,8122.976691539643,0,56.16182575005391
236.55177179977488,3985.2586499722106,urban,272.51103131033796,11642.74007681175,2477.002450786957,0,77.14028103647016
54.2132685752182,736.184828798287,highway,215.37433122069737,3032.523909641297,452.8978301598532,1,52.38763698213967
459.3217489684367,5211.250266959374,urban,74.85742084410249,17518.609121387086,5943.099418401059,1,53.791743070788264
16.912620138930272,5017.585956570226,mixed,212.04896926254133,528.1947890254323,209.60193292772348,0,67.10353898954527
375.8846464351575,4558.8289865051765,mixed,55.063528699978505,21137.236459706248,3653.6420103131277,1,62.264166973731676
29.546144308830947,2876.4394071652,mixed,484.64982012475105,1823.8537431670293,270.9372421161741,1,68.39081890722429
368.9645986530119,4581.640493391969,mixed,487.0985964898143,11987.039018668791,6902.207894965309,0,60.87760830543474
451.1416070293452,2950.6410664601294,urban,259.08402951744523,27287.839773942425,3766.155436355126,1,72.5813093571385
196.00603825893677,4459.247675813903,urban,166.89012181774714,8168.829657293307,1713.3646266639068,0,74.88279995567412
127.04865581716872,5298.644465089337,highway,84.041744139579,7698.7403706501955,1342.0265146323445,1,46.326458613198135
120.21980591800134,5359.668273013991,highway,512.9737421227801,6141.702649655133,2333.5253250296396,0,57.50165081475325
243.64870452984457,2809.2846589966093,urban,528.3347378554621,14358.934522796675,2087.4123062584054,1,84.8681452091589
94.46247162690807,5177.1546742093715,highway,170.77942453504122,5246.4053683604525,1672.003254931008,0,50.048929198321574
327.9094882567661,743.5256759701218,mixed,378.7299208536417,10135.658227124311,6115.725725589782,0,60.801956534280244
186.28384623209433,745.643592297669,mixed,166.31239390237735,5984.719020768154,2277.0120497970265,1,63.75343820852534
165.24591396751546,3357.3616391747582,urban,146.6990768789936,7780.884722080355,1846.4049636332063,1,76.46342155138073
229.49779295925254,3963.2910179691735,mixed,27.406709619377942,7851.720355625919,3664.4421176297374,1,56.051343114821066
267.3031886344846,1045.0135894736557,urban,352.63825928784655,12024.263130416892,4352.4797796090115,1,80.28540596363017
80.99757195034005,2912.253262115059,mixed,102.71580276355095,4942.916088063579,1397.1849941959458,1,59.55577615495867
344.1099641655322,702.02160672315,urban,22.23714197715519,13619.738813847815,6153.4035482437175,1,69.3089239568708
425.57040145597665,3672.2819904868657,mixed,76.33793113703811,19529.282390282915,4619.542535471469,0,48.449395049878774
144.26391603354952,5152.30011500416,urban,198.55497707887108,6129.548448741225,2320.776505912224,0,73.39186661018641
98.88176935071043,4465.188009714214,urban,406.46046621535135,4990.50123033505,908.3597290404258,0,81.87983841759494
368.63502202936456,2363.005581711237,urban,133.5344861992932,13381.436645014022,5118.180860906056,1,66.94826036031056
100.346901551027,5963.693710327161,urban,534.240479081028,3858.140373112145,1521.368050047725,0,75.3699732280239
34.18364956877483,4028.1696123269,mixed,183.76572007402578,1979.5736140518484,325.48471985869116,0,64.91563978649532
302.9480974779922,4919.203341488503,urban,208.76737931283523,17076.70780092747,2561.8296142431827,0,66.03258498324796
126.48440858198786,4067.729715656636,highway,142.5166502719067,7038.688466773329,1256.5376749046936,1,44.498607071559185
94.89184015178026,5938.08530285969,mixed,163.47612218702545,5224.259565514575,1210.5693040239048,0,69.36954067370807
471.4452748972454,4954.954638223971,mixed,58.36904201358796,21182.846397517966,8767.944984869448,0,40.8719524387832
150.71721728087337,3188.625824688327,urban,187.44078854897086,8091.849158903416,2132.48740332444,0,79.23511057828148
435.1011299502241,2296.2454425999003,mixed,517.8762138663644,18528.414646302423,7334.134761541307,0,59.68960999593386
97.871726138201,4140.605750520728,urban,417.72835671643384,3256.4919488294645,947.0857658040907,0,71.55232486517784
395.82436640903234,3602.797581521002,mixed,527.0318992613857,16935.21721176269,3493.0421617974994,0,60.305517286278686
248.43877596754413,3831.70095751114,urban,76.34252341192362,8734.249985252645,2607.4188576407173,0,62.47763853721704
51.5465676389378,2156.6188327599784,mixed,281.5357290426631,2201.1765634249095,588.842481397483,1,64.1927882970005
356.1264615442612,2658.061260337744,urban,149.1141006933673,14126.226005767636,5110.868868187158,1,67.07210284309447
429.8141178566727,3414.8649631103012,highway,436.9111204753466,21264.07422673219,7958.2411384191355,0,39.94739547860914
90.80290050601751,5059.807901242782,urban,582.5891274646459,3791.0268624462715,1164.6523223899283,1,77.15588966835166
352.3994626863215,4613.017168912984,urban,491.98529524441835,18653.089973774604,4928.298503137471,1,80.59652438674773
221.94942136900258,844.1368424413237,mixed,35.63772754933873,10352.779075293956,1677.420305796497,1,62.16306340524045
365.549760764374,1586.492362613442,highway,200.24592136687698,21890.39875210101,2893.838413488775,0,46.58386509752239
346.97649590616714,305.9476908582104,mixed,31.71911891355628,11435.76469156186,2965.648012492799,0,40.50812535756059
27.369107165297518,196.56932259870976,urban,38.49767565462654,1432.7877756396695,444.40385415703975,1,55.356184640314865
98.10528172472715,1462.5964952894144,mixed,61.51645293618212,5087.043217648971,1332.0138780041993,0,68.37982364898329
234.02766796350758,4826.027545854578,highway,176.65125344777869,14251.19974374907,2319.6857509744837,0,57.44704745469108
449.12128993911733,5442.773800320165,urban,192.95861906830672,18896.973946866332,6695.272478562985,0,63.091934693545525
174.0641573909827,2441.844940506799,urban,249.2653052424096,6949.813313807182,2490.449371823251,1,82.28639083605736
307.4261636802846,3444.7117901490697,highway,251.88469026278327,10945.228204351197,2646.9365862638188,0,43.60462689495473
20.618941664209398,4280.407721438977,highway,466.2742719282609,796.3422236508861,319.69998250243833,0,53.54289391201943
345.674018519329,5724.6796906226,mixed,97.72089749365637,16008.665064551175,5907.3739845058735,1,67.50271199602821
295.42674218005413,5490.653588189975,highway,107.27826024549074,16905.993630501413,3273.8985054358245,1,52.93557204978679
347.6585571763311,484.57497478107257,urban,381.5545952282569,13641.883502985718,5595.081501769218,0,69.96227139829891
435.6671850565994,1601.7701827742928,mixed,349.46915903261055,15303.515129390322,4355.144385125502,0,50.656014860472744
83.12200389978167,437.49558213778596,mixed,105.09275270703577,3228.805691594182,1409.6752218036727,1,61.87567124109339
136.6391621437512,3756.7731627859503,mixed,513.5746897095427,4547.368626744387,2582.094447743676,0,75.96829871364643
478.038114858186,4306.385901364938,mixed,207.49975724920634,28738.504666182464,6225.652447435747,1,57.819742794199165
87.67204070697653,1953.457962285592,highway,229.67589889852442,5116.56527699382,925.621765287251,1,55.21686743007956
350.0915580346022,5145.033662579305,urban,260.9691472882343,14012.757980841365,4372.541605303356,0,68.261983457508
352.16029838756936,2798.954589907262,urban,203.7805943822774,13391.636297718542,3742.044205287351,0,57.05899479924395
332.5920919995398,5990.531863317524,urban,341.11120557948647,19764.422330193665,2499.5932722329526,0,70.64225267021018
120.75987403127861,152.33820164755085,mixed,242.35891804754613,3629.750591033375,1887.5622865385533,1,72.22013887150563
115.0373393944499,790.5147942485564,urban,166.76931467799324,5696.507511740656,923.931942267268,0,70.22028413998969
324.8485966361764,1915.4904711717413,highway,544.117797610803,19416.240327426764,3290.678683581496,0,51.25681045138276
101.60633577353546,299.21944802922195,urban,195.3851829819905,4727.551619989924,1679.6156705461192,0,75.104679026845
322.6269492593499,4726.685827768767,urban,423.61602139926083,9709.91816431718,5104.4624980112185,0,66.71228771329474
244.0256511417729,458.7149590470303,mixed,218.12766065878427,9056.60243409459,2053.869077433089,0,66.59751336374154
194.7824234569636,4531.530854768889,mixed,269.60369232332107,11682.923501271602,3067.956451947743,0,84.55498844537537
154.60804246074477,457.52548391886404,urban,153.026961189779,4723.774893434688,2957.9898439610292,1,75.45637147394747
455.62327399524924,1628.454498220317,mixed,455.1128273415437,19514.500829283294,3841.4877906492966,0,55.021099292985234
251.26355085039623,5071.4693716023985,mixed,446.26390208435805,13987.013612135339,3190.0678830372167,0,82.30803780379385
275.9821625675973,5713.907471290687,urban,28.010368297738605,15796.655235160366,4586.250499804428,1,72.03286748007123
456.40407937935527,2574.9791045639968,urban,50.21351357625572,20776.54416723978,7232.424377168087,1,54.96232139896349
319.05295291516717,5824.142941228425,mixed,554.5902260257897,11982.263981047818,3296.257864880126,1,58.81434242008389
460.4016114069248,3817.253403987474,urban,534.9637056341427,22785.461439916628,4391.467552142233,0,54.93894325779424
64.46053434305477,2582.635466232649,highway,311.06100777544026,2486.4223983112847,1115.3662692906396,0,53.34800141694805
408.6874287741678,4846.387862212314,mixed,303.6140740616268,15651.129894119684,7950.220333663565,0,57.21062994134583
170.96780203073726,1877.6718428201768,urban,490.2681420145186,9616.424646149368,2922.659244242145,1,82.6039454722508
391.87669915770863,1704.9081289572775,urban,95.99333592765421,13721.029530418671,7657.292657402367,1,69.38922920687435
412.871030250665,3990.803909929785,urban,397.41398598738607,12460.219808000893,6218.846277634973,1,65.45240122035798
141.24186705628844,2434.3510675133557,mixed,293.45005177504686,5783.1757256049195,2699.659724972123,0,75.24111235253723
205.1062366796977,945.1204576281305,mixed,449.8486521496394,9425.99625743621,3308.4551123156707,1,79.73324836879792
352.5966747564304,541.7407764459665,mixed,32.61013291751441,18657.692795286097,6650.346818894878,1,66.46621287312087
61.06086836709136,4758.879071053592,urban,361.74444658850405,3381.9322685460597,581.2910465377518,0,75.1482040240399
366.3230934677931,4104.077781043716,urban,340.68600590110117,18889.22112896168,6481.927860459092,0,65.59180685362598
66.36991061545596,2559.0196139486293,urban,506.8962728096734,3342.490816022453,660.9993449065065,0,72.37552464572168
440.22191550464703,5392.9316657506815,urban,410.9492340696913,22731.665743126985,3452.600513775122,0,68.60403710149937
143.49777138280433,2553.5120017892073,mixed,529.893809661448,5571.2452711713295,2004.6389945436151,0,70.5004478623289
282.6536962933205,4305.228508072493,highway,534.054893160897,11992.075729604638,3244.340748796604,1,58.40586688197641
69.47637753546685,5468.324359962663,mixed,253.77594052633492,3476.1940158418633,558.8778480937178,1,63.31041602770422
140.31431691805258,5068.185433444394,mixed,95.39896824481067,4508.445836108161,2771.7416177981145,1,58.9250514596911
202.839095221504,3139.962941586537,urban,383.71593865598,8032.0374777665975,3211.1104617237634,0,80.12540393572543
241.47772765760166,4131.7228958133865,urban,526.1414675689786,10433.9183355831,4533.177386957841,0,83.88177279354159
15.031386405657111,2569.944793855109,urban,58.84770635393503,711.5380655951541,300.45535303498275,1,59.30402282844862
428.2249295069178,3936.103457920567,urban,341.38511475452856,19617.27028446583,5309.811073552321,0,66.27341402541096
18.56878644487786,1656.681764320566,mixed,82.274723095997,990.445811599104,198.39286691366522,0,57.33464692085146
374.7633217924076,2693.2413655518867,urban,30.792655176793144,17009.145642659016,3672.1389863067498,1,63.78291406376176
233.81919424571248,1375.8425649707583,highway,412.5866820553876,13885.171517490184,3259.4018872122283,0,68.30838739923738
258.60421157914004,373.38197317535594,highway,413.88202294521585,10954.563910570074,3898.719607083771,0,59.58973595990052
111.8434478905615,3592.9581258659277,urban,366.38495632287174,5264.983385610716,1499.2932049263388,0,74.68842231715733
297.42628291075243,5206.911670302166,mixed,517.6453402825514,8953.821250318424,3670.433713396279,1,61.78566268174721
264.81283776379524,299.6329065456703,mixed,62.31271727918484,10616.487965976488,2543.1054713209655,0,62.471156651325536
91.36992907843735,1296.773983266381,urban,76.57725309377422,5314.405995403389,1189.9329992158018,0,67.59275481573555
125.72533562738691,2842.082596731957,highway,520.7532312179766,5134.777704281361,1076.9052924453615,1,52.930481703798115
46.11018749079258,4045.496378527182,urban,309.4168811334639,1762.7258769759267,844.4203355659042,0,68.81745874791983
45.821861021595495,1151.6907829688355,mixed,174.7358931703688,2184.0967731245137,370.528542736678,0,64.47278096325054
21.405740467878353,481.66474947815203,urban,446.8218321213931,696.9436857998498,262.3931886034084,0,75.10731195152819
117.52056134963395,3186.434998702302,urban,538.2261777235752,5556.0391788458,1028.5074424008271,0,75.13735922008397
331.0424707396309,4939.451821385256,mixed,418.4179224287329,13198.378096388456,5689.7117720299175,0,66.16632042081662
162.04015548619566,356.12421947971205,highway,478.2805690568927,6878.741349465711,1848.750524590972,1,65.27116665902578
174.37143548833015,2193.8112846003014,urban,180.2608855141876,9715.865248198543,1554.3156166626388,0,81.9108378325246
76.33600786378179,4031.5612453410113,urban,183.93358525516732,3932.3601781536613,1079.6691085990276,1,75.02394851732896
282.5938604602353,914.840735699432,mixed,520.5124700074599,12574.988212304808,5356.132162501099,0,73.31691589211314
174.09679331923283,1530.2886448226272,urban,374.694766463301,8490.575291000092,3283.127928992007,0,83.59546440660087
329.48731359504984,3282.6319661496564,mixed,151.98520972913582,18096.40192176394,3499.3654879510013,0,58.73941835727111
359.77865301178736,5726.4054237306755,mixed,321.6346620453941,19513.664407108667,5934.817258136807,0,67.9727408703354
286.8821869904977,1830.954316725973,highway,416.22837581126583,10334.344282356547,2260.216345847052,0,46.84660918218414
143.37233461759686,3002.035414141156,mixed,142.85121253171096,5703.333508681356,1311.59125823473,0,64.48257417332776
251.50262669182325,2489.5955489268467,highway,398.1202488015255,10391.510143348967,3456.502363862507,0,61.17250144901839
132.14782417727105,5399.770531375968,mixed,39.65473714339415,4769.892156193114,1368.97949488186,1,54.522169813147194
434.8544684395719,570.5557045820265,highway,192.6595994574343,13217.509088251478,7600.505190539577,0,29.571460230894886
371.3693737883891,3461.963409343471,urban,409.2735098597771,13240.779972919443,7107.4164220003195,0,68.63037293596523
244.24774629258832,5099.800240261173,mixed,102.36920331159241,13743.317687438892,1845.0881320055635,1,64.80943404219664
463.9375715778381,5930.487825816162,highway,144.98643292586186,22149.499923380405,4830.261841422737,0,27.7794157701113
269.2412827295374,4237.544160502573,mixed,529.2695748596577,11066.862958714446,3498.6334545418267,1,69.83116233556947
167.7689967849809,2372.6225326491685,highway,409.47784316749096,8350.063367195973,2439.108067353372,1,62.334640967018395
59.3922948692319,2559.172462323572,urban,306.8674455001542,3209.833358201757,1125.4118094979715,1,73.90904077176567
267.8417248382373,2207.3409854951688,highway,138.37263439455958,11120.494579031381,4994.858091966329,0,51.10266253348697
415.0937243853257,3681.1366338706775,mixed,214.72464910062098,18740.415840548994,6419.269303579023,1,64.78860175530713
418.02420859274866,4475.523758701768,urban,350.9833414981051,13413.113327873352,4480.111825554053,1,69.23310296200744
296.123686007478,4943.885246995246,urban,105.85786743423104,14630.121720285517,5120.303563379897,1,66.05822274692669
197.94883890390895,2587.0696916465554,urban,296.8202867404405,8231.352216221525,1986.0498271309175,1,82.21537247278007
317.3877832621661,4342.74473821538,highway,254.2500205707431,13993.474556736615,6209.582179604767,0,45.62980965054675
369.3952648699534,5509.902163374192,mixed,293.8620947351567,16155.324630121684,2797.42995176688,1,69.06149627273433
206.40552474326867,5536.825047536626,highway,76.75308044897517,10434.48080289927,3018.088683603853,0,53.88705052557583
236.4581886849403,4268.569665880659,mixed,77.30079592134172,11493.079544254946,2034.7145762848463,0,65.15939768631928
331.4865829307435,3875.8778279533362,highway,579.004907356598,14492.078458807615,4175.0715652832605,0,54.14752896543791
422.64346183777707,3259.4275418212897,mixed,587.9301242289896,12912.196546930514,6524.207332704708,0,56.694140365029405
382.81982583615786,1221.706358865452,urban,264.30632487841365,19210.390774563104,6171.048393513357,0,70.03155143925316
25.411986733962138,873.2334677416981,urban,476.56234038573984,1488.793462822562,440.1259122792124,1,76.81442437684113
72.83313985983334,2991.4093897178745,highway,398.63798475,4006.582056200719,1086.4225434260015,1,55.200138179922355
411.54185383276763,1082.7483138136372,urban,83.39635995175755,25475.47291902428,4379.419300399341,1,72.28314393230609
402.72761504094063,3525.4495651656157,urban,188.5570145407982,13902.136524971293,7497.042583989342,1,72.90782733587321
195.79515416414978,3927.3609722621263,urban,198.48607405704448,7289.825936231402,3453.5999184148695,0,76.47878135650036
286.68923389631453,3224.8512454922384,urban,363.528044392646,13625.247752154577,2723.7352085561884,0,79.78658297871618
436.21791682932053,363.0962681987898,highway,354.28637670396495,16430.65181135311,7778.371713860938,0,44.81711853167833
438.8747866682998,487.7085589936432,mixed,555.2525858161121,13659.042006455731,8627.425330316055,0,62.44925423212763
379.13817327881424,813.04593038669,mixed,477.17124367612024,16331.137568443582,5863.4624486522725,1,74.64002228949833
112.45885633725071,1048.8279591817832,highway,516.2558837927396,4425.082119735176,1239.5850862950338,1,55.11181106870434
354.5815054195844,5940.813290550599,mixed,536.3687389624405,13676.998488632784,5347.948214036391,0,59.13690675343954
62.01077104138133,2165.295848649266,highway,483.7468534446635,3781.3000241206123,730.5915796428462,0,54.34703956031733
430.6813836463746,1858.044235801524,urban,209.735537718408,16258.118343096,6869.07989293671,0,56.5738742828535
84.35419366410225,455.75981863574003,highway,140.78258823068253,2885.4666656555623,1207.1084685824644,0,50.76438524349584
322.9921176518247,3866.62428551074,urban,349.4838927423125,11005.27033561663,6175.167646593179,0,67.69298960917074
298.76312252734215,3965.316093017992,mixed,418.39746512519145,16792.140359663237,4548.326991492479,0,67.98913074877804
376.2583399840061,1176.3748340351883,mixed,241.142261843452,20029.195570041502,3828.3424637071366,0,62.49610843208534
271.4835385966818,5527.563014408986,urban,511.2781102292385,9286.990701489412,4496.818968053196,1,74.05007378537927
42.698457549715464,4832.887247581494,urban,576.9314567985203,1585.9051010470469,480.82643265802426,0,71.59417713649297
343.21850813052936,1497.368003323922,urban,348.09649979035095,18632.86869755841,3742.7590172207433,1,83.79144715900324
193.1668698583996,2992.2209258617436,urban,282.1063563964877,7519.026770150783,2394.7298295119103,1,80.86949744003293
163.93252556688608,2831.586508763272,mixed,508.088963411373,10147.442585254563,1254.0770154661432,0,80.58311962299454
476.12820053318666,2188.8445994025765,highway,29.197684988791195,22648.71724117094,9338.901486325587,1,39.410514256066165
289.5358911712734,4933.163070029837,mixed,90.47238026303512,10492.855696940054,4098.1312178524895,0,57.01105146927081
345.4843690702763,789.1972408837332,mixed,509.7097305186666,20007.440226543684,5931.508391832209,0,65.73644076828371
259.74165367507646,2579.588302992587,urban,443.23672260407557,10489.135574755403,2785.249435615869,0,81.5328145353587
373.0372803675185,2653.9821137129197,urban,258.4399684495307,14692.535495234488,6279.23456897746,1,71.2034713481881
364.7138220074885,2892.0447869929512,mixed,534.9783367687769,14822.640831610277,5321.040185253234,0,61.255984713948486
320.5729437912746,5188.897447926977,highway,220.60309827255145,17620.74404518275,4103.911408189723,0,46.251985227109735
478.9505235713562,1426.2761906787825,highway,385.7995343521467,17064.72977820394,9403.410603052655,0,40.807080583202804
228.80399334865905,752.1005650467956,urban,386.0856651406608,9703.128412101449,3128.447623700334,0,80.62838961462543
343.3794419586421,3764.179507503482,mixed,122.83415717932819,10645.471818923588,5397.317826692284,1,61.006569959497604
385.96675270428693,1166.9316786215759,mixed,181.63826565597392,21948.14029504272,2968.7703431411046,1,74.86426472120056
189.8561399614631,588.3527022495255,mixed,550.8640497772102,7798.029566806988,2139.3350731749624,0,80.2503253195097
227.58638781243266,2645.897940340663,mixed,122.29768946914896,8663.216931464685,4235.074201365032,0,65.64593799734064
465.6627788716222,1434.9316205201246,mixed,116.54115378086034,22746.011073685797,7910.2081596507005,1,60.602398991734276
30.015322963872762,2263.117220377704,urban,295.5750521343163,1588.1778589416465,426.50049407872535,1,77.47279338023117
170.91247909182516,1669.3098185993763,highway,68.93546041913697,9642.731873917617,3204.9501822049747,1,57.16802660693285
241.08902748748153,691.9233069319821,urban,538.3563205558585,9957.70268889205,3273.448089577034,0,78.07270023001371
15.681221777173459,3428.0311371065795,mixed,73.58724591279558,884.4174211968623,228.65319972710031,0,51.908459591351225
433.0941019680745,308.0577455309912,highway,375.6861239518647,19536.282688823878,5317.057566905107,1,56.82486555022599
148.1036460986538,5803.295785767237,mixed,213.7723860205111,4929.944387398947,2258.6547228124327,0,71.32076923946117
134.8327469308916,2146.7835521495526,urban,485.4996380005548,7753.556193815686,1548.8937605969516,1,78.8540892444446
396.45168083948994,4216.671436365352,urban,360.03928627401007,18949.649145359817,4883.750378010457,1,78.81690113477583
144.26220125365106,4890.622804402582,mixed,242.15909253147134,7152.557603327461,2824.5209326460777,0,73.83178544344375
320.7945061644404,1782.7630539063975,urban,590.5656959587143,19397.95177402711,2852.29895833487,1,89.52405084275057
396.99896191441104,4530.121448293899,mixed,53.745128252335434,19124.40202733037,3499.820499340848,0,54.23538875602126
383.5017341853232,5019.662004234551,urban,353.0049873899459,11574.64407074098,3083.9101136274703,1,72.72196333629539
378.6070929030569,1561.705817797939,highway,593.8974622532662,22070.906096511586,4354.1922620978,1,61.90003499887776
56.21646998733421,5956.093859842025,urban,419.207296279615,2206.744367848132,701.4615531209679,1,76.93299584600638
52.12883992114936,271.02879462622275,mixed,447.7652345106829,2413.952341100995,452.55368540544157,1,70.38617184929853
157.64806661788518,1419.4528093779154,mixed,33.77331957899926,5779.191243552291,2264.478496378333,0,61.116370937721484
31.715764756148264,4713.121424220408,mixed,27.497450411723005,1257.592424975128,469.1164116386846,1,60.7771708670099
247.69982748145793,1285.6664965761543,urban,36.1244155095828,12958.685863656487,4183.113486635823,1,66.57635572951999
198.5736608156515,4234.820200341308,mixed,595.1584827730958,8729.523293864024,3911.8219780643412,0,81.98134125314267
274.01704933256434,5154.852869149987,mixed,588.0190600333981,13805.457240461348,4176.541311251183,0,75.77401131885523
153.93667048140605,5761.403494910422,urban,210.68772157209318,8738.401358271665,1369.364446573394,0,76.80120852584753
240.87561139054858,2924.347965091577,highway,185.22436251550988,9894.379013225174,2073.108725613034,0,52.942007925720624
170.65631612446,5830.9883694453865,highway,100.3858661279389,8271.891044253389,2938.5884129922024,1,56.30836040575509
105.77176288383849,2557.99043558782,urban,207.54707501138367,5846.175260589377,1653.125562113411,0,75.11041799939628
316.95550672908394,1426.0490320951567,mixed,231.53770937015312,16875.187804855486,3018.66203823002,0,65.8150007590035
328.1476941971211,3156.442840545643,mixed,452.74544780403465,15601.753135122737,3500.351341952749,0,64.82220314416152
400.59273712863376,3951.465979222232,urban,521.7817284580449,17009.153236657334,6761.206156589206,1,80.60030867950468
421.759579166482,2829.0853988921713,urban,451.840045048712,18238.492958710678,6147.967147211367,1,75.8788634632958
342.5747855310807,3466.7887972057306,highway,393.18793414090993,15099.632642488765,5074.389278326556,0,48.23376958255324
334.68661031434306,2585.993748204053,mixed,463.0515456819468,13835.100956635093,3388.7382064821923,1,72.8280437969246
41.35418438145972,3219.8574310243116,highway,447.0210253038061,2180.1908692527654,635.3336298622218,0,56.929636021532914
66.04734727804976,5722.684680887385,mixed,293.31357083228096,2250.6291217662497,1131.5797853761067,0,63.482239784171924
392.8416603317561,3074.0122423375424,urban,211.47307043989431,24137.079009967347,7293.361878283168,1,73.40085878453971
123.32233665498867,1631.1008519341724,urban,180.42671937339574,6821.825250163072,2060.588799297091,0,81.50754297287831
180.3377530009436,4588.6677358485385,mixed,412.42294381497726,7157.65937283723,2651.811769849852,0,77.5969306215474
82.56326945928272,2124.8690780220636,mixed,576.1929128004567,2591.0662426406734,1314.055640946941,0,68.46503811941703
105.74566538733734,4924.811949305135,urban,354.9170105773436,5616.929847418458,1434.3229202869595,0,80.84605882771136
375.5690144471459,482.5256355557281,mixed,548.8280039462757,20230.65177342857,3881.9669776970236,0,62.82854737544072
136.76472307472528,2093.2411660858443,highway,23.324182019174298,8386.103025255565,2533.9203271322576,0,43.29566128628042
223.80125931284843,702.0054633247407,mixed,479.76532834056337,8559.375535985138,3168.5296453638025,1,75.85365938454818
85.52718847254627,649.109271838114,urban,514.3575549066466,2795.761096568802,1276.833591171284,0,72.69476212315361
330.23740643698585,4001.578921158758,urban,384.13139519706203,19729.003383311,6563.918045377298,0,76.6524611102288
353.6454263720664,2404.2085879186034,highway,561.4256846266118,13582.139355268635,7006.669316864225,0,49.40966230921737
183.18692782290194,5248.151810612909,highway,360.09910083556025,9791.29953248046,2716.45830980874,1,65.43565791944437
379.907190447079,3170.9700565601456,urban,155.71408797814834,12146.17927228351,3010.5615284572286,1,57.857248198163965
126.5565931437888,1877.757843857854,highway,141.19457922719366,6925.051000041957,1575.8629835441016,1,52.33966826942518
336.7352958765726,4367.199994578839,urban,340.1642160152384,11492.217225632196,6470.761343837537,0,68.50665932134248
354.4335303605111,3800.498230776343,urban,545.2930993402833,18645.527473541555,3935.570519729305,1,77.7733676366948
465.425680671781,4827.62853185084,urban,57.335248266720036,22015.169495590424,9304.258954806994,0,44.44885266122104
123.02957431182307,3914.991416600027,urban,368.56844964338296,7511.369412774761,1052.3911752910149,1,77.06943894811573
58.57537321988002,1127.0284900286836,highway,465.33503169448437,1827.5413000501455,855.2840514476666,0,55.45968463807809
137.31147136475076,4071.313720352336,mixed,82.51021072978794,5422.647538313695,1914.5499109807135,1,56.93520023617997
72.13092141068536,2440.5628060524905,urban,83.31026906652757,2326.874265561851,771.2174221565791,0,65.37254503202155
93.90785344985399,2859.3867270067735,highway,229.184878051709,5500.551390710984,1817.8296434502365,0,56.4174683884496
170.3632480130281,5541.152768063466,highway,175.22048652658435,8399.212650323545,2596.274590238942,1,56.183103163408454
207.50569722573042,2255.78967084182,urban,131.0137829528085,9832.97129499631,2153.463735158861,1,70.14149669599392
435.2317649743915,3729.960986496407,mixed,131.23609156263694,14916.42908741357,5353.612924563104,0,43.03287879821115
105.9613337475098,2276.3681404616013,mixed,91.44138396852897,4862.941594914798,1749.9904032360166,1,64.85329975223932
466.8679238033655,704.1557893430817,mixed,372.3495976529422,20055.651014505205,5238.822505770428,0,59.74753417765147
391.72124260171984,2803.123250982558,mixed,417.5534780966909,15771.455487641655,7244.9147504077155,1,70.20691604004197
424.88419630045007,3642.8098010889635,urban,426.2176927242411,23409.47961085939,4066.5342345244744,1,80.3761184470507
447.1914552292132,2533.8942584199526,urban,326.4270760410846,14306.312603149941,4832.491114871543,0,58.21515144646368
365.2571566706211,2435.3971803673785,highway,572.4501677543565,18634.428876281814,3400.9943690748746,0,48.830566175688794
381.7826217019334,4949.214306282222,highway,530.1116748901885,21665.12285663905,3360.5405401078033,0,48.33588966961129
218.5855079216131,323.65825789340073,urban,575.2142184597739,13003.102493760982,2459.948801594058,0,83.46610006469571
252.35935912445345,1879.1745709297018,urban,242.4453547043991,13688.549372648627,5044.596544383233,1,85.64612604171946
448.60572344648494,4898.780002456688,highway,528.5031485736894,17576.286813456678,3893.5018593303007,1,50.58092796225399
190.888998871982,5535.101369375308,urban,461.28169915302703,9452.153674681556,1939.9146810306988,1,87.66008705288742
34.505388974856345,2561.9525771688454,urban,213.88414827489765,1193.735233649785,375.9434586150709,0,69.41888136360932
369.6807892457694,5349.4463226970465,urban,77.35705622496829,12496.863250079134,5633.610299357876,0,51.17723850364947
281.51824294864605,1313.7412144314412,mixed,414.3334311896325,14288.538546440566,4734.241957640766,0,74.90632341544672
393.9173224896399,1445.3483469820098,urban,94.8246096113,22713.666249127207,6656.876167276065,1,76.64903691672019
50.13133897409739,5100.2195530211,mixed,186.85884709565056,1613.5054232295815,381.396709030102,0,60.41059237332424
303.8728755712423,5434.057786842616,urban,307.7132772196156,10163.065181537717,4755.042483757156,1,71.94621830587229
130.18323791570248,1453.4137425816048,highway,412.73128306185674,6298.55633424399,2002.7663997284599,0,60.53311422762982
435.01989643993505,497.04651131637496,highway,556.8431794604234,16135.708181632515,6077.525299641788,1,48.11758777891953
66.10812197991174,678.3962017734333,highway,362.04542623666305,3297.743439825776,809.1704877631701,0,50.51267518458698
407.0272118171543,1679.077886951725,highway,407.7766633081755,15048.884542218331,7109.972692033815,1,54.19411611085708
56.17772716693832,4604.47710130875,mixed,196.35810233832217,1898.0018236121937,662.8134725495947,0,63.933349224733014
26.670270306104115,3133.4521926082543,urban,417.06618061069526,1273.0036571970995,276.7081456808337,1,75.63511890906554
124.30263496949388,2815.1947271202025,urban,271.10722062709357,7212.2056933334,1414.0903533971975,1,74.19417712548768
169.86571153090796,3567.2185973211053,urban,516.3047419870077,8878.28011268352,2207.5066647969124,0,85.26103669344793
306.3358788925201,5357.805213753789,urban,244.5835506323625,17341.235115576175,3117.1873177846055,0,72.28368548440683
76.25193777289002,679.0177204590968,mixed,288.9391326690858,2947.586760377158,1150.9955940249001,1,69.3751968033344
218.35841911984986,4214.136146674001,highway,268.06383779250086,12838.231747908041,4051.1196887953834,0,67.13173371019472
109.9825749778363,5571.72644708412,mixed,489.5068580698203,4647.178776176115,1643.4972842333614,1,77.78712723284335
412.7160445193844,1398.09774428664,mixed,572.9140302519646,23815.593298807184,5399.710047323295,1,74.23037039278755
35.90942619735681,5050.9680483767315,mixed,206.45663607521527,1627.17125103506,627.0094483518257,0,59.252620855633644
180.5110429101623,4233.444557943088,urban,292.8913219458149,6986.747343791302,3041.698221228252,0,81.11742323652653
308.5889471856356,234.64093602789643,highway,427.96686601554285,11867.84087209454,3730.29309488095,1,51.728152336395624
439.5860027941516,1504.92833011845,mixed,538.7982488903176,21297.592910404837,6616.612636506139,1,72.95170487640759
418.6169415526613,3694.1918512409025,urban,303.8149076549221,13633.446970700112,6958.6843866495055,1,74.36362482641606
431.26427977548104,3089.0419860235884,highway,78.70270231263545,25973.67887783741,4557.7262880798235,0,32.387810174872946
44.22678156258667,3238.4270772821656,mixed,230.6727593482731,1716.997040488048,534.1897972486219,1,60.43016207456177
406.0293165805087,1506.7929839499127,mixed,336.9617029824661,16609.7687484811,3582.072194803518,0,58.8204342841061
377.6593490230154,4098.770303645466,mixed,259.2518944901291,14193.30714032955,7495.028754525482,1,67.60921045444947
434.6307169131628,1708.5474699801448,mixed,124.135100171021,13081.410449180852,3726.2936864765393,0,43.059077367884655
159.88296427497065,2428.1945538989553,urban,36.638854775782235,8395.115933284633,1536.0878205582067,0,70.82925531948442
438.97077441711554,2308.158107898446,highway,417.1340696567385,21594.27582230465,5925.183339805139,0,42.712709067881406
202.22810456519824,4081.3463794014065,highway,595.7512566046283,11388.161760863732,3703.989319631061,0,67.3721326049056
309.856353769497,677.9786558468218,mixed,552.735880829521,9708.682696705511,3702.3264783058175,1,61.91510093286279
212.24323091125422,1352.4201210850836,mixed,414.7134828535759,12773.075346708274,3630.940852059355,0,80.63659385453207
213.8565201897778,1322.9078635076469,highway,507.2949379821111,8715.471316963818,3411.1025820374757,0,57.9126749423114
269.18621373962924,784.2843435769041,urban,164.600656803308,16063.62553513908,4167.891162823825,0,74.9366765734469
180.50591997368247,1364.4306261932854,highway,379.12414510589116,6043.658267894696,3260.4271032951387,0,61.36000027686734
383.6227023351946,3701.3025673516227,mixed,50.45346600839478,20783.68784310581,2945.120827516532,0,55.422831783416314
309.6420119680861,4433.183799614001,mixed,428.7025974777878,15119.553933049356,5918.6252933369,0,68.16427670252443
335.7364291156097,4012.7751647693676,mixed,582.3753183291972,13980.472658826497,5998.04117730812,0,67.90935684919879
122.43118210312007,2929.8506071881616,mixed,518.5664247224476,3987.844118471565,2353.5362702451475,0,69.16844802968075
465.85250914384744,456.7422409119723,urban,327.6479117414079,23131.41094001283,8115.080155088779,0,57.057786122220854
321.9818854644289,5760.191012517635,mixed,476.41302829797434,9936.134374549789,5950.995615045379,0,60.43900653863813
106.69607700663211,1133.2472958993278,mixed,567.1808038196764,4939.139397406143,1071.065965912843,1,69.38951940415363
363.9779632140307,4060.2650168731743,mixed,141.370283094441,18066.69361657023,4182.239043613036,1,63.49386506322818
95.77705799154455,5490.41010057035,urban,479.05623009176617,5153.478246030904,1095.7147010283297,1,83.3320224839154
44.473976779271396,4231.996011488784,mixed,172.86047041177923,2767.098592225749,394.243317360152,1,61.08169090302421
260.3123292078129,1425.5903951053588,mixed,528.0142418347049,10009.801888438655,4326.323410119015,1,78.28104186113163
272.38863868549146,1997.4083477695349,highway,72.53738582873511,11025.657209089082,2506.5573412364347,0,38.85137039174318
102.86899225019334,326.7043220149068,highway,119.25777503885726,4226.601303711021,839.0370043570877,0,41.91601502172559
176.99620909585394,3734.635708926364,highway,436.560631131004,9518.22568864566,3043.111022656299,1,68.94747321034733
454.7827224905941,3736.0089381571647,urban,117.24483976000064,27416.179044535853,8553.68515952517,1,62.26921581102745
147.52650292068282,4394.178401051819,highway,107.46176661328096,9097.298790991354,2515.554338471873,0,54.725109480616375
87.33914825589643,214.3282922623849,urban,339.9481232783401,5304.8811205696975,1556.1131029175256,0,74.16629261314603
476.5413107794361,4934.37153962313,urban,503.46753405980644,27915.7650865311,7122.039019372306,1,71.0247631115233
155.57207441691705,4471.4591007918025,urban,172.053443785658,9677.6354192364,2893.147299944623,1,74.57273324272886
331.31795801292657,974.1866657159196,highway,507.0658368827087,13987.659782888753,4541.9694790058775,0,48.24056264468643
122.67548436925887,2183.6156642235246,urban,487.6527369793952,7461.177292305194,2435.6030819699913,1,80.45433883066478
270.8063565986711,3885.370623489668,urban,353.77665956121126,14822.084605707203,2381.11581136366,1,78.58949950388256
194.62112377347123,3050.411718400918,urban,393.239210907053,6904.1737462959645,3428.2041592264713,0,84.27592759995336
462.13435643902267,823.3014438223852,mixed,38.658094167966304,14546.88901672101,7171.108735732311,1,51.47762690954991
216.25473166597678,660.970444549051,highway,229.77430160767224,7995.094999546158,3191.5037334458134,1,58.33992148658459
286.64099564450174,4721.519349782336,mixed,169.08603470423625,15853.944792150161,4750.3956325249665,0,67.25703300261308
454.31631364356844,1062.4076404041875,mixed,102.75225852557136,22956.670857914243,8179.349235557313,1,57.47107153668021
474.9939494711491,1156.742142493095,urban,242.9507075568342,17713.274089018665,8685.763506587378,0,58.621072110706145
62.27113926232337,5010.900283337032,urban,222.61895486324823,3369.643739795176,603.5481990604911,1,70.56443462215466
402.9591310997108,3731.01686219482,urban,441.4016317058903,13939.554254286539,4014.661321356333,1,70.74222709571156
192.6841697970707,3687.5863077007384,mixed,364.8863591789007,10927.089461029344,1484.069154279829,0,81.08662523471159
291.59534838560995,2954.172762475539,mixed,549.1635402491813,16274.003961597653,2667.5232055414854,0,68.14302309708962
189.39735671418916,3478.620834253402,urban,100.06343608766575,11668.528538228198,2045.2132582180018,1,80.74849524240202
201.51903562947842,3670.3526886750947,highway,49.9529341142627,7029.807339399189,3327.673312404098,1,48.905127332902175
88.86875423307687,5811.783473834945,highway,327.7455556823103,5284.573567009519,1195.0264796184174,0,58.148064903863734
281.33640316895764,1454.3938486853388,urban,15.600876087309267,11558.941482061437,4775.346206895227,1,61.32703431254389
269.222914864297,1405.1901552476857,urban,475.8155817339549,11717.105056571681,3656.504350682765,0,77.94643607483823
103.05044167035592,484.7281530760967,mixed,310.99413988073053,4660.401045546004,1488.560348943882,0,73.39629868630038
266.9046496402828,4000.4629730345355,urban,300.51836199386776,13445.156706246777,2372.337227070899,1,76.78838394412182
467.49237542345503,3361.896757810232,urban,227.06014755364203,29138.710716327227,8044.131280150438,1,72.85637749095403
347.1999970720122,800.7493425028426,urban,234.3596941470261,17185.934988743775,5894.269100038844,1,70.49419311567502
238.65689020625862,2282.5527704413953,highway,267.2132017766337,14347.638315986518,2707.447839264237,0,65.59654637940687
440.9790532953395,1195.1797511875425,mixed,24.37892148922766,16884.38969022553,5118.5435207403425,0,44.55402257300623
282.5211757749672,2089.16818134504,urban,63.87428552147972,12133.826535249445,2894.7170897106616,1,55.866705088124675
77.79731940842856,5714.895390958469,urban,310.4530917065737,3609.50269082975,1374.9117108611717,0,78.76914693518086
269.59198623279224,4147.415207451094,urban,102.8215251535854,10916.942722499822,4539.277990124473,0,69.33738592760443
99.15249864512853,194.27923965158038,urban,470.57612588299395,6122.486417705951,1498.6252434009295,1,80.83062446297141
371.8897500176685,1627.1722316371233,mixed,175.57382679264757,19927.606452680182,3899.366778027477,1,65.6062000084496
464.73600964703934,210.61505040500734,highway,72.27128784935456,21175.06607241148,4483.850472896006,0,31.878721459868483
182.78064181264858,4331.980717796782,urban,152.59780665351812,9946.447807609013,1485.7069746058683,0,79.37006663933956
217.23681425821545,2896.117542024548,urban,223.90246464113605,9817.340306608918,1753.1322693761433,1,75.26044427241747
210.99585707996297,5965.009347114177,urban,35.660216028006914,6447.99607552194,2076.030805718394,1,66.35599035245357
147.66448874462006,4441.462076982551,urban,97.88018176600248,7036.77191008584,1293.0472279310327,0,68.83016836736202
384.29368366856346,3179.790714841109,highway,204.450351369349,19337.089257575466,5553.560954310704,0,48.01438938156798
302.2436747273531,4857.52675501759,urban,196.631077178712,18705.63165867585,3619.7085118075256,0,72.27758055690886
44.78397393830022,4273.101359719345,urban,483.22621748750595,1402.8923583836142,584.9603084444376,1,71.25964761146196
405.044945785758,1576.0906391705248,urban,508.30445305790204,18892.572615580393,6045.635970507825,0,67.74040427439894
101.99602748624139,3252.0109077409716,mixed,128.14988049897673,3385.251170639013,1605.2922028381436,1,58.371189711671356
470.3052901947413,3402.5925402793146,highway,87.50483208901572,16386.549429442362,7337.948401136888,0,28.019547904540403
190.14835963619308,2789.70543685565,urban,385.9850533280297,9477.005371079686,2046.1308483249165,0,84.91404167536024
301.6490859249006,1198.2768437038676,mixed,485.7047800818274,11319.66871163157,5315.158777092009,1,69.27483532808525
51.18798278665414,1456.708952198639,urban,578.7780118761169,2781.9726077778646,971.1062057370509,0,75.2505647921325
175.26842273008586,1794.1272955923753,mixed,18.975826576710855,8187.043481086561,2006.688367947639,1,59.434673307581846
388.09459017276333,209.9926238622579,mixed,257.00169635468063,14395.173012944324,2993.49687439992,0,57.61266070280053
236.90194875826518,5514.12176919163,mixed,444.3828829452156,10908.915310637878,4439.406853826786,0,81.08411133999259
435.64061984797064,4163.661550763351,mixed,499.7071898414973,13081.702367284804,8296.496429905534,0,55.481970589544055
282.4393750886253,4184.261297339154,highway,51.4372799796122,16392.51341348501,2298.161323080278,0,42.90576130346044
446.7860708590227,3498.1340907833596,mixed,413.1594938865145,13587.679099533118,3378.5772339630357,0,47.00122081917069
471.9136067608386,4182.468227742196,mixed,184.02914967839746,14264.920271417384,8355.2586221926,1,57.39482420250326
226.0609701759983,5893.895916760773,mixed,58.63922120987834,11274.537281783234,2547.321006157012,0,65.6632217429355
277.79780624868073,2403.1879751617857,mixed,301.1250103264803,17123.29845691469,5259.345043227475,1,76.94211123087884
403.2380991118405,4318.274683227898,urban,107.5197057744254,23314.355187260073,4116.776574337802,0,55.93653653693569
118.01284757415306,2253.24467560854,urban,446.14939806608555,4506.983186534331,2155.437712440213,0,81.06393473141875
415.65775180821595,5147.589472668932,urban,448.6381528241803,15126.48030299696,3474.0896739169384,0,59.83104455809469
290.24286527543035,5169.467350306705,mixed,507.60964251769303,14613.33524021722,3122.421306575259,1,66.88207603926567
352.3575629538043,5428.258588727387,mixed,235.87768081143506,19991.262419985615,6928.798225850097,0,66.52758957712615
52.13212053850202,181.9604468149883,urban,22.786231379926523,2177.4313059179417,541.6505521849751,0,60.24851071606075
371.2772728058327,1894.4199532271548,mixed,166.94552394907063,16355.329763063533,3401.8882707330818,0,51.633085911520126
159.51591062675118,933.457454529337,highway,288.669844222287,5384.205804422316,2905.2924965271786,0,62.9660394510867
389.43300873517654,2805.8192576574174,urban,420.99659845838954,13617.248985975677,3494.191525102058,0,60.62718274986787
251.7559303107587,3048.3804096738922,urban,238.4937426267437,12202.969157177593,2194.8588933294304,0,74.23614840976254
142.69566568926942,1647.0386505534848,highway,328.5883116992758,4756.949049954788,1647.1095529672345,0,57.43442507928017
458.03325911506914,4382.161978463661,mixed,321.6941986615944,16748.67273698676,7072.769274429456,0,56.88873915081865
370.7540149358471,1728.1528455554708,urban,111.5146743746152,13950.362536207487,6074.5560080131745,1,67.42925904792243
473.3440243512458,5145.264545407647,mixed,379.4839575468074,21029.51404497399,8764.194087025058,1,66.25716624136822
184.47850276167475,1189.3073036294531,mixed,271.9622610001577,5807.82395546054,2630.920626155919,1,76.92250175292376
316.887129596862,2298.326474376909,mixed,487.63244046670843,14653.67101986318,3935.0163867144133,0,62.011528577996145
299.38873520663293,3790.0908867821845,mixed,419.0075567554064,18017.788374544565,3588.3003403629805,0,69.28267470191025
334.71388459699335,3691.2101622100317,mixed,80.20947392556947,10307.53716686025,6053.730411033551,1,63.06957285256509
32.81720320921883,606.4703052300895,mixed,300.9236698713926,1657.4987489388504,543.0489502845944,0,75.2475493612509
150.64948560297896,5100.612881317047,urban,425.9591997190996,8611.859294635227,2834.901331618653,0,86.36559910196081
437.8419718127254,3648.6798605641848,mixed,65.90185959729543,17581.53447540167,8560.004599031805,1,64.38049753915134
212.0763255155855,5238.6783599369355,highway,478.6107640456294,7268.778782824648,2385.9934261735552,1,58.108873216845275
461.6993107729195,5225.668132633031,urban,144.87264106697364,14501.302700405431,6519.622025027285,1,58.366325726901046
114.27897527991372,3343.624338693932,mixed,309.30460535210847,5819.868167284971,1759.6402449266138,1,75.46500961439206
478.80214766870654,5478.071525271912,urban,565.2283531714921,22957.422166341883,4571.656452638093,1,73.74570526675161
339.3751226661825,5113.185623058717,urban,349.2305273710361,12710.306661384415,2771.6216222734774,1,71.21395993659688
376.0229421909168,5755.019225686361,highway,263.0718542468092,21443.671836486308,6898.9113178412035,0,48.71135659737282
199.54044507417916,5125.415631572527,urban,18.975032528498463,10756.019460284722,2832.2858341040205,1,72.72491485033433
436.7587763861887,4954.042528356725,urban,93.04696932283568,17026.57597296998,6391.823927023871,1,61.33245535563205
268.64024894575925,2895.7588119599322,mixed,353.51837278232273,14636.67544366154,3878.20596583493,0,73.17594740152187
331.6363468044553,1390.3817032108773,mixed,303.8876487824369,12589.682447626534,5616.927727678791,0,65.56805109804274
59.08584617137299,5477.646088491593,mixed,227.84006775339634,3069.284739873191,550.6076652992828,0,67.14492771714926
308.73152591519545,4376.912740709543,urban,555.0812929555586,10451.399998619458,4685.187845679488,1,70.98758501400192
423.7717295419028,1798.2250055613436,urban,209.50228439417538,22247.076111857914,5665.189779136022,0,62.31141871736303
97.90170112043445,2144.8249781205086,urban,329.23319251980234,3696.7847421912497,1831.9343790240112,0,74.01469291490069
358.0425596052034,4163.559294364741,mixed,347.6973445716161,17402.74955702394,5010.899329899735,0,66.38589986424054
26.811352932514364,2945.2312538689744,mixed,323.56900818739473,954.6202500492706,517.1021767727794,1,65.14372129286747
445.6844027015713,626.6729868012543,mixed,294.38745405095807,23885.976806804076,5310.624891681951,1,68.39461738151812
472.05645895450164,977.4704826120934,mixed,212.18228556696624,15095.698148730888,9245.784583162656,0,47.103795959784456
179.6937310611139,4512.04479854702,urban,546.6267253281774,6356.859458903122,3313.4579449633347,0,79.77171750842713
64.7893401176307,2072.1317416187103,mixed,278.7199081290997,2331.4078367574048,959.0954633436016,0,68.15603590863974
321.23801119586244,3119.749156151929,urban,324.14258739745424,10068.7771029778,3829.598527964275,0,62.66630268411
28.873049078577765,4634.735647783125,urban,399.0396205406917,1565.2919180129413,352.22353745822693,0,70.35051276992657
239.35612080319183,4544.377223180407,mixed,54.57878482244778,14811.585676464316,4107.207677989306,0,71.76078193663845
141.37731643911724,1127.037907290552,urban,472.0535627559984,7817.87268272661,2086.431151652107,0,81.52638944912088
235.10266008808776,725.6041067343565,mixed,314.8167764003308,13629.027871326314,2943.4488206880287,0,76.98470907526264
23.498114353335996,3608.2409138457765,urban,399.4485074693056,709.5314130128871,363.0620103783919,0,69.75280266789407
38.99966512787851,4488.552312497752,mixed,466.62705826700943,1319.388850101295,649.9457006930054,1,62.38401534457056
22.428760412172785,1021.8835436731507,urban,526.3481435970656,1080.3521431714037,174.63607945991822,0,72.33385895880663
302.896319571908,2325.9384308645576,highway,244.44894391746462,18713.15838956852,2611.9612933507615,0,50.15659718187301
275.44320671897196,5241.126276410698,urban,489.6864872191192,14177.935076148924,2391.141209067042,0,78.43922371092707
123.41846931952108,5673.705378127878,mixed,166.4195839060525,5203.2538664517815,1283.4499602595663,0,66.19349737115184
315.6890549403699,2806.308101555653,highway,401.2963558100593,10970.14807235918,4052.620514905827,0,51.87837475286584
426.1563744561634,615.1682140803731,mixed,75.08377089758905,14901.478159366923,7477.1794011034235,0,46.83520831083688
143.95477697714284,1657.5242687839075,mixed,26.717823443084,6015.795140275137,1711.4406183317133,1,58.59270951854927
401.87712066372916,1512.8740338458679,mixed,71.02142877589422,21379.39319120496,3101.8774458525613,0,45.57739732148885
323.0667482410144,1547.9377651651832,mixed,201.83875463904835,10026.094480919885,4374.977387518439,0,56.947846388189554
30.72650607543717,3039.2079764686127,highway,33.1903490874286,1772.7894803585325,613.2352279691421,1,35.76267267276526
189.44470156068704,3561.870062395691,urban,383.8373942295486,11480.428795815089,2247.3374912084028,0,85.2488859763589
251.10710537444297,866.6810937776216,highway,200.1785549536249,14786.827341157572,4900.5262870053675,1,64.45673787374177
355.24012332894546,5352.732638190756,mixed,445.77999961286434,21198.376936514305,3114.3241360132274,0,69.54367745967285
148.51570958783887,3776.8468661945217,highway,41.8603547177193,4529.510316574678,1435.218053449023,0,45.42028814351923
471.9694987589385,3643.9226220678315,urban,141.77041643028642,29157.44981336761,7811.815371778974,0,55.324919540494065
333.3109793348649,5925.582140548062,highway,253.68200381787366,13967.931964433874,4588.077497777138,0,48.674975827091174
188.35835988142765,3824.6422683347832,urban,238.85116394201708,10972.182682705446,3214.1512992401363,1,88.70899827129806
60.11664317085709,5584.411023411932,mixed,91.63422360925918,2168.484767308196,1099.802684847899,0,56.69711807164367
99.33600852592662,1824.6032883047817,mixed,596.5700359452694,4421.653017632403,1056.7921813085766,0,70.44408177843688
241.7376084256478,1554.7575185270107,mixed,181.39715478779402,7599.104547484516,3876.3506960095115,1,62.56048062778086
245.0333400556405,3171.6343179230507,mixed,436.8037695211059,7670.148750949075,3698.7820558461394,0,70.43862284898705
371.98922564192935,3125.3623436744965,urban,143.71561786885513,22563.55452374256,6795.941046971694,1,74.69029482121512
352.6721308910974,1474.9293494807966,mixed,528.5429582747591,19871.21067077141,4541.111720841482,0,62.854315432680295
108.59196291078504,4242.985592864694,urban,241.83861143757008,5127.641517658446,884.8486204296183,1,72.34521646630054
291.6548285595932,323.3578425346557,mixed,542.0279560586262,13730.34829638937,4280.713170583965,1,74.43275422223813
24.589137345443074,4190.188264414298,mixed,214.97342798587306,1336.0391002950298,479.14341367046495,0,64.48129718395491
200.324540713715,2824.490633821306,urban,20.05663557569437,8234.18707810195,1539.0713592839102,0,70.31568865065448
370.3089368657967,4180.693938443713,mixed,317.4569521808999,20278.395657166402,3889.4380298214005,0,65.4800110234312
200.77149587853242,2940.9216892528857,mixed,322.0009426483914,9187.860260214344,2299.00375646547,0,72.98408698928641
403.5522515076622,5867.402629875465,urban,85.1029969313518,20473.140182407238,6889.841980064058,0,56.96961378646697
468.91220990825593,2107.906963953239,highway,152.45369045028608,28771.0263603018,5411.697775897991,1,47.745150580398445
297.35386025520506,5898.051681463971,mixed,473.3449207240894,13475.40957153313,3118.810322490929,0,63.83231765316023
82.42689549891682,530.0975635020059,urban,36.50215740776565,3593.660272835871,1286.4345122851234,0,64.92233839276437
191.549901676016,4150.000532331706,urban,301.3731117117082,11385.122419657479,1547.735869291702,0,80.41393493886099
19.40976010679445,2807.182359691736,mixed,325.28875219693424,1151.6561069142701,186.96375238560447,0,68.06057371469699
295.26755458595,4959.505109348746,urban,417.89655549553254,18381.470542566767,3720.4827570992825,0,81.00773948456815
397.02935295281617,4769.254007844439,urban,36.911916429079085,19018.91594446782,4742.515434119976,0,53.25717369575931
307.92213669921495,4831.229569824233,urban,357.6031013479214,12682.850953105417,3645.666535642543,0,77.58565100199891
380.5300965703042,704.2208059197403,mixed,16.81235139823717,14388.8616506646,3370.3313445974754,0,42.02182441888946
386.9553261832873,4960.839344188574,mixed,170.12934486417652,12037.457210590112,4647.527039201902,1,58.01072543430481
410.7208479411206,1402.1349210460014,urban,307.3152893601415,22022.30983290043,7177.309709098334,1,79.15738073218894
138.99865909386273,300.2295435753534,mixed,548.099582393986,5224.678212902648,1761.5373072490686,0,71.11853921667043
420.1398631114962,1423.7715101538065,highway,89.05504236323823,20887.601493832582,6229.472490190789,1,42.61300473667266
319.1537092855233,2953.8178624940215,highway,114.03414046691593,19081.961511102945,3046.240010220884,0,42.51487185277355
149.72238381643643,4491.351455481878,highway,406.51128766453917,9115.389523595622,1253.384772593389,1,64.7164894340705
474.0920424732614,1429.000012872194,highway,234.29409088610333,14290.712580552788,8770.442283624718,0,33.6379169264502
456.8348130852261,811.0941563280875,urban,379.70152012488,18412.699055073106,5318.54282341301,1,76.93963663360118
282.1150571909757,3928.908441890062,urban,598.5106877735462,16141.152612603364,3351.305535721623,1,77.28653074839676
407.09189595579704,5905.803512706103,mixed,592.3199218890796,19310.187989669896,7519.434353439911,1,76.08369276916973
136.59493725474033,3665.091267200866,mixed,221.92244400423652,7682.650273078319,2232.9368168467126,1,74.52735264650748
208.45720342406386,4192.685580122017,highway,309.7963319875271,12034.861120325651,3534.0341480102147,0,65.79192528413148
100.54686874588268,3432.829545916557,urban,544.2437427981951,4462.808176674088,1611.2679506796285,0,74.65246456532674
256.8477288226003,4726.7383987367475,mixed,68.91808250900617,10702.06031500425,2266.0141886913857,1,53.57959124503918
245.64066498332437,5858.455858225252,mixed,279.5977837445555,11005.090185165527,4783.8391190686525,0,76.3706469943507
113.95815007212836,3333.1559920144814,mixed,235.8827487651285,5836.462846342052,2149.729743597737,0,74.97234774383462
327.85278757798534,2588.2244936949464,mixed,187.5064220066834,13747.7435594978,3426.9637451313592,0,51.831739248103105
69.77248741931683,5183.00690778674,urban,596.6094639745737,3850.542592836165,1224.5020879797198,1,74.97871881198904
43.6865247474157,5822.910810995942,highway,444.1263369738411,2594.095607888672,551.2127773070096,0,51.77361507165657
193.98081042800953,905.7125990869725,mixed,242.41699054985935,7599.220375939087,3112.8269603382614,1,76.6294137819864
205.5685216698878,3532.300148022186,mixed,499.9778066242702,12614.12922393524,1967.2984607204735,1,80.50942125714904
163.67938203481606,4785.890956394085,urban,301.45466891655326,8223.01817679249,2329.4732020069505,0,86.63193136581278
134.94518647388645,3270.035520164886,mixed,525.6022812351973,7899.756673319823,1225.6671504884607,0,74.79732901566938
172.53100042943163,2543.80226392875,urban,170.83220969388836,5758.616225386038,2450.30072117884,1,69.68316044196456
90.9696418877279,3983.0944536422107,urban,145.80613302143328,3472.6498157068927,959.268001014704,1,66.20219205550514
202.60539814678796,1730.2493529030876,urban,159.66270852975683,8191.968392441198,2665.442501217169,0,74.46721303197978
435.6405686856113,2192.432396189461,urban,330.01113703315565,17356.669520386957,6904.736202397547,0,65.18242272669411
119.35849976210979,5954.818454455866,mixed,185.41833382575376,4247.430411980201,2203.767576296967,0,65.89179711112384
333.2697635229129,3873.322206090798,urban,101.0650152256347,19401.809451026405,3188.0960635614547,0,64.48857852266059
80.9297973349953,5256.624695119786,highway,596.8573323258532,3528.935282137139,1510.6245859670253,0,53.67601902545794
179.5665801647573,4875.445801267289,urban,541.7534380532248,11007.74235638828,2222.220933408294,1,84.99192590837191
164.34627295354417,3965.794443205041,urban,386.4822759334516,8046.862226340004,2966.032311918657,1,80.86037061577282
450.7186683998724,5068.265132383824,highway,536.5525812455083,15548.814043471162,6268.0764540038,1,47.68449363295589
214.01165594784115,1829.8771982863902,urban,562.245701442074,10217.323734027188,3911.6209723014313,0,88.25713624883497
336.06666385834353,3877.131225551945,urban,410.5233507415138,20933.665519371072,5304.913392644214,0,73.54711160155856
295.1452061716681,3605.0304137152884,urban,318.4276705344153,14275.606893767457,4090.403173852403,0,73.87026062380028
80.57898500741406,3791.154664641067,highway,530.9710484455862,2422.2650230504046,919.1429603402452,1,57.14350295991707
451.88630972923755,1136.496773808635,highway,347.1612431940521,27260.085407146715,8862.10672380824,0,44.91279434427537
175.8292207129299,1771.8717839887004,urban,89.17831756951628,6617.168883716642,3078.9842930756886,1,76.0179213406112
35.81263543939713,1826.9511649363537,mixed,229.61076026764087,1875.7653621091492,439.23623700478043,1,65.92894360689458
154.70632368254726,3671.385051050665,mixed,275.86375676519555,7230.9898186637,1482.7123545354802,1,72.44843227704062
171.06968253528163,5839.399250572748,highway,562.1908744393234,6941.425583802068,2949.958576311645,0,68.04109493900415
58.12657723110815,5731.295174415567,urban,400.6235012989061,2277.7355302332694,1155.2252429825085,1,75.86579516152474
303.28949396667343,1479.058884989725,highway,527.0373742355961,18253.385852281157,3332.2983618137378,0,56.84662612650765
176.2453555768186,1933.3446719406193,urban,458.1911449913627,10510.848540352827,3339.5478273681256,1,86.7928722903667
307.54759194390147,360.96206983312766,urban,196.26861861576953,14355.362751351455,2788.5751721276692,0,66.5654346274133
18.13436206891623,2483.0712006774556,urban,435.4447609425472,696.3793398070459,351.853377752992,0,72.28956437563203
471.6525055306999,5032.843611830127,mixed,129.25034551546665,15718.346132509349,7931.655860521472,0,41.15404598945507
94.29010672327695,5507.147673068919,mixed,253.7652998547186,3308.520326827464,1115.6832435140768,0,72.87747243388552
321.5889088177954,1533.5044054724701,mixed,486.56373643622027,15106.054049330636,3636.4945076762456,1,75.99680379788197
347.8397010249747,1704.8976699097095,mixed,372.97855972040855,13915.14417801504,5406.452271976844,0,63.10443891278854
94.79788263257637,1441.971426576209,mixed,497.86631598227973,2973.545530384513,1414.2743725423265,1,76.49981606169565
66.94621117762463,2198.1058703112853,mixed,164.00159567478002,2998.717622020374,1271.0882147955115,0,61.27399099826531
85.94839420783603,4857.842481754687,urban,453.60306696996753,4662.799398762726,1467.8300435345373,0,79.32321130489902
129.7704889678992,3934.116198824092,mixed,133.35975144347435,7653.87528331047,1849.821338946682,0,65.69552746817234
93.2279348667026,4747.754369502645,urban,334.00294085283423,4570.194789908633,1780.1476100953378,0,78.58347436764107
328.4097335345779,3560.7319720615415,mixed,268.6177377558423,17572.217649946928,4896.3043601833915,1,78.80153551606256
210.68743973262127,1657.7385066460088,mixed,340.5383767959221,8813.53814211407,3817.879830556924,0,80.60576570675431
265.0730914496438,1483.7659542433832,mixed,94.28705305653942,12227.222861951552,4774.439042415343,1,67.02769663020236
37.01160679625859,202.65412930293627,mixed,226.31830717511187,1987.9997293247877,702.848034579222,0,62.806369401841394
415.4807678418363,4718.745500713324,urban,405.1387410567116,22290.08300389488,3467.1975571076496,0,71.00843813996518
94.31577224087938,5105.659173063599,mixed,341.740514537401,4130.757647807162,1395.6608272042718,0,76.09414498569767
182.470834126616,4644.4532078262355,urban,336.1473089634145,8698.236606098757,2436.881091070975,1,82.61218508252315
48.43426251991165,585.2520377116708,highway,313.83561559678384,2907.2810670999474,660.2452011227264,1,54.261283777657816
78.60880761147328,4608.996518943716,urban,567.1726723727439,3972.8830178257713,1041.478859066763,0,74.53418389242272
324.5967256386826,417.7396009290755,mixed,561.7232732947446,16516.674402142475,5832.462257514612,0,67.88550871570581
337.05295604889534,767.7194343823883,mixed,225.68480908700215,18706.49282151097,3869.5065375866384,1,71.59655516401631
329.78895035078875,2726.7809316561033,highway,220.8585817767598,11128.643746577392,4381.044546185626,1,54.63590544267744
271.74360634840025,2935.4600022103145,mixed,339.6155970952408,12770.24824170751,2719.754521851859,0,64.52327249598488
457.9225737655366,4924.294024219374,urban,70.92967622143657,28016.404338796332,4875.253311039094,1,59.68890971016091
250.83737975738805,4125.232318439326,mixed,192.2589199489968,10473.454609624807,3952.0058887445784,0,67.63428408595455
223.97659362284764,1046.9230449926151,urban,150.05752599368606,8866.135802178256,2007.2108661897937,0,75.1344974408972
130.10868805847173,1472.9586818884877,mixed,145.68295597681066,6445.4879805461305,1281.2807781545844,1,64.92053660137567
60.96503110897486,1821.1998513133176,highway,388.5257326487317,2267.068892685472,859.633275203299,1,55.03559761477426
269.89204243427315,873.4849291109214,urban,239.84494559132736,12973.229420735497,2171.865217262927,1,72.34284086364461
161.42393681216507,1832.7225852014994,mixed,115.13115923360917,5659.311816239484,1466.7927252686754,0,67.14324011290725
258.67180318358953,4412.299209907438,highway,534.2295293178394,12634.381243973066,4731.601792706677,0,61.40501231784169
110.84537139112307,1562.1986001276055,urban,526.3769824436096,5495.416832440207,2003.7334417577224,1,81.4896084931567
404.75029257667876,5036.853935303261,mixed,519.5408102663575,17646.30955686953,4795.158197686888,1,69.49344864512757
479.8592024914671,2896.6744214824657,highway,243.58579122080877,20364.868894936753,5686.279456675774,1,44.90305459827539
164.917632206102,2039.1742032796747,highway,48.33473530361465,6263.14190375668,3167.481121758932,0,49.83486935295955
406.68233737605334,2562.6459116109077,mixed,77.44408046824509,16574.32849457003,3181.481715798776,0,43.86422926393103
420.93855342246945,4300.555932471925,urban,176.48812666621004,19445.780095011338,6210.398573614317,0,60.05979068883261
478.174311772042,3173.237313989043,urban,143.68245240356296,18194.013401160108,7157.017700689083,0,52.84133736661569
174.36486034676042,192.5801842540896,mixed,526.2815877870687,9667.157521517956,3024.984183077566,0,83.9562926374788
366.5592480770592,5545.594502522689,urban,592.0195355277168,19443.638752228384,7110.106278539016,0,74.62179652150084
121.39618669352322,536.0766175608325,urban,492.7540924641044,4704.39852389148,1450.42280254417,1,75.34275657340086
305.5301406008466,5640.934890564156,mixed,441.96160810827524,10133.409038186575,3963.617588315963,1,59.48593993037799
342.7517948048695,314.69401817731983,mixed,359.34512185747883,10284.559376404948,5446.747949137428,1,75.19013518936637
359.6211220288198,4660.229109501073,highway,465.3963550202256,17762.89651581297,7045.2997418917685,1,59.31448026508042
111.33505839177467,3277.847042872236,urban,569.0144876325486,4104.84809098618,2074.7181719160944,0,76.05797097240958
409.65739028073057,3108.4981565340204,urban,366.7866318956424,12457.243019037076,6488.220333337106,1,73.33383407723318
210.75191508253198,575.7542398824265,highway,105.44874775160282,8782.089477269894,3837.5910309441747,1,58.39699302343137
115.61182574656809,1546.6583104768104,mixed,110.85711560220102,7082.952726699103,990.2216908124634,1,64.66168050575135
267.2769560929342,4698.651804831373,highway,356.5597398302229,14011.497621587114,3264.5439375229703,0,58.70342675701662
416.4610652672281,5363.87000504659,highway,210.07909577411257,24103.650485682938,3191.614423326067,0,39.52700268135019
464.6958780468229,3245.3442841599303,highway,547.4947145183071,16126.815367908885,4516.101805196263,1,47.62306266386422
362.9166371034616,2217.058868721183,mixed,372.8107652940438,11751.91755805899,5582.077824019594,1,66.27221084645223
17.61464211618353,500.66776717563334,urban,410.7481788526658,535.0397748675156,327.09545429506295,1,70.74914514034404
77.6358536166696,4140.744377488091,mixed,18.405115409028003,4740.369482285124,1196.3493961004451,1,60.91573431647812
50.467403694072566,1778.9126725147535,mixed,306.82640295663447,2006.4118214646285,797.4721021432754,0,67.0639302577437
62.064390492156406,471.8302327040588,urban,267.23136201251333,2788.795775436554,546.0282368179659,1,75.1151036814903
193.11125454919542,4045.2326152269393,mixed,427.9350362090068,8269.413573324442,3053.2349528749246,1,78.1266568514919
172.3993913953119,2991.4607921724864,urban,238.84361629501893,9264.7175026813,2272.1091549261687,1,76.67985252526745
67.86351628976418,219.97857575508502,mixed,586.29639365399,2719.5529602017064,1061.5891817702416,1,73.04246639750023
425.2394385006258,798.9056287721304,urban,407.0688612104951,20157.29285727485,4923.06666313553,0,61.714584913523936
301.1738229945475,4240.331286088774,mixed,401.0522248884148,18780.122487208206,4447.907973312624,1,72.8569858870246
385.35543866474876,522.477298434863,highway,552.8145696834199,17122.138060199202,4932.883413792583,0,46.01444167319148
187.77046581777535,5215.883929331493,urban,597.1948278305322,8997.270679184725,2719.4727451597123,1,87.07757797119093
205.75974757371907,1971.2587229066062,mixed,130.72510321833627,9533.293962829686,1921.5118838313876,1,67.66581314556993
162.6938628995785,668.698852053084,urban,489.16188878061587,9127.703294562596,2025.1824025800424,1,80.60331134916092
218.86837462579837,4594.580662283182,highway,109.95690476338609,8464.140983105217,2665.4848268301616,1,50.94510799212924
298.8254269950999,3217.899321550189,highway,282.3704200367128,10620.027230730242,4991.858290849842,0,49.42230959893389
244.23756364571227,1943.844189418891,highway,73.60846153449504,13312.907870807956,3988.428460189243,0,50.0770934205757
404.63140787762933,2525.6752987652176,highway,379.6720224032914,17604.53782275048,7631.645173640342,1,59.87842268323024
433.56471340356825,275.26251428823144,mixed,289.0831255919689,25882.120446476365,6677.197872069101,0,55.567337375517624
233.40299181593363,4026.7864446056597,urban,382.7888847705433,11888.422651059314,2668.225453130896,0,76.28991757526316
126.48281086212198,2289.7760804361506,urban,411.6070402800166,6114.324675312934,2186.92679324771,1,86.37769208407755
454.5144750485786,4327.119782909559,mixed,377.36786626827427,14676.206168306066,6232.516351002675,0,52.77014686029012
356.79296901867906,3824.801203822401,mixed,187.00703672531327,19173.478618383277,3538.909981456412,0,60.488551787358695
312.65909501505416,3959.836987571967,mixed,504.6211069875462,16350.917544766677,5266.005628750809,0,68.31570256347999
361.61738613514876,4788.42235937593,urban,337.7364266344476,18371.008512879485,3311.2011072739983,0,71.52979213446197
50.33152881456914,3842.2747585010684,urban,301.56293633182986,1948.1854813591845,489.5705851720939,0,71.39954421956246
46.44624235151772,2599.546686065071,mixed,592.4323254774015,2822.4929998371204,788.8638393582538,0,60.97518514369285
86.20110345015914,2431.076236147618,urban,180.85212542328895,3487.1614771252557,1476.3498064415717,1,68.29771978991874
83.56469985984758,849.5553245744065,mixed,323.89772836367626,2920.3778576373256,1452.752741229028,0,69.40351748486627
210.61177080497308,4709.743966964014,mixed,414.159878485675,13075.629084050473,2351.8098294757706,0,81.0925571383328
88.19289826269434,4602.484384264538,mixed,88.25717076594165,4784.729668525322,1616.7824802663745,0,61.49763812861337
412.3544245839674,1590.8454474503121,urban,222.2302386257232,17929.406938583204,6817.600726502366,1,72.23330451276368
283.815072881532,5196.689189284146,highway,483.9878988584358,17147.335862866265,5087.269560644442,0,59.370250210426974
186.2417818028669,3595.669058075175,urban,153.50356724090057,6138.773974128689,3046.4627144533147,0,72.80352638796735
47.374480274749196,2950.3180280082183,urban,303.5748634686099,1556.2038067174417,698.5346145880316,1,68.06357173889225
289.8279251209932,252.35336450915082,mixed,383.9189045000381,15123.122042219313,2570.0301842122367,0,64.18996726850744
69.18776157533874,2389.03593730625,urban,407.6299766849461,2475.8211958952393,1133.759275912615,0,74.62566303592834
360.5974164372119,3897.9239941786286,urban,441.06160859797814,21566.262033079554,5816.710270547277,1,84.52699527360863
388.282514985877,675.0248504770433,urban,521.5967304701225,22253.12059444348,4428.804401686692,0,72.45641880425082
267.9489599513261,2838.4687569921575,mixed,244.82277417467802,10706.419118025136,4474.143972480132,0,67.4603056949892
84.56532950049872,5961.600315465337,highway,428.37967668885585,4979.8227798150465,1216.1071048283663,0,53.8542342222495
380.8911665393165,4341.751027673045,mixed,443.3221689455971,11957.640083047312,5520.094933647029,1,62.054085338766214
158.13992200559028,3349.1946918843855,mixed,190.66036612428928,7563.947945507418,1912.7116054427104,1,68.23442153948402
118.53371138035881,3268.2423768935982,urban,581.3724008738101,7160.122494813615,1062.0398901496287,0,81.13415409412845
233.80883807356778,406.02573121043736,urban,521.1532165104063,13514.13840562507,2387.5636690359806,0,87.32079834657782
444.0305022430568,5750.289458836426,urban,184.56887728924497,18459.406113379788,7597.537581462546,0,57.9372686004329
153.2785808146535,5579.839312667502,highway,409.91517586188775,5509.336349975597,1669.666551538564,1,54.974033810808656
436.09400295226845,4142.067557451362,urban,434.91337115868697,16066.823447947789,3282.986815693086,0,55.01943517672364
39.948788564019964,729.2181506370673,highway,267.41792722109693,1866.4675660865937,797.4863911230091,0,49.02152333751342
53.838522833345266,1365.8282959842134,urban,520.2898222754653,2659.360332299895,545.5741744717567,1,72.62795560343154
339.8308766878898,1225.8707848721735,mixed,418.7841718027882,10557.344135185735,5332.724450747871,0,62.69979495071733
103.62558757340163,3189.5341378421303,highway,400.0204908143401,4501.539635024429,1977.8523737854996,0,61.37199876104226
162.22861768643082,1365.6526658366156,urban,144.19161778656016,9245.016532847749,2432.8467320058926,1,75.70624912282771
78.41343615596925,4220.4332850335595,mixed,253.58775213950577,3484.7472772548917,1371.2849727021437,1,69.05583663726453
169.49544514663498,3339.594832920926,urban,268.8446561424247,6016.783245795905,3339.8478133403314,1,77.27751639946432
145.41389715999546,253.3003356995346,urban,444.191741498727,8875.04049946523,2654.4642129296562,1,78.70568032181274
357.39700212987736,4502.734836658561,urban,376.76080897566817,13814.807654478915,5172.893125594676,0,71.44309325686534
341.4408755079054,1254.6481094255987,highway,65.22844551636622,19103.247761808605,4113.094653916677,0,34.24147352826868
459.04113703918995,4975.57795013196,urban,195.0033018540354,16662.41768137876,6211.196394359055,0,48.54885311368462
351.856083605464,2227.015807169427,urban,291.73279011000415,15394.799231921601,6341.441359742475,0,74.97553637536134
338.090255154944,2130.925127892573,highway,445.9887733263409,15531.437806849875,6142.062887205551,0,51.522893341946656
337.80480841413305,219.13141430253162,urban,449.98794109660935,15630.44708500135,6105.209313023727,0,68.20200200977601
425.5798668764019,5928.21455009965,mixed,301.9678355144075,19910.924607313802,6368.932524294119,0,62.67037586967272
152.7500807871308,3730.2253841554034,highway,83.40544362249639,5699.226961543816,2056.313793020675,0,50.79608100474014
154.54283077511897,2622.9714721880455,urban,186.34849097311084,7227.543892404711,1760.5095372764717,0,71.10503172882973
359.6644215127956,715.2352160988335,urban,163.99504361453552,16420.71816154416,2712.5929117809283,0,57.59894191911865
121.34788877480925,4240.016175283448,highway,471.90045003032105,4463.585948722664,2069.7175860412594,1,60.468701832833865
439.089301928806,1803.9732494528423,urban,120.29199369330733,27274.570173982913,4813.507032051685,0,52.66633597856322
263.673502165402,5931.442787496844,urban,286.9789151011874,15327.554326433466,3064.1428320251516,0,80.80424317127884
154.55809156316676,5710.70205102354,mixed,407.37050005591817,9095.16122214062,2788.771291495269,1,83.53515557546189
375.88646730584185,4451.485570996313,mixed,579.3998994757717,19651.742626181658,3064.654790587118,1,67.54499483359197
160.2290928920127,5830.770792155368,urban,599.5557394312974,5639.527862736039,3059.615249910264,0,79.41522677718928
462.92441743842033,767.9580953545126,urban,572.4594539799318,22434.702374448498,3479.813970181176,0,62.205911033880184
472.0899825221179,1787.5048591387895,urban,435.171771973318,26765.985669146838,9082.82900645637,1,66.26372880843151
325.0602525142812,1631.4732394283976,urban,451.6678873179236,10161.037591254666,4285.750768164469,0,62.67803345268892
67.8397587338566,571.2740519869196,mixed,459.1379071012752,3128.423748164261,595.3978686485183,0,72.60208187260076
137.39211521898102,5837.5255981330165,urban,519.6238527795797,5890.548668566364,2188.246567194695,1,77.58160883668161
254.66888743046576,500.84840688432905,mixed,571.7944957685417,9395.767612125725,4761.851146176708,0,67.69576346482181
410.92306429556146,5161.630088366828,mixed,275.73809454439163,17379.220573921037,5332.100785761864,0,61.70414109507518
100.97222107804332,4643.74433377451,urban,258.6588636546443,6256.60929550081,1629.8909472082887,0,78.73024855457443
63.54760844147854,2348.8224617080377,urban,284.37171049149896,3400.1407238697543,1254.5590466207211,0,74.59765637464965
49.632029682901546,260.02307138432406,urban,400.9930453021076,1972.1264709960612,521.5711029620456,1,72.70482451867593
250.73991649742183,185.66104414393666,urban,468.63555682249233,12455.264434359515,4452.042227720037,0,84.24043043827436
426.3859508615382,1343.3639680594508,mixed,524.2684686772776,16209.62808122575,4771.456576444135,0,56.592467092308496
34.69704782940994,3039.1779931976894,mixed,281.88329125532425,1729.7320455331644,445.13605994975484,1,69.03100100157184
113.72951330699358,2828.773372383135,urban,227.57298631537572,6724.304945914288,1253.5350384363996,0,73.87435811256836
337.3645123653683,3573.961572904826,mixed,590.2612796008025,16226.725647917741,4411.09054298655,0,59.559806761560985
399.0264973418277,4665.961961515458,highway,150.65425828922736,21481.01257763767,3018.0819648726642,0,42.40688651514352
390.44078112411387,2357.5244969322034,urban,144.87282862269922,17465.78949883989,4409.242115618754,0,61.37187525702107
380.0566466539539,1088.1276187295068,mixed,433.51336107349994,17875.594703420244,4965.886958843054,1,73.72971934312868
75.35690737820309,4830.28616344628,mixed,120.09951792754576,3963.0152420915224,1160.722617390503,0,64.81673107913626
199.7154757150571,2096.240485787583,urban,248.65426485148163,11264.584463308542,3089.002735876769,0,83.6513795020657
472.90626821676216,1828.2591020911018,mixed,186.0462910538374,24322.595610346765,6997.745489994407,1,60.5782618943507
474.832720788461,4621.225424811027,highway,113.69561720281494,29329.700071406376,5300.509167450095,0,36.0233861366007
295.1287372586974,5614.715712786395,urban,354.1287348722677,16717.341283935526,5708.543522384688,0,78.91332889989943
344.8092501953274,5502.523499762928,highway,233.50422209145788,19053.368397415707,4275.504639256995,0,48.32710992394562
457.34696527266874,954.0381912644947,urban,285.4069911163409,26281.809839238722,4670.049562191411,0,55.70887739301986
224.21645547716284,3093.4751977954024,urban,129.57985782292687,8775.687537738493,3235.759989185946,0,73.60398741750933
78.64308891596387,693.2911598098144,mixed,464.2020795629776,3463.5621566540945,1326.0489665842197,0,68.61800925152306
326.06122711497636,5771.709359602439,urban,199.10656881868627,15763.444648010125,2495.32037544268,0,64.12563345168093
461.44757177874345,1409.0831323795105,mixed,215.4901347307358,20777.856079107733,5054.835178194106,0,51.41653764912999
339.20083364782687,1304.9630123797822,urban,162.5100678285659,19518.422958181538,6041.920944145253,0,67.12803145957194
388.54432406603803,5349.981187087905,mixed,269.1260896896348,11998.142586398411,5376.58453070442,1,64.99155209799092
211.578193846336,5811.925747463495,mixed,286.1923269346231,7785.696917083234,2667.1766749771477,1,74.64643274618491
59.85536667735575,4231.148716877251,mixed,324.8551460527664,3510.844220509066,1145.4082179529048,0,74.11574010506004
93.530170246556,857.8794471404656,urban,581.0274449594347,2985.553600398633,806.1541878109327,1,79.11068491592921
471.93449568749685,2992.2553216629417,urban,544.2447077067366,17639.55221481871,7170.868870960544,1,73.38201984541648
244.3307074023437,4927.139800260382,urban,371.4946891274264,10119.11157719661,2877.5704443293516,1,81.43115883382185
20.589574432421195,3498.991524693234,mixed,37.758528641412035,1120.053664301409,172.64960362702405,0,57.450368844310745
459.24578553999584,925.6799001607577,urban,373.1722994128897,22138.34384150317,4671.359201072924,1,74.56869143255793
246.46765906653962,1155.5433345938827,mixed,67.456134957008,15040.603330911976,3783.0728062803078,1,71.96246828638434
403.8648052057045,5205.2288036336095,urban,430.5513795334672,15106.941859816172,3171.7367688301015,0,56.0741998759578
270.03303604715546,3233.1206075717782,mixed,243.1954232498444,15754.784006042559,4024.3320917901374,1,71.23537738765576
62.2915619087639,4279.145126535267,mixed,505.05244756758344,2441.49836001296,1212.2330549492858,1,66.92177311738641
301.2398556913552,2332.415778463429,mixed,566.3796084801014,11440.696125672985,5253.231706299974,0,65.90537562400523
478.7911284886183,3265.040660075223,mixed,259.00954975738125,22118.806618692168,5659.293658872419,0,54.64417660715238
31.153068930363528,5866.053371267997,mixed,284.4248478521415,1006.6848308741651,287.4679211503076,0,63.875932036046834
406.43430184449545,2078.762766263608,highway,360.2363348925174,17269.38451223059,5410.983995210303,0,46.50098084185665
124.49856997760571,4097.5128859234055,mixed,130.32264228695956,5174.094454992737,1545.2613670356416,0,62.81817634556931
198.1477935611663,1159.1575095920941,mixed,557.4897118845913,6975.4563320955285,3892.942726201088,0,77.0008867103951
188.30992297439633,862.1783287729498,highway,268.304957003303,10917.424547072353,3742.3491360491785,1,66.60822326021255
432.9406953351406,4734.294650865324,highway,112.58989651086428,18417.909106834748,5469.040297548078,1,50.38175030278378
249.58607780680475,5088.0330284249185,mixed,461.1981225500471,15452.474539739787,2336.0757196724003,0,75.2837251493074
222.93604337800878,4059.6234177940805,urban,143.20355287973135,13206.84453785256,4209.616451080313,0,78.69116284218413
395.381675609101,1075.4456496351793,mixed,98.96462591703516,14364.749145005524,6887.263499816694,0,46.235532286823386
37.741817451800706,1557.4395990088508,urban,344.28016416399413,1751.8419601791747,524.2688530811749,1,70.83415685096584
55.20218651927906,5480.377892356403,mixed,407.82472434558065,2735.744985139367,666.1210882621735,0,65.82021498330843
25.085318447474524,1838.9186854785744,mixed,348.19420328897604,1420.2358163221863,328.6696696387481,1,68.73435526389972
334.91205036351107,4940.334019753138,mixed,399.0587296342075,19687.265459103437,6287.476297797429,0,72.09832064257135
259.4115037418193,1822.7331401258493,mixed,82.5815472000305,13043.362342227629,2544.3192085688142,0,64.20137258760126
422.35028852875143,5645.856030542092,mixed,293.4705521622028,13152.77423297867,7426.942825549886,0,53.09383148614085
246.81779988226162,5499.549540096467,urban,223.85590679179663,11265.130814637207,1907.255648777769,0,75.0962843525158
118.14610133432728,403.0895657284095,urban,584.4206405004712,6941.805908065168,2245.6206598488097,1,81.36421211624084
389.3935284935535,4656.92182317434,mixed,44.03000149498844,20718.816629652836,5355.608001416178,0,51.721470627470666
151.86059221816964,1141.3512973712814,mixed,189.502108790055,8850.376558975104,1569.3801815406862,0,68.25454504559858
450.09574870077716,1409.3390115523318,mixed,565.9893835436574,23363.38700930071,3391.789362432899,1,69.57398876911692
131.4471078512918,2840.0944921391333,urban,590.3452671628328,4131.53216278115,1905.237871695986,0,77.79899390110607
92.99010358468337,3521.4611760342827,urban,497.5674405203731,5715.191882558262,981.6126819921003,0,78.34135081108712
244.39565605246986,2055.928355977378,mixed,59.45897274959945,14623.561345026965,3761.445689667234,1,68.24389126150007
38.489529856163145,3515.9926884921238,mixed,343.3926915809711,1313.0254725558993,423.94739208477995,0,70.08378697720829
31.931453744417205,1148.351472345649,urban,249.07195071222327,1074.8913777304722,274.62009328919106,1,67.159527608738
245.64676354378796,280.6752781290669,mixed,486.77475210180995,11673.146796805735,3393.154455248229,1,74.21305580529787
115.02469956957621,3491.6626719163146,urban,47.189177809229975,6280.826193210866,1674.307774620007,0,68.45292245655128
19.348976853759304,3176.879270779565,urban,130.32031971215073,820.795776150183,254.58175050828353,0,63.71083152298253
152.66646381565758,4184.475689844161,urban,301.1791137402382,5256.675850129179,2019.0818333845846,0,81.60917989140205
236.97581953866523,3951.4590625117735,mixed,107.22388282447876,11041.431708858152,3523.9789252923006,0,66.45457487532244
198.34424617909676,5400.29532436864,highway,420.2383584761645,8126.34216215103,2792.571721939213,1,57.23792873753764
77.99330176459674,2837.8914279450432,urban,495.148824366782,3231.464382091097,714.1920140182906,0,77.25307443292434
284.5487949418696,198.96142695371086,urban,427.1441377721714,14501.184209299217,2835.1220021597123,0,75.2334746836482
345.3048408836512,3839.318187341596,mixed,272.56597247938964,20297.800049675327,3201.8004691197,0,61.1718921477369
329.12571040593235,4099.524713178827,highway,528.856784757798,15848.795570132126,5320.710340786597,0,51.119895091574676
198.0992933967217,3200.745687966423,urban,95.5463870561659,10369.919876729431,2794.6818497367253,1,71.76974828872385
78.98221029456802,4182.433490911112,urban,167.2980715809202,4063.4986510339822,1016.7529242457263,1,71.72059932616412
247.26134967318603,2042.9653074314933,urban,301.3807158725974,11846.847911958666,4321.939840897646,1,80.78797942181559
429.05076604574344,1020.5285736678132,urban,50.883080344362405,17204.781144937693,4965.161349642897,1,57.8586377361634
232.95612475767328,4037.6389341449785,mixed,70.97618221643016,9848.991494092072,3401.4700192160917,0,65.9498046412987
105.99168812983824,1584.3406109108428,highway,247.50437245758766,4267.264946802696,893.5200021192667,0,54.94373755957449
58.26978593858463,2819.4480693125984,mixed,567.1734835897141,3485.6221527922557,979.2267272431034,0,69.65052444496636
453.925886715979,3025.9929740781445,highway,546.4220105670452,25812.54402357106,7349.017237259417,1,49.946545425843276
360.49937512776546,2941.6173702400724,mixed,287.5952920928705,17602.748145413236,6319.462250667917,0,63.50281599745752
160.52964230572428,3650.9274905277416,highway,98.1627485387771,9575.258107136406,2978.7799318980597,1,52.400609344662094
152.33886888540613,322.3041972162743,urban,119.19297873568482,8958.787241303688,2586.0061269274,1,77.0528925884547
431.27659632600785,5939.642595341015,urban,235.86444194633944,25941.31659233952,7787.1835405178535,1,67.98191315370842
97.56922918648777,4340.416272540642,mixed,137.89340412576712,3630.3217668124703,1153.3348787169086,0,62.49335373123436
263.7923396902932,2638.518523522762,urban,63.54072271837103,14065.10385537429,3110.5646230398756,0,66.55436399344651
346.7794879583751,1269.2806771979292,urban,409.1598278591983,17269.54784314425,6694.148094731964,0,76.3503597834605
199.32151366404568,619.0373362936343,mixed,355.1474531087265,10733.362998874367,3773.591114219491,0,83.10655460873859
33.55458928253618,4082.313960662813,urban,185.40860341717976,1293.8592358837325,481.7169571608825,1,68.87606102628999
120.90784837957753,2004.190347507566,mixed,470.6848037930979,6357.491221909369,1460.8067882461712,1,72.8058776009966
434.3407839107038,1492.4489807617279,urban,468.93009930791317,18815.393771319,7959.303173336233,1,72.19366724753004
258.2503195803928,2372.7331646071507,mixed,302.2361525744657,14748.154958465077,2980.8902506682466,0,74.81336879885981
394.18017961690595,3618.600063675104,urban,71.47154497445791,22014.721031682624,3713.350154261673,0,60.05979419960028
273.39377739763705,4079.475517601407,mixed,552.3045990592942,10079.788629399036,4235.8698059556245,1,71.29258208430622
453.77497450622104,3924.2449057240015,urban,406.1664062714682,16324.68924447578,3645.0711916089836,0,55.12226517800476
437.747345133933,5200.103663428045,mixed,159.5247292038913,23343.43790812088,5357.490750499416,1,60.89742871868143
239.5429395348369,1429.7309717601743,mixed,372.11591001502256,11471.815354802795,4214.949103603933,1,73.53635085909586
162.99742182790249,3874.965054703243,urban,251.9375750591637,7841.674278061456,1823.9741484564388,0,78.78577705659998
294.77598611570875,741.5191006886504,urban,386.6795392455354,16052.54159601843,5642.437879976873,1,79.38395138552478
328.8227719763052,3355.4179359101904,urban,292.2144740026472,19001.533808195818,6394.88224482492,1,91.7877363917253
246.73511791979368,3566.156654564577,mixed,299.0012078902441,9318.279088939942,4366.645024025596,0,73.32964037736461
397.3616978092189,1414.9881987649158,mixed,445.4910237658052,19095.230403444424,7885.858059376868,0,65.63810697788429
100.2477626299705,2441.4048104487356,urban,374.02956144742586,5708.210664714247,1416.9571530161013,0,76.20879741756377
170.50150124017503,4989.078404065244,mixed,61.77232437787201,9951.458322233975,2491.878486112937,0,68.14572340369726
334.1650061754006,1018.1929644548361,highway,53.24353871108764,13146.320386204796,5998.958658672062,1,48.21318396128464
129.70799740521412,2691.8612560526653,urban,193.43040393558428,4330.301537398453,1771.8197660270748,0,71.57247417735671
219.52780627788977,5606.488466586993,mixed,266.69390797516655,8246.947479000442,2762.537932951574,1,72.9656163724708
463.1360991821561,3099.0372270426656,mixed,176.00519711988235,28125.66906819234,7032.4529960511445,0,50.57610410086187
306.03232729925696,4392.032214224729,mixed,396.104016970902,13780.816457548,4811.055838189106,1,69.66753828030122
456.3116141081234,4987.166331399973,urban,129.13814005948882,19896.851087982897,7705.368161126217,1,68.37920454605184
350.93525251058776,1342.0800928461308,urban,426.9225413917593,10677.289750194372,5563.204149088394,1,67.96173339677907
351.9700478952354,1426.5708278676543,urban,467.29318400502416,11142.659749570677,5920.672059156198,0,67.72058032467433
290.2135857659456,4587.760018175543,mixed,87.72679494345559,15013.50848607679,4623.681654516105,0,56.58009812906011
81.12699658884796,4556.844418331945,mixed,395.721652367348,3988.9641019204855,1095.6659647280128,0,72.02784454308845
256.66714526212377,502.07242574177155,urban,577.4400459015667,12500.888533116151,2357.919521450592,0,84.69737042556324
132.48978323411401,2036.6147080655414,urban,127.80193309905785,4449.734749756424,2294.4634135600418,0,69.3555135856553
479.3827377733453,2481.4150776643623,urban,546.9421562029504,19866.573671422924,3779.807956532187,1,69.73515737228871
139.13730214706754,4999.886360306249,highway,369.5380503252997,7847.571957509144,2769.7020804578788,0,61.80994970379902
122.26891720957354,2617.894194263964,urban,360.70274738905147,4363.119209860082,2183.2009105468396,0,79.85737118628312
305.1056671326807,5566.684008858976,mixed,45.37476915770729,17905.83869784694,4847.025361426712,0,61.739780903050445
252.591198147128,5980.155496272744,mixed,452.755662856043,8574.977301019038,4946.38851910151,1,69.73108158332441
24.929104663349086,4717.248069311945,highway,294.78973579911406,884.917233918352,377.8224818452771,0,52.39642762440124
75.23292823149848,4048.362133968456,mixed,436.88701922355347,3425.1200244975425,617.3170975729416,0,66.49561503515294
392.13496794979335,2442.5984210246684,urban,488.3709455162645,23811.316339844572,5682.92864560932,1,80.27799184195129
239.91675914361568,542.1807594043953,highway,321.42087842278295,9767.083129336956,2630.6998166253534,0,56.43420632855374
82.89707489270168,3502.8617249173635,mixed,169.23192326781378,4260.253501781476,1004.5856405514644,1,65.18902598896237
231.33779171861613,2265.973697432347,mixed,97.81990746479582,11366.04577484244,3064.0261261521428,1,64.43653745365657
132.71432363331772,2202.7537436192097,urban,108.89432984046235,4626.784386610202,2280.365104035514,0,68.09000081053938
118.97002941723984,4173.099128350198,urban,522.1567725582922,4528.644648192783,1640.1940134855736,0,77.42892471957846
460.34225354697355,2862.290247790319,mixed,87.29318594377737,27726.397870218447,6184.009336511672,1,57.56140886702431
183.34140498884958,4549.748991912983,highway,240.04603273224254,6601.567143399372,2067.1104874298276,0,58.227565940724695
36.590463672637696,2479.313352709468,mixed,210.550668079083,1924.2127691834041,521.3556732119928,0,63.005030408111196
466.2019027763458,1032.5508050963915,highway,521.2915650422976,28602.685193338766,4944.0178829474235,0,38.69220496086601
384.6004022690534,2848.8830282129425,mixed,294.4506979061606,13031.778779994753,4139.232096964644,0,55.80642251033953
133.3021875523337,5713.423208803375,urban,597.9211541486605,5728.450183582566,2261.5695475170696,0,79.05145020053229
205.13470313800698,4838.919080331866,mixed,446.17702658733964,7646.969348273052,2416.864416232659,1,79.22629087888723
415.9646521867347,1353.6331421791954,mixed,512.7902916115071,15474.196750169282,3386.99047985838,1,69.03962580775662
181.19728648532254,2439.107934622915,mixed,72.72327562560481,6136.615736604189,2137.397044025056,0,59.44873781172427
278.84287953306847,5577.583757040145,highway,163.0648193299641,14251.774868811617,4317.088011889478,0,53.09562175264045
263.7084443940449,873.639493550414,urban,94.23602440951952,14307.808626241065,4660.99924322847,0,73.46008315618107
201.60196511239184,1635.6089149098755,urban,286.2188538543274,10482.455876066046,3936.118804372849,1,82.2873847014201
312.368384343378,1684.0024783505937,highway,435.19818057471724,18758.138451824234,5256.458725327495,0,60.32962588751218
235.08019284537713,3489.9573226226034,urban,113.9021873987551,8165.407364886376,3023.282934387333,0,70.49496777019722
24.87217862839737,2552.7899203112383,mixed,91.1485985732972,1004.7110248116168,279.53819150776997,1,54.70849001502909
393.688145056291,617.2434428783542,highway,374.54611803655763,16219.406836068041,3590.5834675977158,0,42.27304717620306
67.61743898047948,3830.711509275951,urban,149.73296095160302,2538.539088012589,1037.662657104032,0,67.33704994918077
230.80181786448398,729.6055074428788,highway,295.40516697593847,7990.742223608741,3202.0385814227093,0,59.36864227952538
284.6538677812862,3697.5273520776072,urban,44.90387072071486,13042.231907201314,4546.283481572993,1,60.14839757059058
343.0603151998802,3115.999024322251,mixed,413.15849505946693,19595.36091492611,3589.8395564718353,1,82.44897519913785
206.0203889088965,3037.9616652430786,urban,331.67008326060136,12571.887645944971,2378.6191340930645,1,80.76889374224746
357.03004646919715,544.8530350004944,mixed,393.7423958908002,12211.702381843994,3981.3105510806718,0,61.73697193850142
76.07778939413517,3889.4396142686846,mixed,176.11273233495143,4317.61310448033,1329.128281190873,0,67.23252868292276
318.85217994591227,2673.223512747585,mixed,177.9827405864957,18110.44877786847,3073.8538463557556,1,61.061593254701236
399.24760132735184,2554.9708153712663,mixed,483.7959118580935,17024.631954777702,6030.9949249127085,1,75.09461463442265
428.5914473694381,3639.24066904844,highway,435.35895309612334,14390.370486728643,3489.564861944233,0,33.59598745853928
284.4984206185585,3696.551150687302,mixed,354.14126095118957,17688.763334023857,4087.9847475189918,0,76.26719014969251
160.49626710489235,237.9447802076329,highway,382.4639333325171,8234.545622692192,1331.9464348391684,1,62.19530509046341
90.96077794683629,882.5715220387589,mixed,70.01584500814668,5632.4150852081,882.179228610181,0,62.02670986886632
175.68482008801186,1533.6315919416156,mixed,515.8602131039834,8032.099901013455,1565.8465238685048,0,73.99838303851232
266.0880835168145,4116.167400073978,urban,465.39561431182267,11400.217314608239,3148.904187895237,0,74.07485925290483
106.29355415607564,3523.9355931232035,highway,360.4375472867169,4042.718864923744,1253.9070819613319,1,56.73618573471454
457.9194311472882,4582.130424450809,urban,552.3781516940307,28375.476709593535,8164.813820107589,1,71.05383276703034
432.16797442590286,4482.555662431563,urban,113.65317600414888,16522.153870221828,4460.445917150116,0,51.55723980496952
30.32509561242553,5141.119784855981,urban,416.6945708299876,933.1726236383979,260.18429464246356,1,71.15762209532026
276.3122361771308,2354.3669384436216,urban,578.3443399265141,12891.409118499241,4156.812927317443,0,79.72166402132822
382.0285874646751,2168.6236171723212,highway,196.3552442734037,16142.28980999102,6148.0371524824795,0,46.77599333057524
129.10726136931325,5011.44010786276,urban,23.946003729493075,4969.97516467664,1444.1028309139479,0,63.30450107073693
258.6117480626259,1539.9689731230294,highway,444.8974681769428,13092.158657861397,3888.2732653327307,0,62.5871799394706
203.78622532036124,2847.8583859906007,mixed,19.083489806834333,8526.1568556737,3505.267172767062,1,64.61927465173409
106.39401286140553,1286.8050643301608,highway,525.4321847715677,4582.725686857823,1260.1744948365813,0,54.202186627809255
300.85288350225755,5495.9683415144,mixed,47.93623248058836,9250.919937533885,4232.074346302684,0,49.14573251256145
477.0668615641764,2535.6476266152586,urban,396.8673669750481,23445.35796843912,4452.424907628006,1,71.33668729629879
184.85857603017436,1393.0483546503458,mixed,235.652724487543,6279.14827534722,1441.0807448950868,0,65.68603805538669
271.8562388429771,4198.2783348281355,mixed,133.9542824242887,10044.723170823354,5373.809373235099,0,64.14280046668519
167.45242695399776,1581.1713675313001,urban,540.48116391449,8926.274191510238,1883.276431596247,0,83.22952329453686
422.78110681316105,5669.496078545807,urban,451.55382337721437,16987.509164904022,4644.78977230661,1,76.14751608057959
417.0402556970173,2300.559536635057,urban,214.15773119380717,14723.327401252569,8201.331907657406,0,61.62486162578196
98.12962539580617,4038.148165795747,urban,181.22955932147664,4785.417257360545,1629.2382265628285,0,72.11890949827354
433.4762265206982,2169.6828472708685,mixed,445.56719208426654,16031.856455282083,6422.480697092426,0,55.61162429322247
85.45155064107121,4872.386660511821,urban,504.3938961247033,3316.1005478455136,1387.864986186857,1,80.2133438059478
59.37958122578043,5396.9980349832385,mixed,433.7725216130485,2980.470647605462,972.2861370862169,1,76.25292620213813
318.6145963012123,4759.322402576499,highway,389.39369664590873,17219.687679645056,5429.733889031332,0,54.81123033301402
194.44540922950117,5113.719259555992,urban,148.33596423535957,10507.623757683621,1621.6485392120335,1,80.09880538915043
261.7943759597699,746.0028434351705,mixed,513.8903302167363,11956.911203614714,3314.419618681361,1,70.0823603371008
318.4454136009205,5555.778360643439,urban,453.5522603231493,14255.097359058274,3563.12680361323,1,68.29863668597294
39.56931557373797,3802.15926392039,urban,317.60545951335246,2199.993344999041,331.67477050808475,1,71.87926688411306
151.22322455731194,5234.922563172268,mixed,314.2788409260667,5485.415078168456,1914.1060685827038,0,75.93347343892044
229.3214349725232,4153.955070484681,urban,347.9662212672976,8013.99976856628,3486.183110630973,1,75.29762127696534
138.96314555975832,1330.8088609807057,urban,499.5416905945177,7170.858176231888,1352.2810802527415,1,84.87765978879425
37.77169369276724,3715.8973446272075,urban,449.2218360699711,1635.8533517345074,427.3049119236816,0,75.81361677211909
55.30460655243982,682.0355023803747,highway,515.9033214583417,2935.2892258000284,856.6481844673959,0,56.53487050860755
387.8127589704861,4219.979726776228,mixed,311.7604214203526,14868.550089060507,5716.964364614833,0,58.69223796222266
438.79484303401057,2542.6566753213506,highway,380.41969952568047,17796.788737933126,8056.1935845466405,1,57.87404292824403
85.78848563015872,1037.6390626362224,highway,514.9245070341481,5073.704641620587,1491.8949756010463,1,49.12663095675676
130.90681014054084,5878.494422830222,urban,150.9072352033785,5721.129908503714,2561.864359694245,0,73.80765897248396
318.29597319994735,5421.343881632484,urban,274.75209794989104,15662.067763215819,4763.272621887547,1,72.4351043866163
458.73637588298794,5377.230723409035,urban,378.0815586329414,15352.608877274695,7445.677673374966,1,64.84145487828977
154.30921474697107,4764.598792160679,mixed,550.3605605544893,5526.113589293885,2817.1196741335875,1,76.23063886430948
412.67433619974054,4198.0895820895785,mixed,24.26406646198311,12861.553287754248,7428.099078761362,0,44.69439519497613
250.30145966942504,3982.214959709634,urban,139.3552975313381,10961.21438289668,4125.974398710343,0,65.45693043949628
459.7997671725629,770.6489505675534,urban,152.15354704035488,28571.911619297698,6323.719361254005,1,62.06988929214818
78.36027802910895,5418.312476612957,urban,206.06841795314963,4576.308995001412,855.3091817336623,0,78.01453016529243
467.7576651667137,5304.601118381971,highway,179.84517294609716,23654.289835263928,8637.237400103902,0,34.310460677742164
220.05506194072123,4524.937865170393,highway,360.2311895539096,12760.032719147372,3786.7499826570142,0,69.17310627133061
458.1163515482117,5574.7925105894665,urban,533.087854589026,22589.948222798794,8234.108583712852,1,76.5923162236952
228.29095092895645,3385.538190678253,urban,387.6320370273478,9584.792974714515,2113.943723472981,0,80.12792331259864
261.48819236606886,2768.7076580976986,urban,156.29303698830012,9319.506649238005,2990.159573386427,0,69.57010074423977
389.22037954645424,5812.49230267273,highway,520.2954172909995,19937.457458126715,4986.326793034805,0,43.28258332792357
351.0222528438182,2865.167448616288,highway,384.7467866512953,12733.039638788803,6311.169371241151,0,46.17145913206443
303.11554399403775,3901.7479802428725,urban,143.09284311792243,13205.660176961539,5656.464449016898,1,56.98659760662167
208.89571096914355,2332.413559121868,urban,226.57492424240436,11873.331374515501,2310.6286584471654,0,76.50998928352783
383.4838408408167,3872.5084222154082,urban,477.1294119427728,13115.12907732993,6166.559975409112,0,61.85805127774013
